observation_id,route_id,source_id,airline_name,flight_number,scrape_timestamp,departure_date,departure_time,lead_time_days,advance_booking_window,cabin_class,fare_family,stops,seat_availability_hint,raw_price_displayed,base_fare,fuel_surcharge,taxes_fees,gst_amount,convenience_fee,currency,scrape_status,data_provenance,raw_payload_snapshot,created_at
1,1,2,Air India ,AI203,2026-09-19T08:35:00+00:00,2026-09-20,20:45:00,1,T+1,economy,refundable,0,3 seats left,10317.06,7361.47,792.22,1772.62,390.75,,INR,observed,synthetic,"{""fare_text"":""\u20b910,317.06"",""source"":2,""route"":1,""scraped"":""2026-09-19T08:35:00+00:00"",""currency_seen"":""INR"",""availability"":""3 seats left""}",2026-09-19T08:35:00+00:00
2,1,3,Akasa Air,QP202,2026-09-19T02:35:00+00:00,2026-09-20,14:05:00,1,T+1,economy,refundable,1,3 seats left,11069.38,8296.02,291.2,2016.61,465.55,,INR,observed,synthetic,"{""fare_text"":""\u20b911,069.38"",""source"":3,""route"":1,""scraped"":""2026-09-19T02:35:00+00:00"",""currency_seen"":""INR"",""availability"":""3 seats left""}",2026-09-19T02:35:00+00:00
3,1,4,IndiGo,6E101,2026-09-19T02:35:00+00:00,2026-09-20,11:20:00,1,T+1,economy,,0,5 seats left,10163.8,7442.64,,1710.7,416.84,189.15,INR,observed,synthetic,"{""fare_text"":""\u20b910,163.80"",""source"":4,""route"":1,""scraped"":""2026-09-19T02:35:00+00:00"",""currency_seen"":""INR"",""availability"":""5 seats left""}",2026-09-19T02:35:00+00:00
4,1,5,Air India,AI203,2026-09-19T03:45:00+00:00,2026-09-20,20:45:00,1,T+1,economy,,0,,10493.73,7954.3,408.98,1492.54,415.39,222.52,INR,observed,synthetic,"{""fare_text"":""\u20b910,493.73"",""source"":5,""route"":1,""scraped"":""2026-09-19T03:45:00+00:00"",""currency_seen"":""INR"",""availability"":""""}",2026-09-19T03:45:00+00:00
5,1,6,IndiGo,6E315,2026-09-19T02:30:00+00:00,2026-09-20,14:05:00,1,T+1,economy,,0,,12390.04,9084.06,605.86,,431.23,169.83,INR,observed,synthetic,"{""fare_text"":""\u20b912,390.04"",""source"":6,""route"":1,""scraped"":""2026-09-19T02:30:00+00:00"",""currency_seen"":""INR"",""availability"":"""",""debug"":""unexpected_field""}",2026-09-19T02:30:00+00:00
6,1,1,IndiGo,6E203,2026-09-13T15:15:00+00:00,2026-09-20,14:05:00,7,T+7,economy,flexi,0,Available,7157.96,5031.32,815.76,,168.67,,INR ,observed,synthetic,"{""fare_text"":""\u20b97,157.96"",""source"":1,""route"":1,""scraped"":""2026-09-13T15:15:00+00:00"",""currency_seen"":""INR "",""availability"":""Available"",""price_raw"":""N/A""}",2026-09-13T15:15:00+00:00
7,1,2,Air India,AI203,2026-09-13T15:15:00+00:00,2026-09-20,11:20:00,7,T+7,economy,flexi,3,2 seats left,10399.31,8269.07,295.56,1551.74,,,INR ,sold_out,synthetic,"{""fare_text"":""\u20b910,399.31"",""source"":2,""route"":1,""scraped"":""2026-09-13T15:15:00+00:00"",""currency_seen"":""INR "",""availability"":""2 seats left""}",2026-09-13T15:15:00+00:00
8,1,3,Akasa Air,QP110,2026-09-13T04:30:00+00:00,2026-09-20,11:20:00,7,T+7,economy,saver,0,3 seats left,12301.7,9489.18,369.0,1981.94,461.58,,INR,observed,synthetic,"{""fare_text"":""\u20b912,301.70"",""source"":3,""route"":1,""scraped"":""2026-09-13T04:30:00+00:00"",""currency_seen"":""INR"",""availability"":""3 seats left""}",2026-09-13T04:30:00+00:00
9,1,4,IndiGo,6E203,2026-09-13T03:15:00+00:00,2026-09-20,25:71:00,7,T+7,economy,flexi,0,Available,12900.2,9392.82,817.31,2054.39,508.53,127.15,INR,observed,synthetic,"{""fare_text"":""\u20b912,900.20"",""source"":4,""route"":1,""scraped"":""2026-09-13T03:15:00+00:00"",""currency_seen"":""INR"",""availability"":""Available""}",2026-09-13T03:15:00+00:00
10,1,6,IndiGo,6E101,2026-09-13T05:50:00+00:00,2026-09-20,17:30:00,7,T+7,economy,refundable,0,5 seats left,12373.34,8973.08,832.35,1885.41,411.97,270.53,INR,observed,synthetic,"{""fare_text"":""\u20b912,373.34"",""source"":6,""route"":1,""scraped"":""2026-09-13T05:50:00+00:00"",""currency_seen"":""INR"",""availability"":""5 seats left""}",2026-09-13T05:50:00+00:00
11,1,2,Air India,AI315,2026-09-05T08:50:00+00:00,2026-09-20,11:20:00,15,T+15,economy,flexi,0,,7699.19,5781.32,397.63,1257.64,262.6,,INR,observed,synthetic,"{""fare_text"":""\u20b97,699.19"",""source"":2,""route"":1,""scraped"":""2026-09-05T08:50:00+00:00"",""currency_seen"":""INR"",""availability"":null}",2026-09-05T08:50:00+00:00
12,1,3,Akasa Air,QP110,2026-09-05T11:00:00+00:00,2026-09-20,14:05:00,15,T+15,economy,flexi,1,,48845.15,7626.79,835.46,1679.23,385.38,,INR,observed,synthetic,"{""fare_text"":""\u20b948,845.15"",""source"":3,""route"":1,""scraped"":""2026-09-05T11:00:00+00:00"",""currency_seen"":""INR"",""availability"":""""}",2026-09-05T11:00:00+00:00
13,1,5,Air India,AI203,2026-09-05T07:15:00+00:00,2026-09-20,06:15:00,15,T+15,Economy,,0,2 seats left,10356.67,7624.34,854.91,1516.31,272.38,,INR,observed,synthetic,"{""fare_text"":""\u20b910,356.67"",""source"":5,""route"":1,""scraped"":""2026-09-05T07:15:00+00:00"",""currency_seen"":""INR"",""availability"":""2 seats left""}",2026-09-05T07:15:00+00:00
14,1,6,IndiGo,6E203,2026-09-05T04:45:00+00:00,2026-09-20,11:20:00,15,T+15,economy,saver,0,9 seats left,10881.08,8323.42,542.22,1555.54,287.31,172.59,INR,observed,synthetic,"{""fare_text"":""\u20b910,881.08"",""source"":6,""route"":1,""scraped"":""2026-09-05T04:45:00+00:00"",""currency_seen"":""INR"",""availability"":""9 seats left""}",2026-09-05T04:45:00+00:00
15,1,1,IndiGo,6E315,2026-08-21T07:15:00+00:00,2026-09-20,14:05:00,30,T+30,economy,,0,Available,6346.67,4799.97,,935.54,,,INR,observed,synthetic,"{""fare_text"":""\u20b96,346.67"",""source"":1,""route"":1,""scraped"":""2026-08-21T07:15:00+00:00"",""currency_seen"":""INR"",""availability"":""Available""}",2026-08-21T07:15:00+00:00
16,1,2,Air India,AI315,2026-08-21T12:35:00+00:00,2026-09-20,14:05:00,30,T+30,economy,refundable,0,,6278.91,4194.19,,,156.57,,INR,observed,synthetic,"{""fare_text"":""\u20b96,278.91"",""source"":2,""route"":1,""scraped"":""2026-08-21T12:35:00+00:00"",""currency_seen"":""INR"",""availability"":""""}",2026-08-21T12:35:00+00:00
17,1,5,Air India,AI203,2026-08-21T06:50:00+00:00,2026-09-20,06:15:00,30,T+30,economy,,0,2 seats left,6708.04,5000.58,264.31,1136.43,206.5,,INR,observed,synthetic,"{""fare_text"":""\u20b96,708.04"",""source"":5,""route"":1,""scraped"":""2026-08-21T06:50:00+00:00"",""currency_seen"":""INR"",""availability"":""2 seats left""}",2026-08-21T06:50:00+00:00
18,1,6,IndiGo,6E315,2026-08-21T06:35:00+00:00,2026-09-20,25:71:00,30,T+30,economy,refundable,0,5 seats left,9068.27,6967.58,332.9,1182.99,283.88,300.92,INR,observed,synthetic,"{""fare_text"":""\u20b99,068.27"",""source"":6,""route"":1,""scraped"":""2026-08-21T06:35:00+00:00"",""currency_seen"":""INR"",""availability"":""5 seats left""}",2026-08-21T06:35:00+00:00
19,1,1,IndiGo,6E315,2026-08-06T10:35:00+00:00,2026-09-20,06:15:00,45,T+45,economy,flexi,0,Available,10238.81,7711.98,,,,,INR,sold_out,synthetic,"{""fare_text"":""\u20b910,238.81"",""source"":1,""route"":1,""scraped"":""2026-08-06T10:35:00+00:00"",""currency_seen"":""INR"",""availability"":""Available""}",2026-08-06T10:35:00+00:00
20,1,2,Air India,AI203,2026-08-06T03:00:00+00:00,2026-09-20,11:20:00,45,T+45,economy,refundable,0,,6912.81,5002.55,658.3,1093.23,158.73,,INR ,observed,synthetic,"{""fare_text"":""\u20b96,912.81"",""source"":2,""route"":1,""scraped"":""2026-08-06T03:00:00+00:00"",""currency_seen"":""INR "",""availability"":""""}",2026-08-06T03:00:00+00:00
21,1,3,Akasa Air,QP318,2026-08-06T14:50:00+00:00,2026-09-20,17:30:00,45,T+45,Economy,flexi,1,Available,8340.18,6179.45,403.15,1491.43,266.15,,INR ,observed,synthetic,"{""fare_text"":""\u20b98,340.18"",""source"":3,""route"":1,""scraped"":""2026-08-06T14:50:00+00:00"",""currency_seen"":""INR "",""availability"":""Available""}",2026-08-06T14:50:00+00:00
22,1,4,IndiGo,6E315,2026-08-06T05:00:00+00:00,2026-09-20,20:45:00,45,T+45,economy,Saver,1,5 seats left,8689.99,6653.97,327.34,1333.63,,125.13,INR ,observed,synthetic,"{""fare_text"":""\u20b98,689.99"",""source"":4,""route"":1,""scraped"":""2026-08-06T05:00:00+00:00"",""currency_seen"":""INR "",""availability"":""5 seats left""}",2026-08-06T05:00:00+00:00
23,1,5,Air India,AI203,2026-08-06T06:40:00+00:00,2026-09-20,17:30:00,45,T+45,economy,flexi,0,9 seats left,,5468.31,782.13,1022.45,179.66,196.39,INR ,observed,synthetic,"{""fare_text"":null,""source"":5,""route"":1,""scraped"":""2026-08-06T06:40:00+00:00"",""currency_seen"":""INR "",""availability"":""9 seats left""}",2026-08-06T06:40:00+00:00
24,1,6,IndiGo,6E203,2026-08-06T06:45:00+00:00,2026-09-20,08:40:00,45,T+45,economy,,0,Available,11762.12,8769.36,757.59,1423.26,484.68,327.23,INR,parse_error,synthetic,"{""fare_text"":""\u20b911,762.12"",""source"":6,""route"":1,""scraped"":""2026-08-06T06:45:00+00:00"",""currency_seen"":""INR"",""availability"":""Available""}",2026-08-06T06:45:00+00:00
25,1,2,Air India,AI203,2026-09-22T03:45:00+00:00,2026-09-23,08:40:00,1,T+1,economy,flexi,0,,12216.44,8985.73,711.62,2064.51,,,INR,observed,synthetic,"{""fare_text"":""\u20b912,216.44"",""source"":2,""route"":1,""scraped"":""2026-09-22T03:45:00+00:00"",""currency_seen"":""INR"",""availability"":null,""debug"":""unexpected_field""}",2026-09-22T03:45:00+00:00
26,1,3,Akasa Air,QP318,2026-09-22T14:40:00+00:00,2026-09-23,17:30:00,1,T+1,economy,saver,0,3 seats left,9984.88,7896.48,340.06,1369.85,378.49,,₹,observed,synthetic,"{""fare_text"":""\u20b99,984.88"",""source"":3,""route"":1,""scraped"":""2026-09-22T14:40:00+00:00"",""currency_seen"":""\u20b9"",""availability"":""3 seats left""}",2026-09-22T14:40:00+00:00
27,1,1,IndiGo,6E203,2026-09-16T02:45:00+00:00,2026-09-23,06:15:00,7,T+7,economy,saver,0,3 seats left,4726.67,11354.57,419.35,2270.76,565.51,,₹,observed,synthetic,"{""fare_text"":""\u20b94,726.67"",""source"":1,""route"":1,""scraped"":""2026-09-16T02:45:00+00:00"",""currency_seen"":""\u20b9"",""availability"":""3 seats left""}",2026-09-16T02:45:00+00:00
28,1,2,Air India,AI315,2026-09-16T05:00:00+00:00,2026-09-23,08:40:00,7,T+7,economy,flexi,0,,12221.01,9446.68,876.0,1577.32,321.01,,INR,observed,synthetic,"{""fare_text"":""\u20b912,221.01"",""source"":2,""route"":1,""scraped"":""2026-09-16T05:00:00+00:00"",""currency_seen"":""INR"",""availability"":""""}",2026-09-16T05:00:00+00:00
29,1,3,Akasa Air,QP202,2026-09-16T03:40:00+00:00,2026-09-23,06:15:00,7,T+7,economy,,0,3 seats left,11903.57,9084.65,433.54,1939.04,,,INR,observed,synthetic,"{""fare_text"":""\u20b911,903.57"",""source"":3,""route"":1,""scraped"":""2026-09-16T03:40:00+00:00"",""currency_seen"":""INR"",""availability"":""3 seats left"",""debug"":""unexpected_field""}",2026-09-16T03:40:00+00:00
30,1,4,IndiGo,6E101,2026-09-16T04:35:00+00:00,2026-09-23,20:45:00,5,T+7,economy,refundable,0,2 seats left,8992.93,6683.34,530.1,1305.63,,242.71,INR,observed,synthetic,"{""fare_text"":""\u20b98,992.93"",""source"":4,""route"":1,""scraped"":""2026-09-16T04:35:00+00:00"",""currency_seen"":""INR"",""availability"":""2 seats left""}",2026-09-16T04:35:00+00:00
31,1,6,IndiGo,6E203,2026-09-16T06:40:00+00:00,2026-09-23,17:30:00,7,T+7,Economy,,0,,12595.57,9263.45,,1735.0,453.54,,INR,sold_out,synthetic,"{""fare_text"":""\u20b912,595.57"",""source"":6,""route"":1,""scraped"":""2026-09-16T06:40:00+00:00"",""currency_seen"":""INR"",""availability"":""""}",2026-09-16T06:40:00+00:00
32,1,1,IndiGo,6E101,2026-09-08T03:35:00+00:00,2026-09-23,20:45:00,15,T+15,economy,,0,,7830.24,5803.08,491.64,1351.34,184.18,,INR,observed,synthetic,"{""fare_text"":""\u20b97,830.24"",""source"":1,""route"":1,""scraped"":""2026-09-08T03:35:00+00:00"",""currency_seen"":""INR"",""availability"":"""",""debug"":""unexpected_field""}",2026-09-08T03:35:00+00:00
33,1,2,Air India,AI203,2026-09-08T07:00:00+00:00,2026-09-23,14:05:00,15,T+15,economy,refundable,0,5 seats left,9309.32,6784.93,871.23,,210.42,,INR,observed,synthetic,"{""fare_text"":""\u20b99,309.32"",""source"":2,""route"":1,""scraped"":""2026-09-08T07:00:00+00:00"",""currency_seen"":""INR"",""availability"":""5 seats left""}",2026-09-08T07:00:00+00:00
34,1,3,Akasa Air,,2026-09-08T09:15:00+00:00,2026-09-23,08:40:00,15,T+90,economy,flexi,0,,11339.35,8661.91,440.97,1837.25,399.22,,INR,observed,synthetic,"{""fare_text"":""\u20b911,339.35"",""source"":3,""route"":1,""scraped"":""2026-09-08T09:15:00+00:00"",""currency_seen"":""INR"",""availability"":"""",""debug"":""unexpected_field""}",2026-09-08T09:15:00+00:00
35,1,4,IndiGo,6E315,2026-09-08T04:40:00+00:00,2026-09-23,08:40:00,15,T+15,economy,,0,5 seats left,13445.26,10269.7,646.69,1699.67,542.62,286.58,₹,observed,synthetic,"{""fare_text"":""\u20b913,445.26"",""source"":4,""route"":1,""scraped"":""2026-09-08T04:40:00+00:00"",""currency_seen"":""\u20b9"",""availability"":""5 seats left""}",2026-09-08T04:40:00+00:00
36,1,5,Air India ,AI203,2026-09-08T06:35:00+00:00,2026-09-23,08:40:00,15,T+15,economy,,0,,,5442.72,,876.07,173.89,210.77,₹,observed,synthetic,"{""fare_text"":null,""source"":5,""route"":1,""scraped"":""2026-09-08T06:35:00+00:00"",""currency_seen"":""\u20b9"",""availability"":""""}",2026-09-08T06:35:00+00:00
37,1,6,IndiGo,6E203,2026-09-08T12:35:00+00:00,2026-09-23,06:15:00,15,T+15,economy,flexi,0,2 seats left,7295.5,5041.32,659.86,1232.06,212.39,,INR,observed,synthetic,"{""fare_text"":""\u20b97,295.50"",""source"":6,""route"":1,""scraped"":""2026-09-08T12:35:00+00:00"",""currency_seen"":""INR"",""availability"":""2 seats left"",""debug"":""unexpected_field""}",2026-09-08T12:35:00+00:00
38,1,1,IndiGo,6E315,2026-08-24T03:45:00+00:00,2026-09-23,17:30:00,30,T+30,economy,,0,,5448.0,3997.23,687.87,642.26,120.64,,INR,observed,synthetic,"{""fare_text"":""\u20b95,448.00"",""source"":1,""route"":1,""scraped"":""2026-08-24T03:45:00+00:00"",""currency_seen"":""INR"",""availability"":null,""debug"":""unexpected_field"",""price_raw"":""N/A""}",2026-08-24T03:45:00+00:00
39,1,2,Air India,,2026-08-24T14:50:00+00:00,2026-09-23,14:05:00,30,T+30,economy,,0,2 seats left,7435.53,5153.16,837.43,1161.23,283.71,,INR,observed,synthetic,"{""fare_text"":""\u20b97,435.53"",""source"":2,""route"":1,""scraped"":""2026-08-24T14:50:00+00:00"",""currency_seen"":""INR"",""availability"":""2 seats left""}",2026-08-24T14:50:00+00:00
40,1,3,Akasa Air,QP202,2026-08-24T05:30:00+00:00,2026-09-23,17:30:00,30,T+30,economy,Saver,0,9 seats left,8371.11,5385.11,543.24,1231.28,,,INR,observed,synthetic,"{""fare_text"":""\u20b98,371.11"",""source"":3,""route"":1,""scraped"":""2026-08-24T05:30:00+00:00"",""currency_seen"":""INR"",""availability"":""9 seats left""}",2026-08-24T05:30:00+00:00
41,1,4,IndiGo,6E203,2026-08-24T08:35:00+00:00,2026-09-23,20:45:00,30,T+30,economy,refundable,0,5 seats left,6827.0,4897.57,399.64,955.16,268.78,305.85,INR,observed,synthetic,"{""fare_text"":""\u20b96,827.00"",""source"":4,""route"":1,""scraped"":""2026-08-24T08:35:00+00:00"",""currency_seen"":""INR"",""availability"":""5 seats left"",""debug"":""unexpected_field""}",2026-08-24T08:35:00+00:00
42,1,2,Air India,AI101,2026-08-09T05:35:00+00:00,2026-09-23,14:05:00,45,T+45,economy,,0,,8046.64,5883.06,626.75,1236.44,300.39,,INR,observed,synthetic,"{""fare_text"":""\u20b98,046.64"",""source"":2,""route"":1,""scraped"":""2026-08-09T05:35:00+00:00"",""currency_seen"":""INR"",""availability"":""""}",2026-08-09T05:35:00+00:00
43,1,3,Akasa Air,QP318,2026-08-09T03:15:00+00:00,2026-09-23,14:05:00,45,T+45,Economy,,0,Available,6853.77,5065.69,465.83,1144.43,,,INR,observed,synthetic,"{""fare_text"":""\u20b96,853.77"",""source"":3,""route"":1,""scraped"":""2026-08-09T03:15:00+00:00"",""currency_seen"":""INR"",""availability"":""Available"",""debug"":""unexpected_field""}",2026-08-09T03:15:00+00:00
44,1,5,Air India,AI315,2026-08-09T12:50:00+00:00,2026-09-23,17:30:00,45,T+45,economy,refundable,0,9 seats left,8460.13,6224.26,332.41,1506.1,245.61,,INR,observed,synthetic,"{""fare_text"":""\u20b98,460.13"",""source"":5,""route"":1,""scraped"":""2026-08-09T12:50:00+00:00"",""currency_seen"":""INR"",""availability"":""9 seats left""}",2026-08-09T12:50:00+00:00
45,1,6,IndiGo,6E101,2026-08-09T10:45:00+00:00,2026-09-23,11:20:00,45,T+45,economy,flexi,1,,9201.0,6596.2,874.89,1208.78,409.27,,INR,observed,synthetic,"{""fare_text"":""\u20b99,201.00"",""source"":6,""route"":1,""scraped"":""2026-08-09T10:45:00+00:00"",""currency_seen"":""INR"",""availability"":"""",""debug"":""unexpected_field""}",2026-08-09T10:45:00+00:00
46,1,1,IndiGo,6E315,2026-09-26T10:35:00+00:00,2026-09-27,14:05:00,1,T+1,economy,refundable,0,2 seats left,12326.07,9382.83,263.5,2281.15,398.59,,INR,observed,synthetic,"{""fare_text"":""\u20b912,326.07"",""source"":1,""route"":1,""scraped"":""2026-09-26T10:35:00+00:00"",""currency_seen"":""INR"",""availability"":""2 seats left""}",2026-09-26T10:35:00+00:00
47,1,2,Air India,AI101,2026-09-26T03:50:00+00:00,2026-09-27,20:45:00,1,T+1,economy,flexi,0,,9984.58,7083.65,764.39,1753.5,383.04,,INR,observed,synthetic,"{""fare_text"":""\u20b99,984.58"",""source"":2,""route"":1,""scraped"":""2026-09-26T03:50:00+00:00"",""currency_seen"":""INR"",""availability"":""""}",2026-09-26T03:50:00+00:00
48,1,3,Akasa Air,QP318,2026-09-26T14:35:00+00:00,2026-09-27,17:30:00,1,T+1,economy,,0,5 seats left,11573.82,8662.36,863.16,1564.24,484.06,,INR,observed,synthetic,"{""fare_text"":""\u20b911,573.82"",""source"":3,""route"":1,""scraped"":""2026-09-26T14:35:00+00:00"",""currency_seen"":""INR"",""availability"":""5 seats left""}",2026-09-26T14:35:00+00:00
49,1,4,IndiGo,6E315,2026-09-26T03:40:00+00:00,2026-09-27,17:30:00,1,T+1,economy,,0,5 seats left,9585.76,7268.07,696.95,1226.01,255.24,139.49,INR,observed,synthetic,"{""fare_text"":""\u20b99,585.76"",""source"":4,""route"":1,""scraped"":""2026-09-26T03:40:00+00:00"",""currency_seen"":""INR"",""availability"":""5 seats left""}",2026-09-26T03:40:00+00:00
50,1,5,Air India,AI101,2026-09-26T02:30:00+00:00,2026-09-27,17:30:00,1,T+90,economy,,0,,1981.98,7758.16,279.13,1755.87,313.12,154.14,INR,observed,synthetic,"{""fare_text"":""\u20b91,981.98"",""source"":5,""route"":1,""scraped"":""2026-09-26T02:30:00+00:00"",""currency_seen"":""INR"",""availability"":null}",2026-09-26T02:30:00+00:00
51,1,6,IndiGo,6E101,2026-09-26T10:40:00+00:00,2026-09-27,17:30:00,1,T+1,economy,flexi,3,,13413.19,9808.82,839.91,2129.07,512.03,123.36,INR,scrape_failed,synthetic,"{""fare_text"":""\u20b913,413.19"",""source"":6,""route"":1,""scraped"":""2026-09-26T10:40:00+00:00"",""currency_seen"":""INR"",""availability"":null}",2026-09-26T10:40:00+00:00
52,1,2,Air India,AI101,2026-09-20T04:50:00+00:00,2026-09-27,14:05:00,7,T+7,economy,,0,,11053.57,8381.1,663.06,1698.87,310.54,,INR,observed,synthetic,"{""fare_text"":""\u20b911,053.57"",""source"":2,""route"":1,""scraped"":""2026-09-20T04:50:00+00:00"",""currency_seen"":""INR"",""availability"":null,""debug"":""unexpected_field""}",2026-09-20T04:50:00+00:00
53,1,4,IndiGo,6E101,2026-09-20T04:40:00+00:00,2026-09-27,08:40:00,9,T+7,economy,refundable,0,,9639.74,7380.65,452.64,1268.18,410.31,,₹,scrape_failed,synthetic,"{""fare_text"":""\u20b99,639.74"",""source"":4,""route"":1,""scraped"":""2026-09-20T04:40:00+00:00"",""currency_seen"":""\u20b9"",""availability"":""""}",2026-09-20T04:40:00+00:00
54,1,6,IndiGo,6E101,2026-09-20T03:45:00+00:00,2026-09-27,14:05:00,7,T+7,economy,flexi,0,Available,41169.37,6216.9,260.91,1076.14,203.46,174.63,₹,observed,synthetic,"{""fare_text"":""\u20b941,169.37"",""source"":6,""route"":1,""scraped"":""2026-09-20T03:45:00+00:00"",""currency_seen"":""\u20b9"",""availability"":""Available""}",2026-09-20T03:45:00+00:00
55,1,2,Air India,AI315,2026-09-12T08:50:00+00:00,2026-09-27,17:30:00,15,T+15,economy,,0,Available,8468.56,6338.88,665.39,1116.09,348.2,,INR,sold_out,synthetic,"{""fare_text"":""\u20b98,468.56"",""source"":2,""route"":1,""scraped"":""2026-09-12T08:50:00+00:00"",""currency_seen"":""INR"",""availability"":""Available"",""price_raw"":""N/A""}",2026-09-12T08:50:00+00:00
56,1,3,Akasa Air,QP318,2026-09-12T05:50:00+00:00,2026-09-27,14:05:00,15,T+15,economy,,0,5 seats left,7341.87,5524.05,540.93,999.05,277.84,,INR,observed,synthetic,"{""fare_text"":""\u20b97,341.87"",""source"":3,""route"":1,""scraped"":""2026-09-12T05:50:00+00:00"",""currency_seen"":""INR"",""availability"":""5 seats left""}",2026-09-12T05:50:00+00:00
57,1,5,air india,AI315,2026-09-12T05:50:00+00:00,2026-09-27,11:20:00,15,T+15,economy,saver,0,9 seats left,8484.06,6006.42,788.41,1261.35,216.99,210.89,INR,observed,synthetic,"{""fare_text"":""\u20b98,484.06"",""source"":5,""route"":1,""scraped"":""2026-09-12T05:50:00+00:00"",""currency_seen"":""INR"",""availability"":""9 seats left""}",2026-09-12T05:50:00+00:00
58,1,1,IndiGo,6E101,2026-08-28T05:50:00+00:00,2026-09-27,17:30:00,30,T+30,Economy,flexi,1,,5315.33,3873.07,524.85,,201.44,,INR,observed,synthetic,"{""fare_text"":""\u20b95,315.33"",""source"":1,""route"":1,""scraped"":""2026-08-28T05:50:00+00:00"",""currency_seen"":""INR"",""availability"":null}",2026-08-28T05:50:00+00:00
59,1,2,Air India,AI315,2026-08-28T06:50:00+00:00,2026-09-27,17:30:00,30,T+30,economy,refundable,0,5 seats left,10281.96,7825.47,286.22,1865.31,,,INR,observed,synthetic,"{""fare_text"":""\u20b910,281.96"",""source"":2,""route"":1,""scraped"":""2026-08-28T06:50:00+00:00"",""currency_seen"":""INR"",""availability"":""5 seats left"",""debug"":""unexpected_field""}",2026-08-28T06:50:00+00:00
60,1,3,Akasa Air,QP202,2026-08-28T14:30:00+00:00,2026-09-27,20:45:00,30,T+30,economy,saver,0,Available,6823.75,4752.15,835.52,990.68,245.4,,INR,observed,synthetic,"{""fare_text"":""\u20b96,823.75"",""source"":3,""route"":1,""scraped"":""2026-08-28T14:30:00+00:00"",""currency_seen"":""INR"",""availability"":""Available""}",2026-08-28T14:30:00+00:00
61,1,6,IndiGo,6E203,2026-08-28T02:50:00+00:00,2026-09-27,06:15:00,30,T+30,economy,,1,two seats,7329.96,4993.65,715.04,996.71,301.9,,INR,observed,synthetic,"{""fare_text"":""\u20b97,329.96"",""source"":6,""route"":1,""scraped"":""2026-08-28T02:50:00+00:00"",""currency_seen"":""INR"",""availability"":""two seats""}",2026-08-28T02:50:00+00:00
62,1,1,IndiGo,6E101,2026-08-13T07:00:00+00:00,2026-09-27,17:30:00,45,T+45,economy,,0,Available,5780.0,4170.81,743.86,691.78,173.55,,INR,observed,synthetic,"{""fare_text"":""\u20b95,780.00"",""source"":1,""route"":1,""scraped"":""2026-08-13T07:00:00+00:00"",""currency_seen"":""INR"",""availability"":""Available""}",2026-08-13T07:00:00+00:00
63,1,2,Air India,AI101,2026-08-13T02:35:00+00:00,2026-09-27,06:15:00,45,T+45,economy,flexi,0,5 seats left,7025.04,4935.33,891.36,,,,INR,observed,synthetic,"{""fare_text"":""\u20b97,025.04"",""source"":2,""route"":1,""scraped"":""2026-08-13T02:35:00+00:00"",""currency_seen"":""INR"",""availability"":""5 seats left""}",2026-08-13T02:35:00+00:00
64,1,3,Akasa Air,QP202,2026-08-13T14:45:00+00:00,2026-09-27,08:40:00,45,T+45,economy,,0,,8659.14,6318.67,726.68,1426.37,187.42,,INR,observed,synthetic,"{""fare_text"":""\u20b98,659.14"",""source"":3,""route"":1,""scraped"":""2026-08-13T14:45:00+00:00"",""currency_seen"":""INR"",""availability"":""""}",2026-08-13T14:45:00+00:00
65,1,5,Air India,AI315,2026-08-13T03:00:00+00:00,2026-09-27,14:05:00,45,T+45,economy,Saver,0,3 seats left,6691.53,4496.53,869.08,753.03,241.23,,INR,observed,synthetic,"{""fare_text"":""\u20b96,691.53"",""source"":5,""route"":1,""scraped"":""2026-08-13T03:00:00+00:00"",""currency_seen"":""INR"",""availability"":""3 seats left""}",2026-08-13T03:00:00+00:00
66,1,6,IndiGo,6E203,2026-08-13T10:45:00+00:00,2026-09-27,14:05:00,45,T+45,economy,refundable,1,5 seats left,9047.26,6842.38,596.0,1105.28,224.79,278.81,INR,sold_out,synthetic,"{""fare_text"":""\u20b99,047.26"",""source"":6,""route"":1,""scraped"":""2026-08-13T10:45:00+00:00"",""currency_seen"":""INR"",""availability"":""5 seats left""}",2026-08-13T10:45:00+00:00
67,1,2,Air India,AI315,2026-10-03T08:50:00+00:00,2026-10-04,14:05:00,1,T+1,economy,,0,3 seats left,8040.56,6094.25,285.96,1490.31,170.04,,INR,observed,synthetic,"{""fare_text"":""\u20b98,040.56"",""source"":2,""route"":1,""scraped"":""2026-10-03T08:50:00+00:00"",""currency_seen"":""INR"",""availability"":""3 seats left""}",2026-10-03T08:50:00+00:00
68,1,3,Akasa Air,QP318,2026-10-03T08:35:00+00:00,2026-10-04,14:05:00,1,T+1,economy,flexi,0,Available,8943.58,7024.99,271.97,1421.54,225.08,,INR,observed,synthetic,"{""fare_text"":""\u20b98,943.58"",""source"":3,""route"":1,""scraped"":""2026-10-03T08:35:00+00:00"",""currency_seen"":""INR"",""availability"":""Available""}",2026-10-03T08:35:00+00:00
69,1,4,IndiGo,6E101,2026-10-03T05:45:00+00:00,2026-10-04,17:30:00,1,T+1,economy,flexi,0,3 seats left,11920.65,9409.76,296.97,1590.1,401.9,221.92,INR,observed,synthetic,"{""fare_text"":""\u20b911,920.65"",""source"":4,""route"":1,""scraped"":""2026-10-03T05:45:00+00:00"",""currency_seen"":""INR"",""availability"":""3 seats left""}",2026-10-03T05:45:00+00:00
70,1,5,Air India,AI203,2026-10-03T15:00:00+00:00,2026-10-04,11:20:00,1,T+1,economy,flexi,0,Available,11383.02,8150.09,585.39,1568.96,438.35,315.23,INR,observed,synthetic,"{""fare_text"":""\u20b911,383.02"",""source"":5,""route"":1,""scraped"":""2026-10-03T15:00:00+00:00"",""currency_seen"":""INR"",""availability"":""Available""}",2026-10-03T15:00:00+00:00
71,1,1,IndiGo,6E101,2026-09-27T14:50:00+00:00,2026-10-04,08:40:00,7,T+7,economy,flexi,1,2 seats left,9661.75,7497.37,261.6,1600.29,302.49,,INR,observed,synthetic,"{""fare_text"":""\u20b99,661.75"",""source"":1,""route"":1,""scraped"":""2026-09-27T14:50:00+00:00"",""currency_seen"":""INR"",""availability"":""2 seats left""}",2026-09-27T14:50:00+00:00
72,1,2,air india,AI203,2026-09-27T08:30:00+00:00,2026-10-04,14:05:00,7,T+7,economy,refundable,0,,11550.45,8843.39,642.77,1564.0,500.29,,INR,scrape_failed,synthetic,"{""fare_text"":""\u20b911,550.45"",""source"":2,""route"":1,""scraped"":""2026-09-27T08:30:00+00:00"",""currency_seen"":""INR"",""availability"":""""}",2026-09-27T08:30:00+00:00
73,1,4,IndiGo ,6E315,2026-09-27T03:00:00+00:00,2026-10-04,20:45:00,7,T+7,economy,refundable,0,3 seats left,2648.96,7354.45,879.8,1251.19,427.51,296.92,INR,observed,synthetic,"{""fare_text"":""\u20b92,648.96"",""source"":4,""route"":1,""scraped"":""2026-09-27T03:00:00+00:00"",""currency_seen"":""INR"",""availability"":""3 seats left""}",2026-09-27T03:00:00+00:00
74,1,5,Air India,AI203,2026-09-27T05:00:00+00:00,2026-10-04,06:15:00,7,T+7,economy,refundable,0,9 seats left,9020.68,6751.78,638.04,1346.15,199.81,84.9,INR,observed,synthetic,"{""fare_text"":""\u20b99,020.68"",""source"":5,""route"":1,""scraped"":""2026-09-27T05:00:00+00:00"",""currency_seen"":""INR"",""availability"":""9 seats left"",""price_raw"":""N/A""}",2026-09-27T05:00:00+00:00
75,1,1,IndiGo,6E315,2026-09-19T06:15:00+00:00,2026-10-04,08:40:00,15,T+15,economy,saver,0,,9250.42,7019.89,632.95,1356.42,241.16,,INR,observed,synthetic,"{""fare_text"":""\u20b99,250.42"",""source"":1,""route"":1,""scraped"":""2026-09-19T06:15:00+00:00"",""currency_seen"":""INR"",""availability"":""""}",2026-09-19T06:15:00+00:00
76,1,2,Air India,AI315,2026-09-19T02:50:00+00:00,2026-10-04,08:40:00,15,T+15,economy,saver,1,,7047.24,5170.26,745.81,869.7,261.47,,INR,observed,synthetic,"{""fare_text"":""\u20b97,047.24"",""source"":2,""route"":1,""scraped"":""2026-09-19T02:50:00+00:00"",""currency_seen"":""INR"",""availability"":null}",2026-09-19T02:50:00+00:00
77,1,3,Akasa Air,QP318,2026-09-19T06:30:00+00:00,2026-10-04,11:20:00,15,T+15,economy,,1,,9769.42,7667.43,,1413.31,354.11,,INR,observed,synthetic,"{""fare_text"":""\u20b99,769.42"",""source"":3,""route"":1,""scraped"":""2026-09-19T06:30:00+00:00"",""currency_seen"":""INR"",""availability"":null}",2026-09-19T06:30:00+00:00
78,1,6,IndiGo,6E315,2026-09-19T06:35:00+00:00,2026-10-04,08:40:00,15,T+15,economy,flexi,1,,7420.19,5294.84,611.73,1149.03,202.95,161.64,INR,observed,synthetic,"{""fare_text"":""\u20b97,420.19"",""source"":6,""route"":1,""scraped"":""2026-09-19T06:35:00+00:00"",""currency_seen"":""INR"",""availability"":null,""debug"":""unexpected_field"",""price_raw"":""N/A""}",2026-09-19T06:35:00+00:00
79,1,1,IndiGo,6E101,2026-09-04T08:45:00+00:00,2026-10-04,06:15:00,30,T+30,economy,saver,0,2 seats left,6436.97,4896.1,748.28,1041.74,,,INR,observed,synthetic,"{""fare_text"":""\u20b96,436.97"",""source"":1,""route"":1,""scraped"":""2026-09-04T08:45:00+00:00"",""currency_seen"":""INR"",""availability"":""2 seats left""}",2026-09-04T08:45:00+00:00
80,1,3,Akasa Air,QP202,2026-09-04T13:15:00+00:00,2026-10-04,14:05:00,30,T+30,economy,flexi,0,,9211.56,6498.49,882.43,1442.36,,,INR,observed,synthetic,"{""fare_text"":""\u20b99,211.56"",""source"":3,""route"":1,""scraped"":""2026-09-04T13:15:00+00:00"",""currency_seen"":""INR"",""availability"":null}",2026-09-04T13:15:00+00:00
81,1,4,IndiGo,6E101,2026-09-04T12:50:00+00:00,2026-10-04,08:40:00,30,T+90,economy,,0,,7021.69,5016.26,339.3,1232.51,223.54,210.08,INR,observed,synthetic,"{""fare_text"":""\u20b97,021.69"",""source"":4,""route"":1,""scraped"":""2026-09-04T12:50:00+00:00"",""currency_seen"":""INR"",""availability"":null,""price_raw"":""N/A""}",2026-09-04T12:50:00+00:00
82,1,5,Air India,AI315,2026-09-04T03:45:00+00:00,2026-10-04,11:20:00,30,T+30,economy,saver,0,5 seats left,8841.01,6499.21,502.38,1277.75,,,INR,observed,synthetic,"{""fare_text"":""\u20b98,841.01"",""source"":5,""route"":1,""scraped"":""2026-09-04T03:45:00+00:00"",""currency_seen"":""INR"",""availability"":""5 seats left""}",2026-09-04T03:45:00+00:00
83,1,6,IndiGo,6E101,2026-09-04T06:35:00+00:00,2026-10-04,17:30:00,30,T+30,economy,flexi,0,2 seats left,9313.25,7211.52,390.69,1155.23,,269.73,INR,observed,synthetic,"{""fare_text"":""\u20b99,313.25"",""source"":6,""route"":1,""scraped"":""2026-09-04T06:35:00+00:00"",""currency_seen"":""INR"",""availability"":""2 seats left""}",2026-09-04T06:35:00+00:00
84,1,2,Air India,AI315,2026-08-20T04:30:00+00:00,2026-10-04,14:05:00,45,T+45,Economy,refundable,0,,11122.13,8468.49,791.42,1422.42,439.8,,INR,observed,synthetic,"{""fare_text"":""\u20b911,122.13"",""source"":2,""route"":1,""scraped"":""2026-08-20T04:30:00+00:00"",""currency_seen"":""INR"",""availability"":null}",2026-08-20T04:30:00+00:00
85,1,3,Akasa Air,QP318,2026-08-20T02:35:00+00:00,2026-10-04,08:40:00,45,T+45,economy,saver,0,Available,6767.74,5035.03,681.88,828.54,,,INR,observed,synthetic,"{""fare_text"":""\u20b96,767.74"",""source"":3,""route"":1,""scraped"":""2026-08-20T02:35:00+00:00"",""currency_seen"":""INR"",""availability"":""Available""}",2026-08-20T02:35:00+00:00
86,1,4,IndiGo,6E315,2026-08-20T03:15:00+00:00,2026-10-04,11:20:00,45,T+45,economy,,0,5 seats left,8826.21,6307.29,839.07,1099.0,362.56,218.29,INR,observed,synthetic,"{""fare_text"":""\u20b98,826.21"",""source"":4,""route"":1,""scraped"":""2026-08-20T03:15:00+00:00"",""currency_seen"":""INR"",""availability"":""5 seats left""}",2026-08-20T03:15:00+00:00
87,1,5,Air India,AI315,2026-08-20T04:00:00+00:00,2026-10-04,06:15:00,45,T+45,economy,,0,5 seats left,7339.98,5444.1,259.16,1034.78,268.1,333.84,INR,observed,synthetic,"{""fare_text"":""\u20b97,339.98"",""source"":5,""route"":1,""scraped"":""2026-08-20T04:00:00+00:00"",""currency_seen"":""INR"",""availability"":""5 seats left""}",2026-08-20T04:00:00+00:00
88,1,6,indigo,6E101,2026-08-20T07:15:00+00:00,2026-10-04,14:05:00,45,T+45,economy,refundable,0,9 seats left,9254.38,6695.63,530.95,,,265.3,INR,observed,synthetic,"{""fare_text"":""\u20b99,254.38"",""source"":6,""route"":1,""scraped"":""2026-08-20T07:15:00+00:00"",""currency_seen"":""INR"",""availability"":""9 seats left"",""debug"":""unexpected_field"",""price_raw"":""N/A""}",2026-08-20T07:15:00+00:00
89,2,1,IndiGo,6E203,2026-09-19T11:15:00+00:00,2026-09-20,08:40:00,1,T+1,economy,saver,0,,14273.52,11218.76,513.8,1904.82,636.14,,INR,observed,synthetic,"{""fare_text"":""\u20b914,273.52"",""source"":1,""route"":2,""scraped"":""2026-09-19T11:15:00+00:00"",""currency_seen"":""INR"",""availability"":null}",2026-09-19T11:15:00+00:00
90,2,2,air india,AI203,2026-09-19T13:15:00+00:00,2026-09-20,06:15:00,1,T+1,economy,flexi,0,,11361.96,8790.06,374.71,1834.91,362.28,,INR,observed,synthetic,"{""fare_text"":""\u20b911,361.96"",""source"":2,""route"":2,""scraped"":""2026-09-19T13:15:00+00:00"",""currency_seen"":""INR"",""availability"":""""}",2026-09-19T13:15:00+00:00
91,2,3,Akasa Air,QP318,2026-09-19T12:40:00+00:00,2026-09-20,08:40:00,1,T+1,economy,,0,9 seats left,11573.07,9132.97,536.91,1613.1,290.09,,INR,observed,synthetic,"{""fare_text"":""\u20b911,573.07"",""source"":3,""route"":2,""scraped"":""2026-09-19T12:40:00+00:00"",""currency_seen"":""INR"",""availability"":""9 seats left""}",2026-09-19T12:40:00+00:00
92,2,6,IndiGo,6E101,2026-09-19T03:50:00+00:00,2026-09-20,14:05:00,-1,T+1,economy,,0,Available,11578.21,8245.68,820.06,1849.17,475.31,187.99,INR,observed,synthetic,"{""fare_text"":""\u20b911,578.21"",""source"":6,""route"":2,""scraped"":""2026-09-19T03:50:00+00:00"",""currency_seen"":""INR"",""availability"":""Available""}",2026-09-19T03:50:00+00:00
93,2,1,IndiGo,6E101,2026-09-13T06:00:00+00:00,2026-09-20,06:15:00,7,T+7,economy,flexi,0,5 seats left,13554.13,10410.99,348.32,2465.3,329.52,,INR,observed,synthetic,"{""fare_text"":""\u20b913,554.13"",""source"":1,""route"":2,""scraped"":""2026-09-13T06:00:00+00:00"",""currency_seen"":""INR"",""availability"":""5 seats left""}",2026-09-13T06:00:00+00:00
94,2,4,IndiGo,6E101,2026-09-13T06:15:00+00:00,2026-09-20,14:05:00,7,T+7,economy,saver,0,9 seats left,8877.76,6559.32,630.32,1167.65,268.49,251.98,INR,observed,synthetic,"{""fare_text"":""\u20b98,877.76"",""source"":4,""route"":2,""scraped"":""2026-09-13T06:15:00+00:00"",""currency_seen"":""INR"",""availability"":""9 seats left""}",2026-09-13T06:15:00+00:00
95,2,5,Air India,AI101,2026-09-13T15:00:00+00:00,2026-09-20,06:15:00,7,T+7,economy,flexi,1,,7930.98,5762.81,650.87,994.1,296.39,,INR,observed,synthetic,"{""fare_text"":""\u20b97,930.98"",""source"":5,""route"":2,""scraped"":""2026-09-13T15:00:00+00:00"",""currency_seen"":""INR"",""availability"":""""}",2026-09-13T15:00:00+00:00
96,2,6,IndiGo,6E315,2026-09-13T04:00:00+00:00,2026-09-20,08:40:00,7,T+7,economy,,0,,11216.52,8490.86,371.65,1943.07,223.94,,INR,observed,synthetic,"{""fare_text"":""\u20b911,216.52"",""source"":6,""route"":2,""scraped"":""2026-09-13T04:00:00+00:00"",""currency_seen"":""INR"",""availability"":null}",2026-09-13T04:00:00+00:00
97,2,1,IndiGo,6E203,2026-09-05T07:15:00+00:00,2026-09-20,25:71:00,16,T+15,economy,flexi,0,,10422.85,7605.8,867.02,,274.33,,INR,observed,synthetic,"{""fare_text"":""\u20b910,422.85"",""source"":1,""route"":2,""scraped"":""2026-09-05T07:15:00+00:00"",""currency_seen"":""INR"",""availability"":null}",2026-09-05T07:15:00+00:00
98,2,2,Air India,AI315,2026-09-05T05:15:00+00:00,2026-09-20,06:15:00,15,T+15,economy,saver,0,,8044.3,6248.65,687.82,1385.77,222.06,,INR,observed,synthetic,"{""fare_text"":""\u20b98,044.30"",""source"":2,""route"":2,""scraped"":""2026-09-05T05:15:00+00:00"",""currency_seen"":""INR"",""availability"":null}",2026-09-05T05:15:00+00:00
99,2,4,IndiGo,6E101,2026-09-05T05:15:00+00:00,2026-09-20,08:40:00,15,T+15,economy,,0,9 seats left,9025.39,6863.47,,1450.4,210.26,,INR,sold_out,synthetic,"{""fare_text"":""\u20b99,025.39"",""source"":4,""route"":2,""scraped"":""2026-09-05T05:15:00+00:00"",""currency_seen"":""INR"",""availability"":""9 seats left""}",2026-09-05T05:15:00+00:00
100,2,5,Air India,AI203,2026-09-05T03:15:00+00:00,2026-09-20,20:45:00,15,T+15,economy,refundable,0,,9866.18,7550.29,415.62,1258.47,374.48,267.32,INR,observed,synthetic,"{""fare_text"":""\u20b99,866.18"",""source"":5,""route"":2,""scraped"":""2026-09-05T03:15:00+00:00"",""currency_seen"":""INR"",""availability"":null}",2026-09-05T03:15:00+00:00
101,2,6,IndiGo,6E101,2026-09-05T05:35:00+00:00,2026-09-20,06:15:00,15,T+15,economy,saver,0,,10959.59,8397.09,,1432.18,,202.03,INR,observed,synthetic,"{""fare_text"":""\u20b910,959.59"",""source"":6,""route"":2,""scraped"":""2026-09-05T05:35:00+00:00"",""currency_seen"":""INR"",""availability"":null}",2026-09-05T05:35:00+00:00
102,2,1,IndiGo,6E315,2026-08-21T03:40:00+00:00,2026-09-20,11:20:00,30,T+30,economy,flexi,0,3 seats left,9259.08,6718.79,717.15,1614.21,208.93,,INR,observed,synthetic,"{""fare_text"":""\u20b99,259.08"",""source"":1,""route"":2,""scraped"":""2026-08-21T03:40:00+00:00"",""currency_seen"":""INR"",""availability"":""3 seats left""}",2026-08-21T03:40:00+00:00
103,2,2,Air India,AI315,2026-08-21T05:50:00+00:00,2026-09-20,06:15:00,30,T+30,economy,flexi,0,5 seats left,,6391.29,578.87,1205.31,296.39,,INR,observed,synthetic,"{""fare_text"":null,""source"":2,""route"":2,""scraped"":""2026-08-21T05:50:00+00:00"",""currency_seen"":""INR"",""availability"":""5 seats left""}",2026-08-21T05:50:00+00:00
104,2,3,Akasa Air,QP110,2026-08-21T08:30:00+00:00,2026-09-20,17:30:00,30,T+30,economy,refundable,1,,7527.58,5850.25,375.93,,274.62,,INR,observed,synthetic,"{""fare_text"":""\u20b97,527.58"",""source"":3,""route"":2,""scraped"":""2026-08-21T08:30:00+00:00"",""currency_seen"":""INR"",""availability"":""""}",2026-08-21T08:30:00+00:00
105,2,4,IndiGo,6E101,2026-08-21T04:40:00+00:00,2026-09-20,11:20:00,30,T+30,economy,saver,0,,9256.19,5816.78,691.94,1160.04,284.56,302.87,INR,observed,synthetic,"{""fare_text"":""\u20b99,256.19"",""source"":4,""route"":2,""scraped"":""2026-08-21T04:40:00+00:00"",""currency_seen"":""INR"",""availability"":""""}",2026-08-21T04:40:00+00:00
106,2,5,Air India,AI101,2026-08-21T08:45:00+00:00,2026-09-20,17:30:00,30,T+30,economy,refundable,0,,8392.86,5905.32,747.45,1248.81,260.3,230.98,INR,observed,synthetic,"{""fare_text"":""\u20b98,392.86"",""source"":5,""route"":2,""scraped"":""2026-08-21T08:45:00+00:00"",""currency_seen"":""INR"",""availability"":""""}",2026-08-21T08:45:00+00:00
107,2,6,IndiGo,6E315,2026-08-21T02:35:00+00:00,2026-09-20,14:05:00,30,T+30,economy,,0,9 seats left,7483.3,5510.35,782.35,883.67,204.77,102.16,INR,observed,synthetic,"{""fare_text"":""\u20b97,483.30"",""source"":6,""route"":2,""scraped"":""2026-08-21T02:35:00+00:00"",""currency_seen"":""INR"",""availability"":""9 seats left""}",2026-08-21T02:35:00+00:00
108,2,1,indigo,6E203,2026-08-06T03:35:00+00:00,2026-09-20,06:15:00,45,T+45,economy,flexi,0,2 seats left,9584.61,7297.47,510.83,1457.29,319.02,,INR,observed,synthetic,"{""fare_text"":""\u20b99,584.61"",""source"":1,""route"":2,""scraped"":""2026-08-06T03:35:00+00:00"",""currency_seen"":""INR"",""availability"":""2 seats left""}",2026-08-06T03:35:00+00:00
109,2,2,Air India ,AI315,2026-08-06T05:00:00+00:00,2026-09-20,08:40:00,45,T+45,economy,saver,0,5 seats left,5992.42,4286.07,502.55,997.84,205.96,,INR,observed,synthetic,"{""fare_text"":""\u20b95,992.42"",""source"":2,""route"":2,""scraped"":""2026-08-06T05:00:00+00:00"",""currency_seen"":""INR"",""availability"":""5 seats left""}",2026-08-06T05:00:00+00:00
110,2,3,Akasa Air,QP202,2026-08-06T02:35:00+00:00,2026-09-20,17:30:00,45,T+45,economy,flexi,0,9 seats left,5735.97,4330.53,378.87,893.11,133.46,,INR,observed,synthetic,"{""fare_text"":""\u20b95,735.97"",""source"":3,""route"":2,""scraped"":""2026-08-06T02:35:00+00:00"",""currency_seen"":""INR"",""availability"":""9 seats left""}",2026-08-06T02:35:00+00:00
111,2,4,IndiGo,6E315,2026-08-06T05:40:00+00:00,2026-09-20,08:40:00,45,T+45,economy,flexi,0,,9203.04,6040.93,514.24,1229.2,217.3,201.37,INR,observed,synthetic,"{""fare_text"":""\u20b99,203.04"",""source"":4,""route"":2,""scraped"":""2026-08-06T05:40:00+00:00"",""currency_seen"":""INR"",""availability"":null}",2026-08-06T05:40:00+00:00
112,2,5,Air India,AI203,2026-08-06T03:40:00+00:00,2026-09-20,06:15:00,45,T+45,economy,refundable,1,9 seats left,5671.52,3830.91,,799.06,,337.9,INR,observed,synthetic,"{""fare_text"":""\u20b95,671.52"",""source"":5,""route"":2,""scraped"":""2026-08-06T03:40:00+00:00"",""currency_seen"":""INR"",""availability"":""9 seats left"",""debug"":""unexpected_field""}",2026-08-06T03:40:00+00:00
113,2,6,IndiGo,6E203,2026-08-06T04:35:00+00:00,2026-09-20,08:40:00,45,T+45,economy,flexi,0,Available,8464.3,6146.59,681.23,1239.05,259.49,,INR,observed,synthetic,"{""fare_text"":""\u20b98,464.30"",""source"":6,""route"":2,""scraped"":""2026-08-06T04:35:00+00:00"",""currency_seen"":""INR"",""availability"":""Available""}",2026-08-06T04:35:00+00:00
114,2,1,IndiGo,6E315,2026-09-22T10:45:00+00:00,2026-09-23,20:45:00,1,T+1,economy,refundable,1,3 seats left,11025.71,8995.47,307.34,1784.3,438.6,,INR,observed,synthetic,"{""fare_text"":""\u20b911,025.71"",""source"":1,""route"":2,""scraped"":""2026-09-22T10:45:00+00:00"",""currency_seen"":""INR"",""availability"":""3 seats left""}",2026-09-22T10:45:00+00:00
115,2,3,Akasa Air,QP202,2026-09-22T03:45:00+00:00,2026-09-23,20:45:00,1,T+1,economy,,1,,11636.75,8926.49,441.49,1947.2,321.57,,INR,observed,synthetic,"{""fare_text"":""\u20b911,636.75"",""source"":3,""route"":2,""scraped"":""2026-09-22T03:45:00+00:00"",""currency_seen"":""INR"",""availability"":null}",2026-09-22T03:45:00+00:00
116,2,4,IndiGo,,2026-09-22T10:45:00+00:00,2026-09-23,06:15:00,1,T+1,economy,,0,,8955.59,6514.47,758.51,1168.6,183.9,330.11,INR,observed,synthetic,"{""fare_text"":""\u20b98,955.59"",""source"":4,""route"":2,""scraped"":""2026-09-22T10:45:00+00:00"",""currency_seen"":""INR"",""availability"":""""}",2026-09-22T10:45:00+00:00
117,2,1,IndiGo,6E203,2026-09-16T06:40:00+00:00,2026-09-23,06:15:00,7,T+7,economy,,0,9 seats left,8508.58,6070.09,895.73,1229.09,313.67,,INR,observed,synthetic,"{""fare_text"":""\u20b98,508.58"",""source"":1,""route"":2,""scraped"":""2026-09-16T06:40:00+00:00"",""currency_seen"":""INR"",""availability"":""9 seats left""}",2026-09-16T06:40:00+00:00
118,2,2,Air India,AI203,2026-09-16T05:30:00+00:00,2026-09-23,14:05:00,7,T+7,economy,flexi,3,,9986.49,7675.53,576.44,1519.01,215.51,,INR,observed,synthetic,"{""fare_text"":""\u20b99,986.49"",""source"":2,""route"":2,""scraped"":""2026-09-16T05:30:00+00:00"",""currency_seen"":""INR"",""availability"":""""}",2026-09-16T05:30:00+00:00
119,2,4,IndiGo,6E315,2026-09-16T05:35:00+00:00,2026-09-23,14:05:00,7,T+7,economy,saver,0,Available,7364.57,5565.91,462.02,994.3,236.07,106.27,INR,observed,synthetic,"{""fare_text"":""\u20b97,364.57"",""source"":4,""route"":2,""scraped"":""2026-09-16T05:35:00+00:00"",""currency_seen"":""INR"",""availability"":""Available""}",2026-09-16T05:35:00+00:00
120,2,5,Air India,AI101,2026-09-16T10:50:00+00:00,2026-09-23,08:40:00,7,T+7,economy,,0,9 seats left,11605.07,9046.99,,1567.9,464.61,195.6,INR,observed,synthetic,"{""fare_text"":""\u20b911,605.07"",""source"":5,""route"":2,""scraped"":""2026-09-16T10:50:00+00:00"",""currency_seen"":""INR"",""availability"":""9 seats left"",""price_raw"":""N/A""}",2026-09-16T10:50:00+00:00
121,2,6,IndiGo,6E101,2026-09-16T10:35:00+00:00,2026-09-23,20:45:00,7,T+7,economy,flexi,0,5 seats left,7831.6,5850.85,380.69,1111.69,333.8,154.57,INR,observed,synthetic,"{""fare_text"":""\u20b97,831.60"",""source"":6,""route"":2,""scraped"":""2026-09-16T10:35:00+00:00"",""currency_seen"":""INR"",""availability"":""5 seats left""}",2026-09-16T10:35:00+00:00
122,2,3,Akasa Air,QP318,2026-09-08T06:50:00+00:00,2026-09-23,06:15:00,15,T+15,economy,,0,,8189.45,5922.71,552.16,,,,INR,observed,synthetic,"{""fare_text"":""\u20b98,189.45"",""source"":3,""route"":2,""scraped"":""2026-09-08T06:50:00+00:00"",""currency_seen"":""INR"",""availability"":""""}",2026-09-08T06:50:00+00:00
123,2,4,IndiGo,,2026-09-08T04:30:00+00:00,2026-09-23,11:20:00,15,T+15,economy,,0,,7624.74,5624.75,484.86,1104.38,271.47,139.28,INR,observed,synthetic,"{""fare_text"":""\u20b97,624.74"",""source"":4,""route"":2,""scraped"":""2026-09-08T04:30:00+00:00"",""currency_seen"":""INR"",""availability"":null}",2026-09-08T04:30:00+00:00
124,2,6,IndiGo,6E203,2026-09-08T14:45:00+00:00,2026-09-23,17:30:00,15,T+15,economy,,0,9 seats left,10278.48,7537.53,674.17,1726.49,207.41,,INR,observed,synthetic,"{""fare_text"":""\u20b910,278.48"",""source"":6,""route"":2,""scraped"":""2026-09-08T14:45:00+00:00"",""currency_seen"":""INR"",""availability"":""9 seats left""}",2026-09-08T14:45:00+00:00
125,2,2,Air India,AI101,2026-08-24T10:35:00+00:00,2026-09-23,17:30:00,30,T+30,economy,refundable,0,2 seats left,7667.41,5612.27,759.94,1113.84,181.36,,INR ,observed,synthetic,"{""fare_text"":""\u20b97,667.41"",""source"":2,""route"":2,""scraped"":""2026-08-24T10:35:00+00:00"",""currency_seen"":""INR "",""availability"":""2 seats left""}",2026-08-24T10:35:00+00:00
126,2,3,Akasa Air,QP202,2026-08-24T15:15:00+00:00,2026-09-23,14:05:00,30,T+30,economy,,0,Available,7741.71,5784.22,486.01,,262.02,,INR,observed,synthetic,"{""fare_text"":""\u20b97,741.71"",""source"":3,""route"":2,""scraped"":""2026-08-24T15:15:00+00:00"",""currency_seen"":""INR"",""availability"":""Available""}",2026-08-24T15:15:00+00:00
127,2,4,IndiGo,6E315,2026-08-24T03:15:00+00:00,2026-09-23,14:05:00,30,T+30,economy,,0,2 seats left,8780.52,6424.62,,1218.83,379.54,,INR,observed,synthetic,"{""fare_text"":""\u20b98,780.52"",""source"":4,""route"":2,""scraped"":""2026-08-24T03:15:00+00:00"",""currency_seen"":""INR"",""availability"":""2 seats left"",""debug"":""unexpected_field""}",2026-08-24T03:15:00+00:00
128,2,6,IndiGo,6E203,2026-08-24T05:45:00+00:00,2026-09-23,08:40:00,30,T+30,economy,,1,2 seats left,8883.22,6422.09,771.97,1162.87,352.13,,INR,observed,synthetic,"{""fare_text"":""\u20b98,883.22"",""source"":6,""route"":2,""scraped"":""2026-08-24T05:45:00+00:00"",""currency_seen"":""INR"",""availability"":""2 seats left"",""debug"":""unexpected_field""}",2026-08-24T05:45:00+00:00
129,2,1,IndiGo,6E203,2026-08-09T04:00:00+00:00,2026-09-23,20:45:00,45,T+45,economy,flexi,0,2 seats left,9870.3,7065.14,701.44,1396.49,382.23,,INR,observed,synthetic,"{""fare_text"":""\u20b99,870.30"",""source"":1,""route"":2,""scraped"":""2026-08-09T04:00:00+00:00"",""currency_seen"":""INR"",""availability"":""2 seats left""}",2026-08-09T04:00:00+00:00
130,2,2,Air India,AI101,2026-08-09T10:35:00+00:00,2026-09-23,17:30:00,45,T+45,economy,refundable,0,9 seats left,9657.55,7458.29,324.94,1615.0,259.32,,INR,observed,synthetic,"{""fare_text"":""\u20b99,657.55"",""source"":2,""route"":2,""scraped"":""2026-08-09T10:35:00+00:00"",""currency_seen"":""INR"",""availability"":""9 seats left"",""debug"":""unexpected_field""}",2026-08-09T10:35:00+00:00
131,2,3,Akasa Air,QP110,2026-08-09T04:50:00+00:00,2026-09-23,06:15:00,45,T+45,economy,refundable,0,Available,8799.12,6315.25,700.61,,223.26,,INR,observed,synthetic,"{""fare_text"":""\u20b98,799.12"",""source"":3,""route"":2,""scraped"":""2026-08-09T04:50:00+00:00"",""currency_seen"":""INR"",""availability"":""Available"",""debug"":""unexpected_field""}",2026-08-09T04:50:00+00:00
132,2,4,IndiGo,6E101,2026-08-09T02:30:00+00:00,2026-09-23,06:15:00,47,T+45,economy,,0,5 seats left,10201.32,7640.1,261.34,1613.51,430.1,256.27,INR,sold_out,synthetic,"{""fare_text"":""\u20b910,201.32"",""source"":4,""route"":2,""scraped"":""2026-08-09T02:30:00+00:00"",""currency_seen"":""INR"",""availability"":""5 seats left""}",2026-08-09T02:30:00+00:00
133,2,5,Air India,AI315,2026-08-09T10:35:00+00:00,2026-09-23,11:20:00,45,T+45,economy,refundable,0,,,7646.24,,1615.51,263.67,250.09,INR,observed,synthetic,"{""fare_text"":null,""source"":5,""route"":2,""scraped"":""2026-08-09T10:35:00+00:00"",""currency_seen"":""INR"",""availability"":null}",2026-08-09T10:35:00+00:00
134,2,1,IndiGo,6E203,2026-09-26T05:35:00+00:00,2026-09-27,14:05:00,1,T+1,economy,,3,,11801.72,8849.75,758.25,1704.15,489.57,,INR,observed,synthetic,"{""fare_text"":""\u20b911,801.72"",""source"":1,""route"":2,""scraped"":""2026-09-26T05:35:00+00:00"",""currency_seen"":""INR"",""availability"":null}",2026-09-26T05:35:00+00:00
135,2,2,Air India,AI203,2026-09-26T10:30:00+00:00,2026-09-27,20:45:00,0,T+1,economy,saver,0,2 seats left,11924.26,8677.86,811.63,2161.9,272.87,,INR,observed,synthetic,"{""fare_text"":""\u20b911,924.26"",""source"":2,""route"":2,""scraped"":""2026-09-26T10:30:00+00:00"",""currency_seen"":""INR"",""availability"":""2 seats left""}",2026-09-26T10:30:00+00:00
136,2,4,IndiGo,6E203,2026-09-26T10:40:00+00:00,2026-09-27,14:05:00,1,T+1,economy,flexi,0,2 seats left,9390.39,6547.62,777.52,1405.51,321.53,338.21,INR,observed,synthetic,"{""fare_text"":""\u20b99,390.39"",""source"":4,""route"":2,""scraped"":""2026-09-26T10:40:00+00:00"",""currency_seen"":""INR"",""availability"":""2 seats left""}",2026-09-26T10:40:00+00:00
137,2,5,Air India,AI203,2026-09-26T04:40:00+00:00,2026-09-27,17:30:00,1,T+1,economy,saver,0,two seats,12753.15,9332.97,,2095.33,,274.17,INR,observed,synthetic,"{""fare_text"":""\u20b912,753.15"",""source"":5,""route"":2,""scraped"":""2026-09-26T04:40:00+00:00"",""currency_seen"":""INR"",""availability"":""two seats""}",2026-09-26T04:40:00+00:00
138,2,6,IndiGo,6E101,2026-09-26T15:00:00+00:00,2026-09-27,11:20:00,1,T+1,economy,flexi,0,2 seats left,10525.05,7948.59,495.45,1580.91,,154.67,INR,observed,synthetic,"{""fare_text"":""\u20b910,525.05"",""source"":6,""route"":2,""scraped"":""2026-09-26T15:00:00+00:00"",""currency_seen"":""INR"",""availability"":""2 seats left"",""debug"":""unexpected_field""}",2026-09-26T15:00:00+00:00
139,2,1,IndiGo,6E315,2026-09-20T06:15:00+00:00,2026-09-27,14:05:00,7,T+7,economy,refundable,0,,9595.08,7472.0,,1414.78,304.12,,INR,observed,synthetic,"{""fare_text"":""\u20b99,595.08"",""source"":1,""route"":2,""scraped"":""2026-09-20T06:15:00+00:00"",""currency_seen"":""INR"",""availability"":null,""price_raw"":""N/A""}",2026-09-20T06:15:00+00:00
140,2,2,Air India,AI203,2026-09-20T03:45:00+00:00,2026-09-27,17:30:00,7,T+7,economy,refundable,0,3 seats left,10403.77,8048.71,507.16,1785.34,312.56,,₹,observed,synthetic,"{""fare_text"":""\u20b910,403.77"",""source"":2,""route"":2,""scraped"":""2026-09-20T03:45:00+00:00"",""currency_seen"":""\u20b9"",""availability"":""3 seats left"",""debug"":""unexpected_field""}",2026-09-20T03:45:00+00:00
141,2,3,Akasa Air,QP202,2026-09-20T02:45:00+00:00,2026-09-27,06:15:00,7,T+7,economy,,0,Available,12882.92,9304.93,850.98,2032.44,519.57,,INR,observed,synthetic,"{""fare_text"":""\u20b912,882.92"",""source"":3,""route"":2,""scraped"":""2026-09-20T02:45:00+00:00"",""currency_seen"":""INR"",""availability"":""Available"",""debug"":""unexpected_field""}",2026-09-20T02:45:00+00:00
142,2,4,IndiGo,6E101,2026-09-20T02:50:00+00:00,2026-09-27,20:45:00,7,T+7,economy,,0,Available,10460.95,7717.22,,,330.45,156.88,INR,observed,synthetic,"{""fare_text"":""\u20b910,460.95"",""source"":4,""route"":2,""scraped"":""2026-09-20T02:50:00+00:00"",""currency_seen"":""INR"",""availability"":""Available""}",2026-09-20T02:50:00+00:00
143,2,5,Air India,AI101,2026-09-20T03:30:00+00:00,2026-09-27,20:45:00,7,T+7,economy,,0,3 seats left,9946.69,7230.44,629.14,1484.08,418.46,,INR,observed,synthetic,"{""fare_text"":""\u20b99,946.69"",""source"":5,""route"":2,""scraped"":""2026-09-20T03:30:00+00:00"",""currency_seen"":""INR"",""availability"":""3 seats left""}",2026-09-20T03:30:00+00:00
144,2,6,IndiGo,6E101,2026-09-20T09:00:00+00:00,2026-09-27,14:05:00,7,T+7,economy,saver,0,5 seats left,7908.1,5901.43,266.25,1247.99,173.08,319.35,INR,observed,synthetic,"{""fare_text"":""\u20b97,908.10"",""source"":6,""route"":2,""scraped"":""2026-09-20T09:00:00+00:00"",""currency_seen"":""INR"",""availability"":""5 seats left"",""price_raw"":""N/A""}",2026-09-20T09:00:00+00:00
145,2,1,IndiGo,6E315,2026-09-12T13:15:00+00:00,2026-09-27,20:45:00,15,T+15,economy,refundable,1,,2918.95,8656.79,459.0,1455.73,412.32,,INR,observed,synthetic,"{""fare_text"":""\u20b92,918.95"",""source"":1,""route"":2,""scraped"":""2026-09-12T13:15:00+00:00"",""currency_seen"":""INR"",""availability"":""""}",2026-09-12T13:15:00+00:00
146,2,2,Air India,AI315,2026-09-12T05:40:00+00:00,2026-09-27,20:45:00,15,T+15,Economy,saver,0,,12500.76,9898.37,567.21,1796.78,488.4,,INR,observed,synthetic,"{""fare_text"":""\u20b912,500.76"",""source"":2,""route"":2,""scraped"":""2026-09-12T05:40:00+00:00"",""currency_seen"":""INR"",""availability"":null}",2026-09-12T05:40:00+00:00
147,2,1,IndiGo,6E203,2026-08-28T10:45:00+00:00,2026-09-27,11:20:00,30,T+30,economy,saver,0,5 seats left,6255.89,4775.77,,796.96,200.58,,INR,observed,synthetic,"{""fare_text"":""\u20b96,255.89"",""source"":1,""route"":2,""scraped"":""2026-08-28T10:45:00+00:00"",""currency_seen"":""INR"",""availability"":""5 seats left""}",2026-08-28T10:45:00+00:00
148,2,2,Air India,AI203,2026-08-28T03:30:00+00:00,2026-09-27,08:40:00,30,T+30,economy,flexi,0,,7730.14,5590.58,561.04,1301.68,,,INR,observed,synthetic,"{""fare_text"":""\u20b97,730.14"",""source"":2,""route"":2,""scraped"":""2026-08-28T03:30:00+00:00"",""currency_seen"":""INR"",""availability"":null}",2026-08-28T03:30:00+00:00
149,2,3,Akasa Air,QP318,2026-08-28T02:50:00+00:00,2026-09-27,11:20:00,30,T+30,economy,,0,2 seats left,8754.42,6304.04,656.29,1489.09,305.0,,INR,observed,synthetic,"{""fare_text"":""\u20b98,754.42"",""source"":3,""route"":2,""scraped"":""2026-08-28T02:50:00+00:00"",""currency_seen"":""INR"",""availability"":""2 seats left""}",2026-08-28T02:50:00+00:00
150,2,4,IndiGo,6E203,2026-08-28T05:50:00+00:00,2026-09-27,08:40:00,30,T+30,economy,,1,,8281.8,5739.27,795.07,1205.98,291.74,249.74,INR,observed,synthetic,"{""fare_text"":""\u20b98,281.80"",""source"":4,""route"":2,""scraped"":""2026-08-28T05:50:00+00:00"",""currency_seen"":""INR"",""availability"":null}",2026-08-28T05:50:00+00:00
151,2,5,Air India,AI315,2026-08-28T09:00:00+00:00,2026-09-27,06:15:00,30,T+30,economy,,0,9 seats left,6202.46,4585.06,392.06,983.2,158.53,83.61,INR,observed,synthetic,"{""fare_text"":""\u20b96,202.46"",""source"":5,""route"":2,""scraped"":""2026-08-28T09:00:00+00:00"",""currency_seen"":""INR"",""availability"":""9 seats left""}",2026-08-28T09:00:00+00:00
152,2,6,IndiGo,6E315,2026-08-28T13:15:00+00:00,2026-09-27,06:15:00,30,T+30,economy,refundable,0,2 seats left,,5709.44,363.95,1353.6,328.14,208.81,INR,observed,synthetic,"{""fare_text"":null,""source"":6,""route"":2,""scraped"":""2026-08-28T13:15:00+00:00"",""currency_seen"":""INR"",""availability"":""2 seats left""}",2026-08-28T13:15:00+00:00
153,2,1,IndiGo,6E203,2026-08-13T09:15:00+00:00,2026-09-27,11:20:00,45,T+45,economy,,1,,3584.44,7235.98,449.57,1310.4,229.16,,INR,observed,synthetic,"{""fare_text"":""\u20b93,584.44"",""source"":1,""route"":2,""scraped"":""2026-08-13T09:15:00+00:00"",""currency_seen"":""INR"",""availability"":null}",2026-08-13T09:15:00+00:00
154,2,3,Akasa Air,QP202,2026-08-13T03:35:00+00:00,2026-09-27,11:20:00,45,T+45,economy,refundable,0,3 seats left,10078.43,7151.27,709.71,,,,INR,observed,synthetic,"{""fare_text"":""\u20b910,078.43"",""source"":3,""route"":2,""scraped"":""2026-08-13T03:35:00+00:00"",""currency_seen"":""INR"",""availability"":""3 seats left""}",2026-08-13T03:35:00+00:00
155,2,1,IndiGo,6E101,2026-10-03T04:45:00+00:00,2026-10-04,14:05:00,1,T+1,economy,refundable,0,,14165.57,11426.4,,1846.02,,,₹,observed,synthetic,"{""fare_text"":""\u20b914,165.57"",""source"":1,""route"":2,""scraped"":""2026-10-03T04:45:00+00:00"",""currency_seen"":""\u20b9"",""availability"":null}",2026-10-03T04:45:00+00:00
156,2,2,Air India,AI203,2026-10-03T06:30:00+00:00,2026-10-04,14:05:00,1,T+1,economy,refundable,0,3 seats left,,6722.38,251.09,1494.58,343.81,,₹,observed,synthetic,"{""fare_text"":null,""source"":2,""route"":2,""scraped"":""2026-10-03T06:30:00+00:00"",""currency_seen"":""\u20b9"",""availability"":""3 seats left""}",2026-10-03T06:30:00+00:00
157,2,3,Akasa Air,QP110,2026-10-03T14:50:00+00:00,2026-10-04,06:15:00,1,T+1,economy,refundable,1,3 seats left,15208.8,11588.99,613.89,2380.05,625.87,,INR,observed,synthetic,"{""fare_text"":""\u20b915,208.80"",""source"":3,""route"":2,""scraped"":""2026-10-03T14:50:00+00:00"",""currency_seen"":""INR"",""availability"":""3 seats left""}",2026-10-03T14:50:00+00:00
158,2,4,IndiGo,6E315,2026-10-03T10:50:00+00:00,2026-10-04,20:45:00,1,T+1,economy,flexi,0,,11728.61,8441.99,898.0,2013.96,,106.13,INR,observed,synthetic,"{""fare_text"":""\u20b911,728.61"",""source"":4,""route"":2,""scraped"":""2026-10-03T10:50:00+00:00"",""currency_seen"":""INR"",""availability"":null}",2026-10-03T10:50:00+00:00
159,2,5,Air India,AI203,2026-10-03T10:35:00+00:00,2026-10-04,06:15:00,1,T+1,economy,Saver,0,5 seats left,9097.85,6682.3,473.84,1581.46,240.36,,INR,observed,synthetic,"{""fare_text"":""\u20b99,097.85"",""source"":5,""route"":2,""scraped"":""2026-10-03T10:35:00+00:00"",""currency_seen"":""INR"",""availability"":""5 seats left""}",2026-10-03T10:35:00+00:00
160,2,6,IndiGo,6E203,2026-10-03T06:45:00+00:00,2026-10-04,20:45:00,1,T+1,economy,refundable,0,2 seats left,9213.89,6944.73,,,233.6,266.85,INR ,observed,synthetic,"{""fare_text"":""\u20b99,213.89"",""source"":6,""route"":2,""scraped"":""2026-10-03T06:45:00+00:00"",""currency_seen"":""INR "",""availability"":""2 seats left""}",2026-10-03T06:45:00+00:00
161,2,1,IndiGo,6E101,2026-09-27T10:50:00+00:00,2026-10-04,20:45:00,7,T+7,economy,refundable,0,,12903.75,10326.97,475.2,1762.42,339.16,,INR,observed,synthetic,"{""fare_text"":""\u20b912,903.75"",""source"":1,""route"":2,""scraped"":""2026-09-27T10:50:00+00:00"",""currency_seen"":""INR"",""availability"":""""}",2026-09-27T10:50:00+00:00
162,2,2,Air India,AI101,2026-09-27T14:35:00+00:00,2026-10-04,20:45:00,7,T+7,economy,saver,0,9 seats left,9947.89,7518.73,736.02,1306.9,,,INR,observed,synthetic,"{""fare_text"":""\u20b99,947.89"",""source"":2,""route"":2,""scraped"":""2026-09-27T14:35:00+00:00"",""currency_seen"":""INR"",""availability"":""9 seats left""}",2026-09-27T14:35:00+00:00
163,2,3,Akasa Air,QP110,2026-09-27T10:35:00+00:00,2026-10-04,14:05:00,7,T+7,economy,flexi,0,3 seats left,9328.23,6647.64,743.64,1582.52,354.43,,INR,observed,synthetic,"{""fare_text"":""\u20b99,328.23"",""source"":3,""route"":2,""scraped"":""2026-09-27T10:35:00+00:00"",""currency_seen"":""INR"",""availability"":""3 seats left"",""debug"":""unexpected_field""}",2026-09-27T10:35:00+00:00
164,2,4,IndiGo,6E315,2026-09-27T12:35:00+00:00,2026-10-04,06:15:00,7,T+90,economy,,1,Available,10499.21,7521.67,590.46,1457.69,268.08,336.31,₹,observed,synthetic,"{""fare_text"":""\u20b910,499.21"",""source"":4,""route"":2,""scraped"":""2026-09-27T12:35:00+00:00"",""currency_seen"":""\u20b9"",""availability"":""Available""}",2026-09-27T12:35:00+00:00
165,2,5,Air India,AI101,2026-09-27T13:00:00+00:00,2026-10-04,11:20:00,7,T+7,economy,,0,,,6709.87,,1426.26,266.76,,₹,observed,synthetic,"{""fare_text"":null,""source"":5,""route"":2,""scraped"":""2026-09-27T13:00:00+00:00"",""currency_seen"":""\u20b9"",""availability"":""""}",2026-09-27T13:00:00+00:00
166,2,6,IndiGo,6E315,2026-09-27T06:15:00+00:00,2026-10-04,20:45:00,7,T+7,economy,refundable,0,5 seats left,4280.84,8064.24,794.63,,,,₹,sold_out,synthetic,"{""fare_text"":""\u20b94,280.84"",""source"":6,""route"":2,""scraped"":""2026-09-27T06:15:00+00:00"",""currency_seen"":""\u20b9"",""availability"":""5 seats left"",""debug"":""unexpected_field""}",2026-09-27T06:15:00+00:00
167,2,1,IndiGo,6E315,2026-09-19T11:00:00+00:00,2026-10-04,14:05:00,15,T+15,economy,,0,Available,8302.98,5976.0,447.67,1290.01,264.3,,INR,observed,synthetic,"{""fare_text"":""\u20b98,302.98"",""source"":1,""route"":2,""scraped"":""2026-09-19T11:00:00+00:00"",""currency_seen"":""INR"",""availability"":""Available""}",2026-09-19T11:00:00+00:00
168,2,2,Air India,AI101,2026-09-19T08:35:00+00:00,2026-10-04,17:30:00,15,T+15,economy,,1,9 seats left,12753.61,9554.4,835.9,2032.2,331.11,,₹,observed,synthetic,"{""fare_text"":""\u20b912,753.61"",""source"":2,""route"":2,""scraped"":""2026-09-19T08:35:00+00:00"",""currency_seen"":""\u20b9"",""availability"":""9 seats left""}",2026-09-19T08:35:00+00:00
169,2,4,IndiGo,6E203,2026-09-19T12:35:00+00:00,2026-10-04,17:30:00,15,T+15,economy,flexi,0,5 seats left,10338.27,7171.5,835.65,1704.06,338.56,,INR,observed,synthetic,"{""fare_text"":""\u20b910,338.27"",""source"":4,""route"":2,""scraped"":""2026-09-19T12:35:00+00:00"",""currency_seen"":""INR"",""availability"":""5 seats left""}",2026-09-19T12:35:00+00:00
170,2,1,IndiGo,6E101,2026-09-04T09:00:00+00:00,2026-10-04,14:05:00,30,T+30,economy,,0,two seats,7383.39,5724.5,445.71,,259.08,,INR,sold_out,synthetic,"{""fare_text"":""\u20b97,383.39"",""source"":1,""route"":2,""scraped"":""2026-09-04T09:00:00+00:00"",""currency_seen"":""INR"",""availability"":""two seats""}",2026-09-04T09:00:00+00:00
171,2,2,air india,AI203,2026-09-04T09:00:00+00:00,2026-10-04,14:05:00,30,T+30,economy,flexi,0,,2066.7,6136.94,763.55,1215.97,357.14,,INR,observed,synthetic,"{""fare_text"":""\u20b92,066.70"",""source"":2,""route"":2,""scraped"":""2026-09-04T09:00:00+00:00"",""currency_seen"":""INR"",""availability"":""""}",2026-09-04T09:00:00+00:00
172,2,4,IndiGo,6E101,2026-09-04T11:15:00+00:00,2026-10-04,17:30:00,30,T+30,economy,saver,0,5 seats left,11487.37,8366.39,750.21,1561.54,470.95,338.28,INR,observed,synthetic,"{""fare_text"":""\u20b911,487.37"",""source"":4,""route"":2,""scraped"":""2026-09-04T11:15:00+00:00"",""currency_seen"":""INR"",""availability"":""5 seats left""}",2026-09-04T11:15:00+00:00
173,2,5,Air India,AI315,2026-09-04T09:15:00+00:00,2026-10-04,11:20:00,30,T+30,economy,saver,1,Available,6919.41,4703.42,838.21,1029.51,263.91,84.36,INR,observed,synthetic,"{""fare_text"":""\u20b96,919.41"",""source"":5,""route"":2,""scraped"":""2026-09-04T09:15:00+00:00"",""currency_seen"":""INR"",""availability"":""Available""}",2026-09-04T09:15:00+00:00
174,2,1,IndiGo,6E101,2026-08-20T05:40:00+00:00,2026-10-04,14:05:00,45,T+45,economy,,0,,67457.8,7118.25,,1372.0,209.14,,INR,observed,synthetic,"{""fare_text"":""\u20b967,457.80"",""source"":1,""route"":2,""scraped"":""2026-08-20T05:40:00+00:00"",""currency_seen"":""INR"",""availability"":null}",2026-08-20T05:40:00+00:00
175,2,3,Akasa Air,QP202,2026-08-20T15:15:00+00:00,2026-10-04,08:40:00,45,T+45,economy,,0,Available,7866.18,5961.46,557.36,1053.68,293.68,,INR,observed,synthetic,"{""fare_text"":""\u20b97,866.18"",""source"":3,""route"":2,""scraped"":""2026-08-20T15:15:00+00:00"",""currency_seen"":""INR"",""availability"":""Available""}",2026-08-20T15:15:00+00:00
176,2,4,IndiGo,6E315,2026-08-20T10:30:00+00:00,2026-10-04,08:40:00,45,T+45,economy,,0,Available,6122.28,4563.39,,976.73,130.65,135.32,INR,observed,synthetic,"{""fare_text"":""\u20b96,122.28"",""source"":4,""route"":2,""scraped"":""2026-08-20T10:30:00+00:00"",""currency_seen"":""INR"",""availability"":""Available""}",2026-08-20T10:30:00+00:00
177,2,5,Air India,AI315,2026-08-20T06:00:00+00:00,2026-10-04,08:40:00,45,T+45,economy,refundable,0,5 seats left,9824.8,7271.69,467.62,1506.27,388.27,190.95,INR ,observed,synthetic,"{""fare_text"":""\u20b99,824.80"",""source"":5,""route"":2,""scraped"":""2026-08-20T06:00:00+00:00"",""currency_seen"":""INR "",""availability"":""5 seats left""}",2026-08-20T06:00:00+00:00
178,2,6,IndiGo,6E203,2026-08-20T02:40:00+00:00,2026-10-04,14:05:00,45,T+45,economy,refundable,0,9 seats left,7674.4,5751.9,435.47,1076.04,316.01,,INR,observed,synthetic,"{""fare_text"":""\u20b97,674.40"",""source"":6,""route"":2,""scraped"":""2026-08-20T02:40:00+00:00"",""currency_seen"":""INR"",""availability"":""9 seats left""}",2026-08-20T02:40:00+00:00
179,3,1,IndiGo,6E101,2026-09-19T03:50:00+00:00,2026-09-20,08:40:00,1,T+1,economy,saver,0,9 seats left,10755.35,7799.87,642.06,1853.08,460.34,,INR,observed,synthetic,"{""fare_text"":""\u20b910,755.35"",""source"":1,""route"":3,""scraped"":""2026-09-19T03:50:00+00:00"",""currency_seen"":""INR"",""availability"":""9 seats left""}",2026-09-19T03:50:00+00:00
180,3,2,Air India,AI203,2026-09-19T12:35:00+00:00,2026-09-20,08:40:00,1,T+1,economy,,0,,9009.98,6553.97,647.78,1399.19,234.04,,INR,observed,synthetic,"{""fare_text"":""\u20b99,009.98"",""source"":2,""route"":3,""scraped"":""2026-09-19T12:35:00+00:00"",""currency_seen"":""INR"",""availability"":null}",2026-09-19T12:35:00+00:00
181,3,3,Akasa Air,QP202,2026-09-19T05:45:00+00:00,2026-09-20,08:40:00,1,T+1,economy,flexi,0,,13960.99,10248.08,658.1,2460.07,594.74,,INR,observed,synthetic,"{""fare_text"":""\u20b913,960.99"",""source"":3,""route"":3,""scraped"":""2026-09-19T05:45:00+00:00"",""currency_seen"":""INR"",""availability"":null}",2026-09-19T05:45:00+00:00
182,3,4,IndiGo,6E101,2026-09-19T05:30:00+00:00,2026-09-20,17:30:00,1,T+1,economy,,0,,8624.04,6731.8,450.32,1108.86,201.93,131.13,INR,observed,synthetic,"{""fare_text"":""\u20b98,624.04"",""source"":4,""route"":3,""scraped"":""2026-09-19T05:30:00+00:00"",""currency_seen"":""INR"",""availability"":null}",2026-09-19T05:30:00+00:00
183,3,5,Air India,AI203,2026-09-19T15:15:00+00:00,2026-09-20,17:30:00,1,T+1,economy,refundable,0,2 seats left,14746.7,10807.88,875.58,2261.5,507.61,294.13,INR,scrape_failed,synthetic,"{""fare_text"":""\u20b914,746.70"",""source"":5,""route"":3,""scraped"":""2026-09-19T15:15:00+00:00"",""currency_seen"":""INR"",""availability"":""2 seats left""}",2026-09-19T15:15:00+00:00
184,3,6,IndiGo,6E203,2026-09-19T05:50:00+00:00,2026-09-20,06:15:00,1,T+1,economy,,1,3 seats left,8471.03,5958.59,884.07,1342.59,188.01,97.77,INR,observed,synthetic,"{""fare_text"":""\u20b98,471.03"",""source"":6,""route"":3,""scraped"":""2026-09-19T05:50:00+00:00"",""currency_seen"":""INR"",""availability"":""3 seats left""}",2026-09-19T05:50:00+00:00
185,3,2,Air India,AI315,2026-09-13T14:30:00+00:00,2026-09-20,14:05:00,7,T+7,economy,,0,3 seats left,8560.53,6194.56,451.48,1247.62,,,INR,observed,synthetic,"{""fare_text"":""\u20b98,560.53"",""source"":2,""route"":3,""scraped"":""2026-09-13T14:30:00+00:00"",""currency_seen"":""INR"",""availability"":""3 seats left""}",2026-09-13T14:30:00+00:00
186,3,3,Akasa Air,QP110,2026-09-13T02:35:00+00:00,2026-09-20,17:30:00,7,T+90,economy,,0,Available,11772.85,9267.84,483.16,,382.18,,INR,observed,synthetic,"{""fare_text"":""\u20b911,772.85"",""source"":3,""route"":3,""scraped"":""2026-09-13T02:35:00+00:00"",""currency_seen"":""INR"",""availability"":""Available""}",2026-09-13T02:35:00+00:00
187,3,4,IndiGo,6E101,2026-09-13T04:40:00+00:00,2026-09-20,11:20:00,7,T+7,economy,,0,,15186.6,11546.86,264.44,2679.17,526.87,169.26,₹,observed,synthetic,"{""fare_text"":""\u20b915,186.60"",""source"":4,""route"":3,""scraped"":""2026-09-13T04:40:00+00:00"",""currency_seen"":""\u20b9"",""availability"":null}",2026-09-13T04:40:00+00:00
188,3,6,IndiGo,6E203,2026-09-13T12:45:00+00:00,2026-09-20,08:40:00,7,T+7,economy,,0,9 seats left,12713.32,9667.53,485.22,2015.77,354.1,190.7,INR,observed,synthetic,"{""fare_text"":""\u20b912,713.32"",""source"":6,""route"":3,""scraped"":""2026-09-13T12:45:00+00:00"",""currency_seen"":""INR"",""availability"":""9 seats left""}",2026-09-13T12:45:00+00:00
189,3,1,IndiGo,6E203,2026-09-05T14:45:00+00:00,2026-09-20,08:40:00,15,T+15,economy,flexi,1,9 seats left,11692.08,9023.48,500.03,1732.32,261.25,,INR ,observed,synthetic,"{""fare_text"":""\u20b911,692.08"",""source"":1,""route"":3,""scraped"":""2026-09-05T14:45:00+00:00"",""currency_seen"":""INR "",""availability"":""9 seats left""}",2026-09-05T14:45:00+00:00
190,3,2,Air India ,AI101,2026-09-05T12:45:00+00:00,2026-09-20,20:45:00,15,T+15,economy,,0,,11502.0,9106.39,544.72,1515.45,335.44,,INR,observed,synthetic,"{""fare_text"":""\u20b911,502.00"",""source"":2,""route"":3,""scraped"":""2026-09-05T12:45:00+00:00"",""currency_seen"":""INR"",""availability"":""""}",2026-09-05T12:45:00+00:00
191,3,5,Air India,AI203,2026-09-05T04:40:00+00:00,2026-09-20,06:15:00,15,T+15,economy,Saver,0,,13541.02,9890.37,691.29,2123.46,,311.59,INR,observed,synthetic,"{""fare_text"":""\u20b913,541.02"",""source"":5,""route"":3,""scraped"":""2026-09-05T04:40:00+00:00"",""currency_seen"":""INR"",""availability"":""""}",2026-09-05T04:40:00+00:00
192,3,6,IndiGo,6E315,2026-09-05T06:45:00+00:00,2026-09-20,14:05:00,15,T+15,economy,,0,,8937.29,6787.79,412.42,1345.94,305.31,85.83,INR,observed,synthetic,"{""fare_text"":""\u20b98,937.29"",""source"":6,""route"":3,""scraped"":""2026-09-05T06:45:00+00:00"",""currency_seen"":""INR"",""availability"":null}",2026-09-05T06:45:00+00:00
193,3,1,IndiGo,6E101,2026-08-21T04:45:00+00:00,2026-09-20,17:30:00,30,T+30,Economy,saver,0,,11785.06,9010.31,,1492.87,447.1,,INR,observed,synthetic,"{""fare_text"":""\u20b911,785.06"",""source"":1,""route"":3,""scraped"":""2026-08-21T04:45:00+00:00"",""currency_seen"":""INR"",""availability"":""""}",2026-08-21T04:45:00+00:00
194,3,2,Air India,AI101,2026-08-21T04:35:00+00:00,2026-09-20,08:40:00,30,T+30,economy,flexi,0,5 seats left,7367.69,5365.59,546.98,1227.3,227.82,,INR,observed,synthetic,"{""fare_text"":""\u20b97,367.69"",""source"":2,""route"":3,""scraped"":""2026-08-21T04:35:00+00:00"",""currency_seen"":""INR"",""availability"":""5 seats left""}",2026-08-21T04:35:00+00:00
195,3,3,Akasa Air,QP318,2026-08-21T10:50:00+00:00,2026-09-20,06:15:00,30,T+30,economy,saver,0,,9371.18,7299.81,392.96,1436.51,241.9,,INR,observed,synthetic,"{""fare_text"":""\u20b99,371.18"",""source"":3,""route"":3,""scraped"":""2026-08-21T10:50:00+00:00"",""currency_seen"":""INR"",""availability"":null}",2026-08-21T10:50:00+00:00
196,3,4,IndiGo,6E101,2026-08-21T14:50:00+00:00,2026-09-20,14:05:00,30,T+30,economy,Saver,1,5 seats left,12332.59,9349.09,608.7,1703.58,,260.53,INR,observed,synthetic,"{""fare_text"":""\u20b912,332.59"",""source"":4,""route"":3,""scraped"":""2026-08-21T14:50:00+00:00"",""currency_seen"":""INR"",""availability"":""5 seats left""}",2026-08-21T14:50:00+00:00
197,3,5,Air India,AI315,2026-08-21T08:35:00+00:00,2026-09-20,06:15:00,30,T+30,economy,flexi,0,3 seats left,,6760.62,,1308.53,277.51,272.45,INR,observed,synthetic,"{""fare_text"":null,""source"":5,""route"":3,""scraped"":""2026-08-21T08:35:00+00:00"",""currency_seen"":""INR"",""availability"":""3 seats left""}",2026-08-21T08:35:00+00:00
198,3,6,IndiGo,6E315,2026-08-21T05:00:00+00:00,2026-09-20,11:20:00,30,T+30,economy,flexi,0,Available,7997.4,5899.62,730.92,977.82,290.92,,INR,observed,synthetic,"{""fare_text"":""\u20b97,997.40"",""source"":6,""route"":3,""scraped"":""2026-08-21T05:00:00+00:00"",""currency_seen"":""INR"",""availability"":""Available""}",2026-08-21T05:00:00+00:00
199,3,1,IndiGo,6E315,2026-08-06T02:45:00+00:00,2026-09-20,06:15:00,45,T+45,economy,flexi,0,,12206.22,9409.77,592.18,1760.2,444.07,,INR,observed,synthetic,"{""fare_text"":""\u20b912,206.22"",""source"":1,""route"":3,""scraped"":""2026-08-06T02:45:00+00:00"",""currency_seen"":""INR"",""availability"":"""",""price_raw"":""N/A""}",2026-08-06T02:45:00+00:00
200,3,2,Air India,AI203,2026-08-06T14:45:00+00:00,2026-09-20,06:15:00,45,T+90,economy,flexi,0,3 seats left,7425.67,5401.37,751.14,1087.27,185.89,,₹,observed,synthetic,"{""fare_text"":""\u20b97,425.67"",""source"":2,""route"":3,""scraped"":""2026-08-06T14:45:00+00:00"",""currency_seen"":""\u20b9"",""availability"":""3 seats left""}",2026-08-06T14:45:00+00:00
201,3,3,Akasa Air,QP110,2026-08-06T04:30:00+00:00,2026-09-20,20:45:00,45,T+45,economy,flexi,1,2 seats left,8285.52,5974.07,594.36,1364.48,352.61,,INR,observed,synthetic,"{""fare_text"":""\u20b98,285.52"",""source"":3,""route"":3,""scraped"":""2026-08-06T04:30:00+00:00"",""currency_seen"":""INR"",""availability"":""2 seats left""}",2026-08-06T04:30:00+00:00
202,3,5,Air India,AI315,2026-08-06T05:50:00+00:00,2026-09-20,14:05:00,45,T+45,economy,saver,0,2 seats left,8573.16,6137.93,812.65,1138.41,222.76,261.41,INR,observed,synthetic,"{""fare_text"":""\u20b98,573.16"",""source"":5,""route"":3,""scraped"":""2026-08-06T05:50:00+00:00"",""currency_seen"":""INR"",""availability"":""2 seats left""}",2026-08-06T05:50:00+00:00
203,3,6,IndiGo,6E101,2026-08-06T10:40:00+00:00,2026-09-20,14:05:00,45,T+45,economy,refundable,1,3 seats left,8038.15,5539.93,,,182.75,227.32,INR,observed,synthetic,"{""fare_text"":""\u20b98,038.15"",""source"":6,""route"":3,""scraped"":""2026-08-06T10:40:00+00:00"",""currency_seen"":""INR"",""availability"":""3 seats left""}",2026-08-06T10:40:00+00:00
204,3,1,IndiGo,6E203,2026-09-22T05:00:00+00:00,2026-09-23,11:20:00,1,T+1,economy,flexi,0,5 seats left,15344.22,11746.95,705.63,2573.58,318.06,,INR,observed,synthetic,"{""fare_text"":""\u20b915,344.22"",""source"":1,""route"":3,""scraped"":""2026-09-22T05:00:00+00:00"",""currency_seen"":""INR"",""availability"":""5 seats left""}",2026-09-22T05:00:00+00:00
205,3,2,Air India,AI203,2026-09-22T08:30:00+00:00,2026-09-23,17:30:00,1,T+1,economy,saver,0,,8851.04,6625.76,467.7,1458.66,,,INR,observed,synthetic,"{""fare_text"":""\u20b98,851.04"",""source"":2,""route"":3,""scraped"":""2026-09-22T08:30:00+00:00"",""currency_seen"":""INR"",""availability"":null}",2026-09-22T08:30:00+00:00
206,3,3,Akasa Air,QP202,2026-09-22T14:30:00+00:00,2026-09-23,14:05:00,1,T+1,economy,,0,Available,,9919.35,428.75,1929.9,467.56,,INR,observed,synthetic,"{""fare_text"":null,""source"":3,""route"":3,""scraped"":""2026-09-22T14:30:00+00:00"",""currency_seen"":""INR"",""availability"":""Available""}",2026-09-22T14:30:00+00:00
207,3,6,IndiGo,6E203,2026-09-22T05:45:00+00:00,2026-09-23,06:15:00,1,T+1,economy,refundable,0,,13357.9,10240.61,621.96,,279.97,147.33,INR,sold_out,synthetic,"{""fare_text"":""\u20b913,357.90"",""source"":6,""route"":3,""scraped"":""2026-09-22T05:45:00+00:00"",""currency_seen"":""INR"",""availability"":""""}",2026-09-22T05:45:00+00:00
208,3,1,IndiGo,6E315,2026-09-16T15:00:00+00:00,2026-09-23,06:15:00,7,T+7,economy,refundable,3,Available,10236.6,8059.51,494.24,1334.79,348.06,,INR,observed,synthetic,"{""fare_text"":""\u20b910,236.60"",""source"":1,""route"":3,""scraped"":""2026-09-16T15:00:00+00:00"",""currency_seen"":""INR"",""availability"":""Available""}",2026-09-16T15:00:00+00:00
209,3,2,Air India,AI315,2026-09-16T03:40:00+00:00,2026-09-23,17:30:00,7,T+7,economy,,0,5 seats left,10780.45,8172.99,619.33,,,,INR,observed,synthetic,"{""fare_text"":""\u20b910,780.45"",""source"":2,""route"":3,""scraped"":""2026-09-16T03:40:00+00:00"",""currency_seen"":""INR"",""availability"":""5 seats left""}",2026-09-16T03:40:00+00:00
210,3,4,IndiGo,6E315,2026-09-16T06:30:00+00:00,2026-09-23,17:30:00,7,T+7,economy,saver,1,,73072.47,8721.28,471.12,1966.56,325.14,137.35,INR,observed,synthetic,"{""fare_text"":""\u20b973,072.47"",""source"":4,""route"":3,""scraped"":""2026-09-16T06:30:00+00:00"",""currency_seen"":""INR"",""availability"":null,""price_raw"":""N/A""}",2026-09-16T06:30:00+00:00
211,3,5,air india,AI101,2026-09-16T03:35:00+00:00,2026-09-23,08:40:00,7,T+7,economy,flexi,0,,12899.93,9689.65,786.03,1887.2,412.76,124.29,INR,observed,synthetic,"{""fare_text"":""\u20b912,899.93"",""source"":5,""route"":3,""scraped"":""2026-09-16T03:35:00+00:00"",""currency_seen"":""INR"",""availability"":null}",2026-09-16T03:35:00+00:00
212,3,6,IndiGo,6E203,2026-09-16T04:30:00+00:00,2026-09-23,17:30:00,7,T+7,economy,flexi,1,Available,9176.57,6818.23,625.81,1258.58,376.72,97.23,INR,observed,synthetic,"{""fare_text"":""\u20b99,176.57"",""source"":6,""route"":3,""scraped"":""2026-09-16T04:30:00+00:00"",""currency_seen"":""INR"",""availability"":""Available""}",2026-09-16T04:30:00+00:00
213,3,1,IndiGo,6E315,2026-09-08T06:35:00+00:00,2026-09-23,14:05:00,15,T+15,economy,flexi,0,two seats,8966.17,5785.91,872.99,,,,INR,scrape_failed,synthetic,"{""fare_text"":""\u20b98,966.17"",""source"":1,""route"":3,""scraped"":""2026-09-08T06:35:00+00:00"",""currency_seen"":""INR"",""availability"":""two seats""}",2026-09-08T06:35:00+00:00
214,3,2,Air India,AI315,2026-09-08T12:45:00+00:00,2026-09-23,08:40:00,15,T+15,economy,saver,0,9 seats left,10469.38,8025.4,,1682.34,,,INR,observed,synthetic,"{""fare_text"":""\u20b910,469.38"",""source"":2,""route"":3,""scraped"":""2026-09-08T12:45:00+00:00"",""currency_seen"":""INR"",""availability"":""9 seats left""}",2026-09-08T12:45:00+00:00
215,3,4,IndiGo,6E203,2026-09-08T12:30:00+00:00,2026-09-23,20:45:00,15,T+15,economy,,1,2 seats left,9667.7,6903.11,660.43,1408.03,199.98,321.15,INR,observed,synthetic,"{""fare_text"":""\u20b99,667.70"",""source"":4,""route"":3,""scraped"":""2026-09-08T12:30:00+00:00"",""currency_seen"":""INR"",""availability"":""2 seats left""}",2026-09-08T12:30:00+00:00
216,3,5,Air India,AI315,2026-09-08T02:30:00+00:00,2026-09-23,06:15:00,15,T+15,economy,refundable,0,2 seats left,13654.29,9793.47,819.8,2439.98,436.53,164.51,INR,observed,synthetic,"{""fare_text"":""\u20b913,654.29"",""source"":5,""route"":3,""scraped"":""2026-09-08T02:30:00+00:00"",""currency_seen"":""INR"",""availability"":""2 seats left""}",2026-09-08T02:30:00+00:00
217,3,4,IndiGo,6E203,2026-08-24T03:40:00+00:00,2026-09-23,14:05:00,30,T+30,Economy,refundable,0,2 seats left,8767.27,6396.49,562.54,1433.62,196.98,177.64,INR,observed,synthetic,"{""fare_text"":""\u20b98,767.27"",""source"":4,""route"":3,""scraped"":""2026-08-24T03:40:00+00:00"",""currency_seen"":""INR"",""availability"":""2 seats left""}",2026-08-24T03:40:00+00:00
218,3,6,IndiGo,6E315,2026-08-24T10:45:00+00:00,2026-09-23,20:45:00,30,T+30,economy,refundable,1,,9331.35,6630.17,638.62,1330.58,276.87,,INR,observed,synthetic,"{""fare_text"":""\u20b99,331.35"",""source"":6,""route"":3,""scraped"":""2026-08-24T10:45:00+00:00"",""currency_seen"":""INR"",""availability"":""""}",2026-08-24T10:45:00+00:00
219,3,2,Air India,AI101,2026-08-09T06:40:00+00:00,2026-09-23,08:40:00,45,T+45,economy,,0,3 seats left,10450.55,7846.9,696.8,1541.39,365.46,,INR ,observed,synthetic,"{""fare_text"":""\u20b910,450.55"",""source"":2,""route"":3,""scraped"":""2026-08-09T06:40:00+00:00"",""currency_seen"":""INR "",""availability"":""3 seats left""}",2026-08-09T06:40:00+00:00
220,3,3,Akasa Air,QP318,2026-08-09T12:40:00+00:00,2026-09-23,14:05:00,45,T+45,economy,,0,,8297.36,6003.88,616.09,1421.46,,,INR,observed,synthetic,"{""fare_text"":""\u20b98,297.36"",""source"":3,""route"":3,""scraped"":""2026-08-09T12:40:00+00:00"",""currency_seen"":""INR"",""availability"":null,""price_raw"":""N/A""}",2026-08-09T12:40:00+00:00
221,3,4,indigo,6E315,2026-08-09T14:30:00+00:00,2026-09-23,17:30:00,45,T+45,Economy,flexi,1,2 seats left,9259.5,6801.59,568.42,1183.03,399.98,306.48,INR,observed,synthetic,"{""fare_text"":""\u20b99,259.50"",""source"":4,""route"":3,""scraped"":""2026-08-09T14:30:00+00:00"",""currency_seen"":""INR"",""availability"":""2 seats left""}",2026-08-09T14:30:00+00:00
222,3,5,Air India,AI315,2026-08-09T05:50:00+00:00,2026-09-23,11:20:00,45,T+45,economy,,0,5 seats left,8449.82,6277.43,423.58,1294.49,254.57,199.75,INR,observed,synthetic,"{""fare_text"":""\u20b98,449.82"",""source"":5,""route"":3,""scraped"":""2026-08-09T05:50:00+00:00"",""currency_seen"":""INR"",""availability"":""5 seats left""}",2026-08-09T05:50:00+00:00
223,3,6,indigo,6E203,2026-08-09T02:30:00+00:00,2026-09-23,08:40:00,45,T+45,economy,,1,9 seats left,9420.78,6845.82,878.07,1215.88,292.1,188.91,INR ,observed,synthetic,"{""fare_text"":""\u20b99,420.78"",""source"":6,""route"":3,""scraped"":""2026-08-09T02:30:00+00:00"",""currency_seen"":""INR "",""availability"":""9 seats left""}",2026-08-09T02:30:00+00:00
224,3,2,Air India,AI101,2026-09-26T10:50:00+00:00,2026-09-27,08:40:00,1,T+1,economy,refundable,3,Available,13720.01,10013.51,831.45,2502.08,372.97,,INR ,observed,synthetic,"{""fare_text"":""\u20b913,720.01"",""source"":2,""route"":3,""scraped"":""2026-09-26T10:50:00+00:00"",""currency_seen"":""INR "",""availability"":""Available"",""price_raw"":""N/A""}",2026-09-26T10:50:00+00:00
225,3,4,IndiGo,6E203,2026-09-26T04:45:00+00:00,2026-09-27,06:15:00,1,T+1,economy,,0,3 seats left,12241.02,9458.69,580.04,1599.1,516.87,336.32,₹,observed,synthetic,"{""fare_text"":""\u20b912,241.02"",""source"":4,""route"":3,""scraped"":""2026-09-26T04:45:00+00:00"",""currency_seen"":""\u20b9"",""availability"":""3 seats left""}",2026-09-26T04:45:00+00:00
226,3,5,Air India,AI315,2026-09-26T05:35:00+00:00,2026-09-27,08:40:00,1,T+1,economy,,0,,17443.82,12950.02,840.99,2957.62,577.5,,INR,observed,synthetic,"{""fare_text"":""\u20b917,443.82"",""source"":5,""route"":3,""scraped"":""2026-09-26T05:35:00+00:00"",""currency_seen"":""INR"",""availability"":null}",2026-09-26T05:35:00+00:00
227,3,1,IndiGo,6E203,2026-09-20T05:35:00+00:00,2026-09-27,25:71:00,7,T+7,economy,flexi,0,2 seats left,12202.59,9602.47,446.48,1614.86,538.78,,INR,observed,synthetic,"{""fare_text"":""\u20b912,202.59"",""source"":1,""route"":3,""scraped"":""2026-09-20T05:35:00+00:00"",""currency_seen"":""INR"",""availability"":""2 seats left""}",2026-09-20T05:35:00+00:00
228,3,2,Air India,AI203,2026-09-20T02:45:00+00:00,2026-09-27,11:20:00,7,T+7,economy,saver,0,2 seats left,10303.31,7956.71,341.28,1678.9,326.42,,INR,observed,synthetic,"{""fare_text"":""\u20b910,303.31"",""source"":2,""route"":3,""scraped"":""2026-09-20T02:45:00+00:00"",""currency_seen"":""INR"",""availability"":""2 seats left""}",2026-09-20T02:45:00+00:00
229,3,4,IndiGo,6E101,2026-09-20T13:00:00+00:00,2026-09-27,17:30:00,7,T+7,economy,,0,3 seats left,10454.64,7843.22,397.62,1595.32,421.31,197.17,INR,observed,synthetic,"{""fare_text"":""\u20b910,454.64"",""source"":4,""route"":3,""scraped"":""2026-09-20T13:00:00+00:00"",""currency_seen"":""INR"",""availability"":""3 seats left""}",2026-09-20T13:00:00+00:00
230,3,5,Air India,AI315,2026-09-20T02:40:00+00:00,2026-09-27,17:30:00,7,T+7,economy,saver,0,2 seats left,3692.47,6789.58,252.58,1109.97,187.46,,INR,observed,synthetic,"{""fare_text"":""\u20b93,692.47"",""source"":5,""route"":3,""scraped"":""2026-09-20T02:40:00+00:00"",""currency_seen"":""INR"",""availability"":""2 seats left"",""debug"":""unexpected_field""}",2026-09-20T02:40:00+00:00
231,3,6,IndiGo,6E203,2026-09-20T08:45:00+00:00,2026-09-27,06:15:00,7,T+7,economy,,0,9 seats left,11008.34,8424.28,579.05,1360.8,,332.44,INR,observed,synthetic,"{""fare_text"":""\u20b911,008.34"",""source"":6,""route"":3,""scraped"":""2026-09-20T08:45:00+00:00"",""currency_seen"":""INR"",""availability"":""9 seats left"",""price_raw"":""N/A""}",2026-09-20T08:45:00+00:00
232,3,1,IndiGo,6E315,2026-09-12T08:40:00+00:00,2026-09-27,17:30:00,15,T+15,economy,,0,5 seats left,10477.77,8099.71,679.07,1353.66,345.33,,INR,observed,synthetic,"{""fare_text"":""\u20b910,477.77"",""source"":1,""route"":3,""scraped"":""2026-09-12T08:40:00+00:00"",""currency_seen"":""INR"",""availability"":""5 seats left"",""price_raw"":""N/A""}",2026-09-12T08:40:00+00:00
233,3,2,Air India,AI101,2026-09-12T04:30:00+00:00,2026-09-27,06:15:00,15,T+15,economy,flexi,3,,11049.72,8790.35,,2031.84,329.28,,INR,observed,synthetic,"{""fare_text"":""\u20b911,049.72"",""source"":2,""route"":3,""scraped"":""2026-09-12T04:30:00+00:00"",""currency_seen"":""INR"",""availability"":null}",2026-09-12T04:30:00+00:00
234,3,5,Air India,AI203,2026-09-12T06:50:00+00:00,2026-09-27,11:20:00,15,T+15,economy,saver,0,,8713.66,6294.47,419.57,1531.85,299.43,168.34,INR ,observed,synthetic,"{""fare_text"":""\u20b98,713.66"",""source"":5,""route"":3,""scraped"":""2026-09-12T06:50:00+00:00"",""currency_seen"":""INR "",""availability"":null}",2026-09-12T06:50:00+00:00
235,3,6,IndiGo,6E101,2026-09-12T15:00:00+00:00,2026-09-27,08:40:00,15,T+15,economy,refundable,1,,10903.21,7796.19,829.07,1671.4,360.78,245.77,INR ,observed,synthetic,"{""fare_text"":""\u20b910,903.21"",""source"":6,""route"":3,""scraped"":""2026-09-12T15:00:00+00:00"",""currency_seen"":""INR "",""availability"":""""}",2026-09-12T15:00:00+00:00
236,3,1,IndiGo,6E101,2026-08-28T13:15:00+00:00,2026-09-27,11:20:00,30,T+30,economy,refundable,1,9 seats left,7468.81,5763.08,475.78,1047.95,182.0,,INR,observed,synthetic,"{""fare_text"":""\u20b97,468.81"",""source"":1,""route"":3,""scraped"":""2026-08-28T13:15:00+00:00"",""currency_seen"":""INR"",""availability"":""9 seats left""}",2026-08-28T13:15:00+00:00
237,3,2,Air India,AI101,2026-08-28T03:50:00+00:00,2026-09-27,06:15:00,30,T+30,economy,flexi,0,Available,2700.71,6582.91,413.69,1282.04,308.04,,INR,observed,synthetic,"{""fare_text"":""\u20b92,700.71"",""source"":2,""route"":3,""scraped"":""2026-08-28T03:50:00+00:00"",""currency_seen"":""INR"",""availability"":""Available""}",2026-08-28T03:50:00+00:00
238,3,3,Akasa Air,QP202,2026-08-28T14:30:00+00:00,2026-09-27,06:15:00,30,T+30,economy,flexi,1,Available,10284.7,7318.33,719.14,1698.53,373.7,,₹,observed,synthetic,"{""fare_text"":""\u20b910,284.70"",""source"":3,""route"":3,""scraped"":""2026-08-28T14:30:00+00:00"",""currency_seen"":""\u20b9"",""availability"":""Available"",""debug"":""unexpected_field""}",2026-08-28T14:30:00+00:00
239,3,4,IndiGo,6E101,2026-08-28T08:30:00+00:00,2026-09-27,08:40:00,30,T+30,economy,refundable,0,Available,9029.91,6464.37,,1387.91,183.02,215.01,INR,observed,synthetic,"{""fare_text"":""\u20b99,029.91"",""source"":4,""route"":3,""scraped"":""2026-08-28T08:30:00+00:00"",""currency_seen"":""INR"",""availability"":""Available""}",2026-08-28T08:30:00+00:00
240,3,6,IndiGo,6E101,2026-08-28T13:00:00+00:00,2026-09-27,25:71:00,30,T+30,economy,,0,,9400.48,6749.61,879.98,,232.1,,INR,scrape_failed,synthetic,"{""fare_text"":""\u20b99,400.48"",""source"":6,""route"":3,""scraped"":""2026-08-28T13:00:00+00:00"",""currency_seen"":""INR"",""availability"":null}",2026-08-28T13:00:00+00:00
241,3,1,IndiGo,6E203,2026-08-13T03:00:00+00:00,2026-09-27,20:45:00,45,T+45,economy,flexi,0,,7861.09,6137.12,341.42,1381.35,251.2,,INR,observed,synthetic,"{""fare_text"":""\u20b97,861.09"",""source"":1,""route"":3,""scraped"":""2026-08-13T03:00:00+00:00"",""currency_seen"":""INR"",""availability"":null,""price_raw"":""N/A""}",2026-08-13T03:00:00+00:00
242,3,4,IndiGo,6E101,2026-08-13T04:45:00+00:00,2026-09-27,17:30:00,47,T+45,economy,,0,5 seats left,12310.29,9634.07,662.33,,330.94,81.75,INR,observed,synthetic,"{""fare_text"":""\u20b912,310.29"",""source"":4,""route"":3,""scraped"":""2026-08-13T04:45:00+00:00"",""currency_seen"":""INR"",""availability"":""5 seats left"",""debug"":""unexpected_field""}",2026-08-13T04:45:00+00:00
243,3,5,Air India,AI101,2026-08-13T14:30:00+00:00,2026-09-27,06:15:00,45,T+45,economy,,0,5 seats left,11591.56,8474.29,597.34,1938.93,408.93,172.07,INR,observed,synthetic,"{""fare_text"":""\u20b911,591.56"",""source"":5,""route"":3,""scraped"":""2026-08-13T14:30:00+00:00"",""currency_seen"":""INR"",""availability"":""5 seats left""}",2026-08-13T14:30:00+00:00
244,3,6,IndiGo,6E315,2026-08-13T04:35:00+00:00,2026-09-27,06:15:00,47,T+45,economy,,0,2 seats left,12622.41,9861.69,409.98,1750.84,352.48,247.42,INR,observed,synthetic,"{""fare_text"":""\u20b912,622.41"",""source"":6,""route"":3,""scraped"":""2026-08-13T04:35:00+00:00"",""currency_seen"":""INR"",""availability"":""2 seats left""}",2026-08-13T04:35:00+00:00
245,3,1,IndiGo,6E101,2026-10-03T04:00:00+00:00,2026-10-04,08:40:00,1,T+1,economy,,0,2 seats left,11466.23,8301.35,694.62,1979.05,491.21,,INR,observed,synthetic,"{""fare_text"":""\u20b911,466.23"",""source"":1,""route"":3,""scraped"":""2026-10-03T04:00:00+00:00"",""currency_seen"":""INR"",""availability"":""2 seats left""}",2026-10-03T04:00:00+00:00
246,3,2,Air India,AI203,2026-10-03T03:40:00+00:00,2026-10-04,11:20:00,1,T+1,economy,saver,0,2 seats left,9440.04,7100.71,778.12,,273.82,,INR,observed,synthetic,"{""fare_text"":""\u20b99,440.04"",""source"":2,""route"":3,""scraped"":""2026-10-03T03:40:00+00:00"",""currency_seen"":""INR"",""availability"":""2 seats left""}",2026-10-03T03:40:00+00:00
247,3,4,IndiGo,6E101,2026-10-03T07:00:00+00:00,2026-10-04,08:40:00,1,T+1,economy,,0,,14566.66,10925.13,664.76,2542.73,350.98,83.06,INR,parse_error,synthetic,"{""fare_text"":""\u20b914,566.66"",""source"":4,""route"":3,""scraped"":""2026-10-03T07:00:00+00:00"",""currency_seen"":""INR"",""availability"":""""}",2026-10-03T07:00:00+00:00
248,3,5,Air India,AI315,2026-10-03T08:35:00+00:00,2026-10-04,17:30:00,1,T+1,economy,flexi,0,5 seats left,13258.86,9834.76,351.08,,,,INR,observed,synthetic,"{""fare_text"":""\u20b913,258.86"",""source"":5,""route"":3,""scraped"":""2026-10-03T08:35:00+00:00"",""currency_seen"":""INR"",""availability"":""5 seats left""}",2026-10-03T08:35:00+00:00
249,3,1,IndiGo,6E315,2026-09-27T03:35:00+00:00,2026-10-04,17:30:00,7,T+7,economy,saver,0,3 seats left,10223.31,8173.66,318.93,1327.68,,,INR,observed,synthetic,"{""fare_text"":""\u20b910,223.31"",""source"":1,""route"":3,""scraped"":""2026-09-27T03:35:00+00:00"",""currency_seen"":""INR"",""availability"":""3 seats left""}",2026-09-27T03:35:00+00:00
250,3,3,Akasa Air,QP110,2026-09-27T05:30:00+00:00,2026-10-04,08:40:00,7,T+7,economy,,0,2 seats left,12802.79,10161.08,,1906.1,474.48,,INR,sold_out,synthetic,"{""fare_text"":""\u20b912,802.79"",""source"":3,""route"":3,""scraped"":""2026-09-27T05:30:00+00:00"",""currency_seen"":""INR"",""availability"":""2 seats left""}",2026-09-27T05:30:00+00:00
251,3,4,IndiGo,6E101,2026-09-27T12:30:00+00:00,2026-10-04,08:40:00,5,T+7,economy,saver,0,5 seats left,11400.89,8655.34,389.62,,372.6,213.75,INR,observed,synthetic,"{""fare_text"":""\u20b911,400.89"",""source"":4,""route"":3,""scraped"":""2026-09-27T12:30:00+00:00"",""currency_seen"":""INR"",""availability"":""5 seats left""}",2026-09-27T12:30:00+00:00
252,3,5,Air India,AI101,2026-09-27T13:15:00+00:00,2026-10-04,20:45:00,7,T+7,economy,flexi,3,5 seats left,9551.67,6935.95,693.92,1501.87,305.97,113.96,INR,observed,synthetic,"{""fare_text"":""\u20b99,551.67"",""source"":5,""route"":3,""scraped"":""2026-09-27T13:15:00+00:00"",""currency_seen"":""INR"",""availability"":""5 seats left""}",2026-09-27T13:15:00+00:00
253,3,6,IndiGo,6E203,2026-09-27T10:45:00+00:00,2026-10-04,20:45:00,7,T+7,economy,refundable,0,,10985.62,8464.18,,1556.72,,,INR,observed,synthetic,"{""fare_text"":""\u20b910,985.62"",""source"":6,""route"":3,""scraped"":""2026-09-27T10:45:00+00:00"",""currency_seen"":""INR"",""availability"":null}",2026-09-27T10:45:00+00:00
254,3,1,indigo,6E203,2026-09-19T13:15:00+00:00,2026-10-04,08:40:00,15,T+15,economy,flexi,0,5 seats left,,8091.62,663.76,1574.98,269.84,,INR,observed,synthetic,"{""fare_text"":null,""source"":1,""route"":3,""scraped"":""2026-09-19T13:15:00+00:00"",""currency_seen"":""INR"",""availability"":""5 seats left""}",2026-09-19T13:15:00+00:00
255,3,3,Akasa Air,QP318,2026-09-19T04:50:00+00:00,2026-10-04,14:05:00,15,T+15,economy,,0,,14165.4,11591.15,273.25,1919.62,,,INR,observed,synthetic,"{""fare_text"":""\u20b914,165.40"",""source"":3,""route"":3,""scraped"":""2026-09-19T04:50:00+00:00"",""currency_seen"":""INR"",""availability"":null}",2026-09-19T04:50:00+00:00
256,3,4,IndiGo,6E315,2026-09-19T15:15:00+00:00,2026-10-04,06:15:00,15,T+15,economy,flexi,0,,4348.86,7995.28,899.58,1674.3,253.11,271.89,INR,observed,synthetic,"{""fare_text"":""\u20b94,348.86"",""source"":4,""route"":3,""scraped"":""2026-09-19T15:15:00+00:00"",""currency_seen"":""INR"",""availability"":""""}",2026-09-19T15:15:00+00:00
257,3,6,IndiGo,6E203,2026-09-19T11:00:00+00:00,2026-10-04,14:05:00,14,T+90,economy,,0,2 seats left,4752.09,7901.35,,1288.82,,,INR,observed,synthetic,"{""fare_text"":""\u20b94,752.09"",""source"":6,""route"":3,""scraped"":""2026-09-19T11:00:00+00:00"",""currency_seen"":""INR"",""availability"":""2 seats left"",""debug"":""unexpected_field""}",2026-09-19T11:00:00+00:00
258,3,1,IndiGo,6E203,2026-09-04T14:30:00+00:00,2026-10-04,08:40:00,30,T+30,Economy,flexi,0,2 seats left,9461.38,7260.54,590.6,,,,INR,observed,synthetic,"{""fare_text"":""\u20b99,461.38"",""source"":1,""route"":3,""scraped"":""2026-09-04T14:30:00+00:00"",""currency_seen"":""INR"",""availability"":""2 seats left""}",2026-09-04T14:30:00+00:00
259,3,4,IndiGo,6E315,2026-09-04T14:40:00+00:00,2026-10-04,14:05:00,30,T+30,economy,,0,,10571.3,7539.77,517.02,1786.86,388.49,339.16,INR,observed,synthetic,"{""fare_text"":""\u20b910,571.30"",""source"":4,""route"":3,""scraped"":""2026-09-04T14:40:00+00:00"",""currency_seen"":""INR"",""availability"":null}",2026-09-04T14:40:00+00:00
260,3,5,Air India ,AI101,2026-09-04T04:15:00+00:00,2026-10-04,08:40:00,30,T+30,economy,flexi,0,3 seats left,9806.74,7538.8,407.0,1293.77,,205.75,INR,observed,synthetic,"{""fare_text"":""\u20b99,806.74"",""source"":5,""route"":3,""scraped"":""2026-09-04T04:15:00+00:00"",""currency_seen"":""INR"",""availability"":""3 seats left""}",2026-09-04T04:15:00+00:00
261,3,6,IndiGo,6E315,2026-09-04T06:30:00+00:00,2026-10-04,06:15:00,30,T+30,economy,,0,,8538.66,6463.14,358.25,1182.41,,320.1,INR,observed,synthetic,"{""fare_text"":""\u20b98,538.66"",""source"":6,""route"":3,""scraped"":""2026-09-04T06:30:00+00:00"",""currency_seen"":""INR"",""availability"":""""}",2026-09-04T06:30:00+00:00
262,3,2,Air India,AI315,2026-08-20T04:50:00+00:00,2026-10-04,11:20:00,45,T+45,economy,saver,0,9 seats left,10320.27,7419.68,708.38,1786.88,405.33,,INR,observed,synthetic,"{""fare_text"":""\u20b910,320.27"",""source"":2,""route"":3,""scraped"":""2026-08-20T04:50:00+00:00"",""currency_seen"":""INR"",""availability"":""9 seats left""}",2026-08-20T04:50:00+00:00
263,3,3,Akasa Air,QP318,2026-08-20T04:50:00+00:00,2026-10-04,17:30:00,45,T+45,economy,flexi,0,two seats,9015.66,6669.98,646.13,1398.2,301.35,,INR,observed,synthetic,"{""fare_text"":""\u20b99,015.66"",""source"":3,""route"":3,""scraped"":""2026-08-20T04:50:00+00:00"",""currency_seen"":""INR"",""availability"":""two seats"",""debug"":""unexpected_field""}",2026-08-20T04:50:00+00:00
264,3,5,Air India,AI101,2026-08-20T12:50:00+00:00,2026-10-04,17:30:00,45,T+45,economy,,0,Available,8268.74,5779.53,606.44,1314.26,305.03,263.48,INR,observed,synthetic,"{""fare_text"":""\u20b98,268.74"",""source"":5,""route"":3,""scraped"":""2026-08-20T12:50:00+00:00"",""currency_seen"":""INR"",""availability"":""Available""}",2026-08-20T12:50:00+00:00
265,3,6,IndiGo,6E101,2026-08-20T04:00:00+00:00,2026-10-04,17:30:00,45,T+45,economy,refundable,0,3 seats left,41665.7,6948.99,374.2,1412.59,192.33,192.62,INR,observed,synthetic,"{""fare_text"":""\u20b941,665.70"",""source"":6,""route"":3,""scraped"":""2026-08-20T04:00:00+00:00"",""currency_seen"":""INR"",""availability"":""3 seats left""}",2026-08-20T04:00:00+00:00
266,4,1,IndiGo,6E101,2026-09-19T04:00:00+00:00,2026-09-20,08:40:00,-1,T+1,economy,refundable,1,2 seats left,,7861.69,496.05,,285.44,,INR,sold_out,synthetic,"{""fare_text"":null,""source"":1,""route"":4,""scraped"":""2026-09-19T04:00:00+00:00"",""currency_seen"":""INR"",""availability"":""2 seats left""}",2026-09-19T04:00:00+00:00
267,4,2,Air India,AI203,2026-09-19T05:35:00+00:00,2026-09-20,17:30:00,1,T+1,economy,refundable,0,5 seats left,11977.87,9173.42,259.73,2226.38,318.34,,INR,observed,synthetic,"{""fare_text"":""\u20b911,977.87"",""source"":2,""route"":4,""scraped"":""2026-09-19T05:35:00+00:00"",""currency_seen"":""INR"",""availability"":""5 seats left"",""debug"":""unexpected_field""}",2026-09-19T05:35:00+00:00
268,4,4,IndiGo,6E203,2026-09-19T06:40:00+00:00,2026-09-20,08:40:00,1,T+1,economy,refundable,0,9 seats left,11701.38,8664.77,541.71,2091.14,,119.51,INR,observed,synthetic,"{""fare_text"":""\u20b911,701.38"",""source"":4,""route"":4,""scraped"":""2026-09-19T06:40:00+00:00"",""currency_seen"":""INR"",""availability"":""9 seats left""}",2026-09-19T06:40:00+00:00
269,4,5,Air India,AI315,2026-09-19T05:15:00+00:00,2026-09-20,06:15:00,1,T+1,economy,saver,0,Available,9322.63,6893.82,509.96,1365.88,304.76,,INR,scrape_failed,synthetic,"{""fare_text"":""\u20b99,322.63"",""source"":5,""route"":4,""scraped"":""2026-09-19T05:15:00+00:00"",""currency_seen"":""INR"",""availability"":""Available"",""debug"":""unexpected_field""}",2026-09-19T05:15:00+00:00
270,4,6,IndiGo,6E315,2026-09-19T05:15:00+00:00,2026-09-20,11:20:00,1,T+1,economy,,0,,17205.61,12688.31,,,646.15,185.94,INR,observed,synthetic,"{""fare_text"":""\u20b917,205.61"",""source"":6,""route"":4,""scraped"":""2026-09-19T05:15:00+00:00"",""currency_seen"":""INR"",""availability"":null}",2026-09-19T05:15:00+00:00
271,4,1,IndiGo,6E203,2026-09-13T12:35:00+00:00,2026-09-20,17:30:00,7,T+7,economy,flexi,0,Available,12839.73,10402.6,388.78,2033.48,514.87,,INR,observed,synthetic,"{""fare_text"":""\u20b912,839.73"",""source"":1,""route"":4,""scraped"":""2026-09-13T12:35:00+00:00"",""currency_seen"":""INR"",""availability"":""Available""}",2026-09-13T12:35:00+00:00
272,4,2,Air India,AI101,2026-09-13T03:35:00+00:00,2026-09-20,08:40:00,7,T+7,economy,flexi,0,3 seats left,10624.26,8117.34,345.22,1769.48,392.22,,INR,observed,synthetic,"{""fare_text"":""\u20b910,624.26"",""source"":2,""route"":4,""scraped"":""2026-09-13T03:35:00+00:00"",""currency_seen"":""INR"",""availability"":""3 seats left""}",2026-09-13T03:35:00+00:00
273,4,3,Akasa Air,QP318,2026-09-13T04:35:00+00:00,2026-09-20,11:20:00,7,T+7,economy,,0,9 seats left,9199.0,6707.75,726.3,1448.16,316.79,,INR ,observed,synthetic,"{""fare_text"":""\u20b99,199.00"",""source"":3,""route"":4,""scraped"":""2026-09-13T04:35:00+00:00"",""currency_seen"":""INR "",""availability"":""9 seats left"",""price_raw"":""N/A""}",2026-09-13T04:35:00+00:00
274,4,4,IndiGo,6E101,2026-09-13T02:45:00+00:00,2026-09-20,25:71:00,7,T+7,economy,,0,,16719.71,12506.8,457.55,3070.5,604.28,80.58,INR ,observed,synthetic,"{""fare_text"":""\u20b916,719.71"",""source"":4,""route"":4,""scraped"":""2026-09-13T02:45:00+00:00"",""currency_seen"":""INR "",""availability"":null}",2026-09-13T02:45:00+00:00
275,4,5,Air India,AI101,2026-09-13T08:50:00+00:00,2026-09-20,14:05:00,7,T+7,economy,refundable,0,9 seats left,2972.21,11981.31,549.64,2990.69,368.54,80.82,INR ,observed,synthetic,"{""fare_text"":""\u20b92,972.21"",""source"":5,""route"":4,""scraped"":""2026-09-13T08:50:00+00:00"",""currency_seen"":""INR "",""availability"":""9 seats left""}",2026-09-13T08:50:00+00:00
276,4,2,Air India,AI315,2026-09-05T06:45:00+00:00,2026-09-20,08:40:00,15,T+15,economy,,0,5 seats left,15108.14,11396.66,418.17,2657.79,635.52,,INR,observed,synthetic,"{""fare_text"":""\u20b915,108.14"",""source"":2,""route"":4,""scraped"":""2026-09-05T06:45:00+00:00"",""currency_seen"":""INR"",""availability"":""5 seats left""}",2026-09-05T06:45:00+00:00
277,4,3,Akasa Air,QP110,2026-09-05T05:00:00+00:00,2026-09-20,17:30:00,15,T+15,economy,flexi,0,,8747.58,6397.55,526.21,1564.06,259.76,,INR,observed,synthetic,"{""fare_text"":""\u20b98,747.58"",""source"":3,""route"":4,""scraped"":""2026-09-05T05:00:00+00:00"",""currency_seen"":""INR"",""availability"":null}",2026-09-05T05:00:00+00:00
278,4,4,IndiGo,6E315,2026-09-05T05:30:00+00:00,2026-09-20,08:40:00,15,T+15,economy,,0,2 seats left,9114.88,6627.45,814.73,1171.95,189.08,,INR,observed,synthetic,"{""fare_text"":""\u20b99,114.88"",""source"":4,""route"":4,""scraped"":""2026-09-05T05:30:00+00:00"",""currency_seen"":""INR"",""availability"":""2 seats left"",""price_raw"":""N/A""}",2026-09-05T05:30:00+00:00
279,4,5,Air India,AI101,2026-09-05T06:45:00+00:00,2026-09-20,17:30:00,15,T+15,economy,,0,2 seats left,8500.53,6534.46,338.02,1047.45,267.36,,INR,sold_out,synthetic,"{""fare_text"":""\u20b98,500.53"",""source"":5,""route"":4,""scraped"":""2026-09-05T06:45:00+00:00"",""currency_seen"":""INR"",""availability"":""2 seats left""}",2026-09-05T06:45:00+00:00
280,4,1,IndiGo,6E315,2026-08-21T08:50:00+00:00,2026-09-20,08:40:00,30,T+30,economy,,0,Available,9625.2,6941.89,,1700.4,234.57,,INR ,observed,synthetic,"{""fare_text"":""\u20b99,625.20"",""source"":1,""route"":4,""scraped"":""2026-08-21T08:50:00+00:00"",""currency_seen"":""INR "",""availability"":""Available""}",2026-08-21T08:50:00+00:00
281,4,4,IndiGo,6E315,2026-08-21T11:00:00+00:00,2026-09-20,11:20:00,30,T+30,economy,flexi,0,2 seats left,7832.71,5525.35,861.13,957.16,251.97,237.1,INR,observed,synthetic,"{""fare_text"":""\u20b97,832.71"",""source"":4,""route"":4,""scraped"":""2026-08-21T11:00:00+00:00"",""currency_seen"":""INR"",""availability"":""2 seats left"",""price_raw"":""N/A""}",2026-08-21T11:00:00+00:00
282,4,6,IndiGo,6E203,2026-08-21T02:40:00+00:00,2026-09-20,11:20:00,30,T+30,economy,flexi,1,9 seats left,8558.86,6083.36,750.96,1330.61,280.56,113.37,INR,observed,synthetic,"{""fare_text"":""\u20b98,558.86"",""source"":6,""route"":4,""scraped"":""2026-08-21T02:40:00+00:00"",""currency_seen"":""INR"",""availability"":""9 seats left""}",2026-08-21T02:40:00+00:00
283,4,3,Akasa Air,QP110,2026-08-06T08:35:00+00:00,2026-09-20,11:20:00,43,T+45,economy,refundable,0,,7594.52,6048.23,263.15,,228.23,,INR,observed,synthetic,"{""fare_text"":""\u20b97,594.52"",""source"":3,""route"":4,""scraped"":""2026-08-06T08:35:00+00:00"",""currency_seen"":""INR"",""availability"":""""}",2026-08-06T08:35:00+00:00
284,4,4,IndiGo,6E203,2026-08-06T03:50:00+00:00,2026-09-20,06:15:00,45,T+45,economy,,0,9 seats left,34032.94,5912.77,279.25,1356.24,,159.35,INR,observed,synthetic,"{""fare_text"":""\u20b934,032.94"",""source"":4,""route"":4,""scraped"":""2026-08-06T03:50:00+00:00"",""currency_seen"":""INR"",""availability"":""9 seats left"",""price_raw"":""N/A""}",2026-08-06T03:50:00+00:00
285,4,5,Air India,AI101,2026-08-06T06:30:00+00:00,2026-09-20,14:05:00,45,T+45,economy,refundable,0,2 seats left,,6748.81,358.84,1613.94,356.51,287.71,INR,observed,synthetic,"{""fare_text"":null,""source"":5,""route"":4,""scraped"":""2026-08-06T06:30:00+00:00"",""currency_seen"":""INR"",""availability"":""2 seats left"",""debug"":""unexpected_field""}",2026-08-06T06:30:00+00:00
286,4,1,IndiGo,6E315,2026-09-22T04:50:00+00:00,2026-09-23,14:05:00,1,T+1,economy,,0,3 seats left,9462.58,7398.0,840.13,1247.69,226.76,,INR,observed,synthetic,"{""fare_text"":""\u20b99,462.58"",""source"":1,""route"":4,""scraped"":""2026-09-22T04:50:00+00:00"",""currency_seen"":""INR"",""availability"":""3 seats left""}",2026-09-22T04:50:00+00:00
287,4,4,IndiGo,6E203,2026-09-22T06:45:00+00:00,2026-09-23,11:20:00,1,T+1,economy,refundable,0,,9072.89,7177.56,317.03,,229.76,98.2,INR,observed,synthetic,"{""fare_text"":""\u20b99,072.89"",""source"":4,""route"":4,""scraped"":""2026-09-22T06:45:00+00:00"",""currency_seen"":""INR"",""availability"":null}",2026-09-22T06:45:00+00:00
288,4,6,IndiGo,6E101,2026-09-22T08:45:00+00:00,2026-09-23,14:05:00,1,T+1,economy,flexi,0,2 seats left,10091.54,7524.57,256.45,1571.53,394.26,344.73,INR,observed,synthetic,"{""fare_text"":""\u20b910,091.54"",""source"":6,""route"":4,""scraped"":""2026-09-22T08:45:00+00:00"",""currency_seen"":""INR"",""availability"":""2 seats left""}",2026-09-22T08:45:00+00:00
289,4,1,IndiGo,6E315,2026-09-16T08:35:00+00:00,2026-09-23,06:15:00,7,T+7,economy,,1,Available,11068.78,8411.51,657.89,1708.46,,,INR,observed,synthetic,"{""fare_text"":""\u20b911,068.78"",""source"":1,""route"":4,""scraped"":""2026-09-16T08:35:00+00:00"",""currency_seen"":""INR"",""availability"":""Available"",""debug"":""unexpected_field""}",2026-09-16T08:35:00+00:00
290,4,3,Akasa Air,QP202,2026-09-16T04:45:00+00:00,2026-09-23,08:40:00,7,T+7,economy,,0,2 seats left,10801.61,8384.82,526.15,1465.86,424.78,,INR,observed,synthetic,"{""fare_text"":""\u20b910,801.61"",""source"":3,""route"":4,""scraped"":""2026-09-16T04:45:00+00:00"",""currency_seen"":""INR"",""availability"":""2 seats left""}",2026-09-16T04:45:00+00:00
291,4,4,IndiGo,6E203,2026-09-16T08:30:00+00:00,2026-09-23,11:20:00,7,T+7,economy,,0,5 seats left,11542.88,8757.51,549.56,1709.5,423.04,103.27,INR,observed,synthetic,"{""fare_text"":""\u20b911,542.88"",""source"":4,""route"":4,""scraped"":""2026-09-16T08:30:00+00:00"",""currency_seen"":""INR"",""availability"":""5 seats left""}",2026-09-16T08:30:00+00:00
292,4,2,Air India,AI315,2026-09-08T05:40:00+00:00,2026-09-23,20:45:00,15,T+15,economy,saver,0,2 seats left,7258.46,5523.46,464.24,954.77,315.99,,INR,observed,synthetic,"{""fare_text"":""\u20b97,258.46"",""source"":2,""route"":4,""scraped"":""2026-09-08T05:40:00+00:00"",""currency_seen"":""INR"",""availability"":""2 seats left""}",2026-09-08T05:40:00+00:00
293,4,4,IndiGo,6E315,2026-09-08T08:45:00+00:00,2026-09-23,20:45:00,15,T+15,economy,,0,,9370.85,7109.41,294.68,1418.58,221.29,326.89,INR,observed,synthetic,"{""fare_text"":""\u20b99,370.85"",""source"":4,""route"":4,""scraped"":""2026-09-08T08:45:00+00:00"",""currency_seen"":""INR"",""availability"":""""}",2026-09-08T08:45:00+00:00
294,4,6,IndiGo,6E101,2026-09-08T11:00:00+00:00,2026-09-23,25:71:00,15,T+15,economy,saver,0,3 seats left,14870.14,11500.25,616.34,2302.42,542.44,158.69,INR,observed,synthetic,"{""fare_text"":""\u20b914,870.14"",""source"":6,""route"":4,""scraped"":""2026-09-08T11:00:00+00:00"",""currency_seen"":""INR"",""availability"":""3 seats left""}",2026-09-08T11:00:00+00:00
295,4,2,Air India,AI203,2026-08-24T04:35:00+00:00,2026-09-23,17:30:00,30,T+30,Economy,saver,0,,8788.26,6528.46,854.13,1219.43,186.24,,INR,observed,synthetic,"{""fare_text"":""\u20b98,788.26"",""source"":2,""route"":4,""scraped"":""2026-08-24T04:35:00+00:00"",""currency_seen"":""INR"",""availability"":""""}",2026-08-24T04:35:00+00:00
296,4,3,Akasa Air ,QP110,2026-08-24T03:15:00+00:00,2026-09-23,25:71:00,30,T+30,economy,refundable,0,5 seats left,7998.02,6267.46,518.18,1035.23,177.15,,INR,sold_out,synthetic,"{""fare_text"":""\u20b97,998.02"",""source"":3,""route"":4,""scraped"":""2026-08-24T03:15:00+00:00"",""currency_seen"":""INR"",""availability"":""5 seats left"",""price_raw"":""N/A""}",2026-08-24T03:15:00+00:00
297,4,5,Air India,AI203,2026-08-24T08:40:00+00:00,2026-09-23,08:40:00,30,T+30,economy,flexi,0,2 seats left,8090.65,5945.26,527.5,1065.09,259.1,293.7,INR,observed,synthetic,"{""fare_text"":""\u20b98,090.65"",""source"":5,""route"":4,""scraped"":""2026-08-24T08:40:00+00:00"",""currency_seen"":""INR"",""availability"":""2 seats left""}",2026-08-24T08:40:00+00:00
298,4,1,IndiGo,6E101,2026-08-09T08:45:00+00:00,2026-09-23,06:15:00,45,T+45,economy,saver,0,Available,11860.38,9193.46,480.96,1692.73,493.23,,INR,observed,synthetic,"{""fare_text"":""\u20b911,860.38"",""source"":1,""route"":4,""scraped"":""2026-08-09T08:45:00+00:00"",""currency_seen"":""INR"",""availability"":""Available""}",2026-08-09T08:45:00+00:00
299,4,2,Air India,AI203,2026-08-09T15:00:00+00:00,2026-09-23,17:30:00,45,T+45,economy,flexi,0,2 seats left,9294.67,7425.15,250.94,1321.88,296.7,,INR,observed,synthetic,"{""fare_text"":""\u20b99,294.67"",""source"":2,""route"":4,""scraped"":""2026-08-09T15:00:00+00:00"",""currency_seen"":""INR"",""availability"":""2 seats left"",""debug"":""unexpected_field""}",2026-08-09T15:00:00+00:00
300,4,3,Akasa Air,QP318,2026-08-09T10:30:00+00:00,2026-09-23,11:20:00,45,T+45,economy,flexi,0,,7590.55,5694.36,557.67,1005.61,332.91,,INR,observed,synthetic,"{""fare_text"":""\u20b97,590.55"",""source"":3,""route"":4,""scraped"":""2026-08-09T10:30:00+00:00"",""currency_seen"":""INR"",""availability"":null}",2026-08-09T10:30:00+00:00
301,4,4,IndiGo,6E315,2026-08-09T05:45:00+00:00,2026-09-23,14:05:00,45,T+45,economy,,0,Available,7283.97,5381.4,285.63,1081.59,245.42,289.93,INR,observed,synthetic,"{""fare_text"":""\u20b97,283.97"",""source"":4,""route"":4,""scraped"":""2026-08-09T05:45:00+00:00"",""currency_seen"":""INR"",""availability"":""Available""}",2026-08-09T05:45:00+00:00
302,4,5,Air India,AI101,2026-08-09T06:00:00+00:00,2026-09-23,06:15:00,45,T+45,economy,refundable,0,Available,10705.66,8028.26,458.04,1682.04,448.19,89.13,₹,observed,synthetic,"{""fare_text"":""\u20b910,705.66"",""source"":5,""route"":4,""scraped"":""2026-08-09T06:00:00+00:00"",""currency_seen"":""\u20b9"",""availability"":""Available""}",2026-08-09T06:00:00+00:00
303,4,6,IndiGo,6E101,2026-08-09T05:35:00+00:00,2026-09-23,06:15:00,45,T+45,economy,flexi,0,,8635.28,6209.86,697.3,1114.6,,,INR,observed,synthetic,"{""fare_text"":""\u20b98,635.28"",""source"":6,""route"":4,""scraped"":""2026-08-09T05:35:00+00:00"",""currency_seen"":""INR"",""availability"":null,""debug"":""unexpected_field""}",2026-08-09T05:35:00+00:00
304,4,1,IndiGo,6E203,2026-09-26T05:15:00+00:00,2026-09-27,20:45:00,1,T+1,Economy,saver,0,,10780.15,8553.98,584.93,1579.43,311.81,,INR,observed,synthetic,"{""fare_text"":""\u20b910,780.15"",""source"":1,""route"":4,""scraped"":""2026-09-26T05:15:00+00:00"",""currency_seen"":""INR"",""availability"":""""}",2026-09-26T05:15:00+00:00
305,4,3,Akasa Air,QP318,2026-09-26T02:35:00+00:00,2026-09-27,20:45:00,1,T+1,economy,refundable,0,Available,12068.8,9314.89,829.99,1627.67,296.25,,INR,observed,synthetic,"{""fare_text"":""\u20b912,068.80"",""source"":3,""route"":4,""scraped"":""2026-09-26T02:35:00+00:00"",""currency_seen"":""INR"",""availability"":""Available"",""price_raw"":""N/A""}",2026-09-26T02:35:00+00:00
306,4,4,IndiGo,6E203,2026-09-26T08:30:00+00:00,2026-09-27,17:30:00,1,T+1,economy,,0,,11152.42,8520.3,455.91,1519.15,445.76,211.3,INR,observed,synthetic,"{""fare_text"":""\u20b911,152.42"",""source"":4,""route"":4,""scraped"":""2026-09-26T08:30:00+00:00"",""currency_seen"":""INR"",""availability"":"""",""debug"":""unexpected_field"",""price_raw"":""N/A""}",2026-09-26T08:30:00+00:00
307,4,5,Air India,AI315,2026-09-26T12:40:00+00:00,2026-09-27,08:40:00,1,T+90,economy,refundable,0,,16087.15,12399.78,560.24,2524.13,386.19,216.81,INR,observed,synthetic,"{""fare_text"":""\u20b916,087.15"",""source"":5,""route"":4,""scraped"":""2026-09-26T12:40:00+00:00"",""currency_seen"":""INR"",""availability"":null}",2026-09-26T12:40:00+00:00
308,4,6,indigo,6E101,2026-09-26T12:45:00+00:00,2026-09-27,20:45:00,1,T+1,economy,flexi,0,5 seats left,13692.17,10519.45,849.83,,564.64,107.27,INR,observed,synthetic,"{""fare_text"":""\u20b913,692.17"",""source"":6,""route"":4,""scraped"":""2026-09-26T12:45:00+00:00"",""currency_seen"":""INR"",""availability"":""5 seats left""}",2026-09-26T12:45:00+00:00
309,4,3,Akasa Air,QP110,2026-09-20T08:30:00+00:00,2026-09-27,17:30:00,7,T+7,economy,refundable,0,2 seats left,6775.59,11417.31,,2829.47,376.02,,INR,sold_out,synthetic,"{""fare_text"":""\u20b96,775.59"",""source"":3,""route"":4,""scraped"":""2026-09-20T08:30:00+00:00"",""currency_seen"":""INR"",""availability"":""2 seats left""}",2026-09-20T08:30:00+00:00
310,4,4,IndiGo,6E315,2026-09-20T05:40:00+00:00,2026-09-27,11:20:00,7,T+7,economy,saver,0,5 seats left,11851.74,9044.4,,,272.72,,INR,observed,synthetic,"{""fare_text"":""\u20b911,851.74"",""source"":4,""route"":4,""scraped"":""2026-09-20T05:40:00+00:00"",""currency_seen"":""INR"",""availability"":""5 seats left"",""debug"":""unexpected_field""}",2026-09-20T05:40:00+00:00
311,4,5,Air India,AI101,2026-09-20T02:30:00+00:00,2026-09-27,14:05:00,7,T+7,economy,flexi,0,,12036.28,8909.97,472.24,2199.2,282.34,172.53,INR,observed,synthetic,"{""fare_text"":""\u20b912,036.28"",""source"":5,""route"":4,""scraped"":""2026-09-20T02:30:00+00:00"",""currency_seen"":""INR"",""availability"":null}",2026-09-20T02:30:00+00:00
312,4,6,IndiGo,6E315,2026-09-20T02:30:00+00:00,2026-09-27,20:45:00,7,T+7,economy,saver,0,,11918.9,9391.3,450.59,1667.79,267.78,141.44,INR,observed,synthetic,"{""fare_text"":""\u20b911,918.90"",""source"":6,""route"":4,""scraped"":""2026-09-20T02:30:00+00:00"",""currency_seen"":""INR"",""availability"":null,""price_raw"":""N/A""}",2026-09-20T02:30:00+00:00
313,4,1,IndiGo,6E203,2026-09-12T05:40:00+00:00,2026-09-27,14:05:00,15,T+15,economy,,0,5 seats left,56136.86,8135.37,280.88,,367.64,,INR,observed,synthetic,"{""fare_text"":""\u20b956,136.86"",""source"":1,""route"":4,""scraped"":""2026-09-12T05:40:00+00:00"",""currency_seen"":""INR"",""availability"":""5 seats left""}",2026-09-12T05:40:00+00:00
314,4,2,Air India,AI203,2026-09-12T03:45:00+00:00,2026-09-27,08:40:00,15,T+15,economy,,0,2 seats left,3969.5,9380.85,735.94,1642.0,280.59,,INR,scrape_failed,synthetic,"{""fare_text"":""\u20b93,969.50"",""source"":2,""route"":4,""scraped"":""2026-09-12T03:45:00+00:00"",""currency_seen"":""INR"",""availability"":""2 seats left""}",2026-09-12T03:45:00+00:00
315,4,3,Akasa Air,QP110,2026-09-12T05:00:00+00:00,2026-09-27,14:05:00,15,T+15,economy,saver,1,5 seats left,9961.27,7209.17,,,,,INR,observed,synthetic,"{""fare_text"":""\u20b99,961.27"",""source"":3,""route"":4,""scraped"":""2026-09-12T05:00:00+00:00"",""currency_seen"":""INR"",""availability"":""5 seats left""}",2026-09-12T05:00:00+00:00
316,4,4,IndiGo ,6E101,2026-09-12T15:00:00+00:00,2026-09-27,14:05:00,15,T+15,economy,saver,0,,13601.0,10012.02,685.44,1983.5,582.51,337.53,INR,observed,synthetic,"{""fare_text"":""\u20b913,601.00"",""source"":4,""route"":4,""scraped"":""2026-09-12T15:00:00+00:00"",""currency_seen"":""INR"",""availability"":null}",2026-09-12T15:00:00+00:00
317,4,5,Air India,AI203,2026-09-12T08:30:00+00:00,2026-09-27,06:15:00,15,T+15,economy,,0,,11028.76,8608.03,545.37,1828.15,390.81,,INR,observed,synthetic,"{""fare_text"":""\u20b911,028.76"",""source"":5,""route"":4,""scraped"":""2026-09-12T08:30:00+00:00"",""currency_seen"":""INR"",""availability"":null}",2026-09-12T08:30:00+00:00
318,4,6,IndiGo,6E101,2026-09-12T07:15:00+00:00,2026-09-27,06:15:00,15,T+15,economy,flexi,0,,8916.91,6662.47,,1177.8,369.55,258.02,INR,observed,synthetic,"{""fare_text"":""\u20b98,916.91"",""source"":6,""route"":4,""scraped"":""2026-09-12T07:15:00+00:00"",""currency_seen"":""INR"",""availability"":null}",2026-09-12T07:15:00+00:00
319,4,4,IndiGo,6E315,2026-08-28T05:00:00+00:00,2026-09-27,17:30:00,30,T+30,economy,saver,0,Available,13592.26,9761.23,884.35,2321.65,395.86,,INR,parse_error,synthetic,"{""fare_text"":""\u20b913,592.26"",""source"":4,""route"":4,""scraped"":""2026-08-28T05:00:00+00:00"",""currency_seen"":""INR"",""availability"":""Available"",""debug"":""unexpected_field""}",2026-08-28T05:00:00+00:00
320,4,5,Air India,AI101,2026-08-28T15:15:00+00:00,2026-09-27,11:20:00,30,T+30,economy,flexi,0,9 seats left,6301.6,4539.92,512.5,834.94,200.6,213.64,INR,observed,synthetic,"{""fare_text"":""\u20b96,301.60"",""source"":5,""route"":4,""scraped"":""2026-08-28T15:15:00+00:00"",""currency_seen"":""INR"",""availability"":""9 seats left""}",2026-08-28T15:15:00+00:00
321,4,6,IndiGo,6E203,2026-08-28T14:30:00+00:00,2026-09-27,25:71:00,30,T+30,economy,,0,,6694.01,4560.54,672.18,1088.61,187.64,185.04,INR,observed,synthetic,"{""fare_text"":""\u20b96,694.01"",""source"":6,""route"":4,""scraped"":""2026-08-28T14:30:00+00:00"",""currency_seen"":""INR"",""availability"":null}",2026-08-28T14:30:00+00:00
322,4,1,IndiGo,6E203,2026-08-13T06:00:00+00:00,2026-09-27,11:20:00,45,T+45,economy,saver,0,two seats,8498.71,6326.05,,1183.56,347.49,,INR,observed,synthetic,"{""fare_text"":""\u20b98,498.71"",""source"":1,""route"":4,""scraped"":""2026-08-13T06:00:00+00:00"",""currency_seen"":""INR"",""availability"":""two seats"",""price_raw"":""N/A""}",2026-08-13T06:00:00+00:00
323,4,2,Air India,AI315,2026-08-13T14:35:00+00:00,2026-09-27,08:40:00,45,T+45,economy,,0,2 seats left,9737.25,7680.06,,1342.69,344.12,,INR,observed,synthetic,"{""fare_text"":""\u20b99,737.25"",""source"":2,""route"":4,""scraped"":""2026-08-13T14:35:00+00:00"",""currency_seen"":""INR"",""availability"":""2 seats left""}",2026-08-13T14:35:00+00:00
324,4,3,Akasa Air,QP202,2026-08-13T13:15:00+00:00,2026-09-27,14:05:00,45,T+45,economy,flexi,3,2 seats left,9617.7,7499.88,701.08,1206.08,210.66,,INR,observed,synthetic,"{""fare_text"":""\u20b99,617.70"",""source"":3,""route"":4,""scraped"":""2026-08-13T13:15:00+00:00"",""currency_seen"":""INR"",""availability"":""2 seats left""}",2026-08-13T13:15:00+00:00
325,4,5,Air India,AI315,2026-08-13T08:40:00+00:00,2026-09-27,08:40:00,45,T+45,economy,,0,2 seats left,6575.58,4647.61,800.27,872.18,143.18,112.34,INR,observed,synthetic,"{""fare_text"":""\u20b96,575.58"",""source"":5,""route"":4,""scraped"":""2026-08-13T08:40:00+00:00"",""currency_seen"":""INR"",""availability"":""2 seats left""}",2026-08-13T08:40:00+00:00
326,4,6,IndiGo,6E203,2026-08-13T06:50:00+00:00,2026-09-27,14:05:00,45,T+45,economy,,0,5 seats left,7280.12,5299.8,571.6,930.82,153.0,324.9,INR,observed,synthetic,"{""fare_text"":""\u20b97,280.12"",""source"":6,""route"":4,""scraped"":""2026-08-13T06:50:00+00:00"",""currency_seen"":""INR"",""availability"":""5 seats left""}",2026-08-13T06:50:00+00:00
327,4,1,IndiGo ,6E101,2026-10-03T03:15:00+00:00,2026-10-04,08:40:00,0,T+1,economy,flexi,0,2 seats left,13331.09,10810.26,427.16,2270.41,323.26,,INR ,observed,synthetic,"{""fare_text"":""\u20b913,331.09"",""source"":1,""route"":4,""scraped"":""2026-10-03T03:15:00+00:00"",""currency_seen"":""INR "",""availability"":""2 seats left""}",2026-10-03T03:15:00+00:00
328,4,2,Air India,AI315,2026-10-03T10:40:00+00:00,2026-10-04,08:40:00,1,T+1,economy,flexi,0,Available,14756.71,11177.77,321.65,2661.71,595.58,,INR,observed,synthetic,"{""fare_text"":""\u20b914,756.71"",""source"":2,""route"":4,""scraped"":""2026-10-03T10:40:00+00:00"",""currency_seen"":""INR"",""availability"":""Available""}",2026-10-03T10:40:00+00:00
329,4,3,Akasa Air,QP110,2026-10-03T14:30:00+00:00,2026-10-04,14:05:00,1,T+1,economy,flexi,0,,12352.1,9894.17,497.92,1651.42,308.59,,INR,observed,synthetic,"{""fare_text"":""\u20b912,352.10"",""source"":3,""route"":4,""scraped"":""2026-10-03T14:30:00+00:00"",""currency_seen"":""INR"",""availability"":""""}",2026-10-03T14:30:00+00:00
330,4,4,IndiGo,6E203,2026-10-03T05:50:00+00:00,2026-10-04,06:15:00,1,T+1,economy,flexi,0,9 seats left,12280.2,9331.84,617.9,1667.66,425.22,237.58,INR,observed,synthetic,"{""fare_text"":""\u20b912,280.20"",""source"":4,""route"":4,""scraped"":""2026-10-03T05:50:00+00:00"",""currency_seen"":""INR"",""availability"":""9 seats left""}",2026-10-03T05:50:00+00:00
331,4,5,Air India,AI203,2026-10-03T06:00:00+00:00,2026-10-04,14:05:00,1,T+1,economy,refundable,0,3 seats left,11578.49,8606.72,462.68,1758.76,461.12,289.21,INR,observed,synthetic,"{""fare_text"":""\u20b911,578.49"",""source"":5,""route"":4,""scraped"":""2026-10-03T06:00:00+00:00"",""currency_seen"":""INR"",""availability"":""3 seats left""}",2026-10-03T06:00:00+00:00
332,4,6,IndiGo,6E101,2026-10-03T13:00:00+00:00,2026-10-04,20:45:00,1,T+1,economy,refundable,0,,13097.09,9878.42,763.34,1708.87,562.77,183.69,INR,observed,synthetic,"{""fare_text"":""\u20b913,097.09"",""source"":6,""route"":4,""scraped"":""2026-10-03T13:00:00+00:00"",""currency_seen"":""INR"",""availability"":null}",2026-10-03T13:00:00+00:00
333,4,1,IndiGo,6E203,2026-09-27T10:35:00+00:00,2026-10-04,20:45:00,7,T+7,economy,flexi,0,,12203.27,9282.05,290.05,2163.43,467.74,,INR,sold_out,synthetic,"{""fare_text"":""\u20b912,203.27"",""source"":1,""route"":4,""scraped"":""2026-09-27T10:35:00+00:00"",""currency_seen"":""INR"",""availability"":null}",2026-09-27T10:35:00+00:00
334,4,4,IndiGo,6E315,2026-09-27T14:40:00+00:00,2026-10-04,14:05:00,7,T+7,economy,,0,Available,,7000.68,590.6,1223.57,259.03,,INR,observed,synthetic,"{""fare_text"":null,""source"":4,""route"":4,""scraped"":""2026-09-27T14:40:00+00:00"",""currency_seen"":""INR"",""availability"":""Available""}",2026-09-27T14:40:00+00:00
335,4,5,Air India,AI315,2026-09-27T14:35:00+00:00,2026-10-04,08:40:00,7,T+7,economy,saver,0,3 seats left,,8747.61,406.21,1400.95,239.14,146.37,INR,observed,synthetic,"{""fare_text"":null,""source"":5,""route"":4,""scraped"":""2026-09-27T14:35:00+00:00"",""currency_seen"":""INR"",""availability"":""3 seats left""}",2026-09-27T14:35:00+00:00
336,4,6,IndiGo,6E101,2026-09-27T06:40:00+00:00,2026-10-04,20:45:00,7,T+90,economy,saver,0,,13887.18,10258.58,764.26,2093.5,446.77,324.07,INR,scrape_failed,synthetic,"{""fare_text"":""\u20b913,887.18"",""source"":6,""route"":4,""scraped"":""2026-09-27T06:40:00+00:00"",""currency_seen"":""INR"",""availability"":null}",2026-09-27T06:40:00+00:00
337,4,2,Air India,AI315,2026-09-19T15:15:00+00:00,2026-10-04,11:20:00,15,T+15,economy,saver,0,9 seats left,3992.7,8024.25,482.71,1592.32,389.22,,INR,observed,synthetic,"{""fare_text"":""\u20b93,992.70"",""source"":2,""route"":4,""scraped"":""2026-09-19T15:15:00+00:00"",""currency_seen"":""INR"",""availability"":""9 seats left""}",2026-09-19T15:15:00+00:00
338,4,3,akasa air,QP318,2026-09-19T04:15:00+00:00,2026-10-04,11:20:00,15,T+15,economy,flexi,1,5 seats left,10610.85,8356.88,295.38,1363.51,,,INR,observed,synthetic,"{""fare_text"":""\u20b910,610.85"",""source"":3,""route"":4,""scraped"":""2026-09-19T04:15:00+00:00"",""currency_seen"":""INR"",""availability"":""5 seats left""}",2026-09-19T04:15:00+00:00
339,4,4,IndiGo,6E315,2026-09-19T14:45:00+00:00,2026-10-04,14:05:00,15,T+15,economy,,0,,8233.81,5851.49,,1403.86,273.02,340.74,INR,observed,synthetic,"{""fare_text"":""\u20b98,233.81"",""source"":4,""route"":4,""scraped"":""2026-09-19T14:45:00+00:00"",""currency_seen"":""INR"",""availability"":""""}",2026-09-19T14:45:00+00:00
340,4,5,Air India,AI315,2026-09-19T14:50:00+00:00,2026-10-04,11:20:00,15,T+90,economy,flexi,0,9 seats left,11205.7,8284.76,879.2,1547.42,363.91,130.41,₹,observed,synthetic,"{""fare_text"":""\u20b911,205.70"",""source"":5,""route"":4,""scraped"":""2026-09-19T14:50:00+00:00"",""currency_seen"":""\u20b9"",""availability"":""9 seats left"",""debug"":""unexpected_field""}",2026-09-19T14:50:00+00:00
341,4,6,IndiGo,6E101,2026-09-19T13:15:00+00:00,2026-10-04,06:15:00,15,T+15,economy,refundable,0,,14940.66,11227.78,509.41,2589.53,,,INR,observed,synthetic,"{""fare_text"":""\u20b914,940.66"",""source"":6,""route"":4,""scraped"":""2026-09-19T13:15:00+00:00"",""currency_seen"":""INR"",""availability"":null}",2026-09-19T13:15:00+00:00
342,4,1,IndiGo,6E315,2026-09-04T03:40:00+00:00,2026-10-04,17:30:00,30,T+30,economy,refundable,1,5 seats left,8429.41,6672.06,315.95,1258.4,183.0,,INR,observed,synthetic,"{""fare_text"":""\u20b98,429.41"",""source"":1,""route"":4,""scraped"":""2026-09-04T03:40:00+00:00"",""currency_seen"":""INR"",""availability"":""5 seats left""}",2026-09-04T03:40:00+00:00
343,4,3,Akasa Air,QP110,2026-09-04T15:00:00+00:00,2026-10-04,17:30:00,30,T+30,economy,refundable,1,,7714.98,5730.05,611.71,,,,INR,observed,synthetic,"{""fare_text"":""\u20b97,714.98"",""source"":3,""route"":4,""scraped"":""2026-09-04T15:00:00+00:00"",""currency_seen"":""INR"",""availability"":""""}",2026-09-04T15:00:00+00:00
344,4,4,IndiGo,6E203,2026-09-04T04:50:00+00:00,2026-10-04,06:15:00,30,T+30,economy,,0,,7537.0,5701.82,429.48,924.2,289.37,192.13,INR,observed,synthetic,"{""fare_text"":""\u20b97,537.00"",""source"":4,""route"":4,""scraped"":""2026-09-04T04:50:00+00:00"",""currency_seen"":""INR"",""availability"":null,""debug"":""unexpected_field""}",2026-09-04T04:50:00+00:00
345,4,5,Air India,AI315,2026-09-04T10:40:00+00:00,2026-10-04,14:05:00,30,T+30,economy,,0,,8725.96,5988.38,742.13,1327.93,334.57,332.95,INR,observed,synthetic,"{""fare_text"":""\u20b98,725.96"",""source"":5,""route"":4,""scraped"":""2026-09-04T10:40:00+00:00"",""currency_seen"":""INR"",""availability"":null}",2026-09-04T10:40:00+00:00
346,4,6,IndiGo,6E101,2026-09-04T04:45:00+00:00,2026-10-04,14:05:00,30,T+30,economy,saver,0,2 seats left,10668.68,7948.99,476.74,1916.97,229.09,96.89,INR,scrape_failed,synthetic,"{""fare_text"":""\u20b910,668.68"",""source"":6,""route"":4,""scraped"":""2026-09-04T04:45:00+00:00"",""currency_seen"":""INR"",""availability"":""2 seats left""}",2026-09-04T04:45:00+00:00
347,4,1,IndiGo,6E315,2026-08-20T05:45:00+00:00,2026-10-04,20:45:00,45,T+45,economy,,1,5 seats left,7537.89,5484.82,,1105.39,182.26,,INR,observed,synthetic,"{""fare_text"":""\u20b97,537.89"",""source"":1,""route"":4,""scraped"":""2026-08-20T05:45:00+00:00"",""currency_seen"":""INR"",""availability"":""5 seats left""}",2026-08-20T05:45:00+00:00
348,4,2,Air India ,AI203,2026-08-20T06:50:00+00:00,2026-10-04,14:05:00,45,T+45,economy,flexi,0,,8275.4,6170.48,426.95,1414.28,263.69,,INR,observed,synthetic,"{""fare_text"":""\u20b98,275.40"",""source"":2,""route"":4,""scraped"":""2026-08-20T06:50:00+00:00"",""currency_seen"":""INR"",""availability"":null}",2026-08-20T06:50:00+00:00
349,4,3,Akasa Air,QP110,2026-08-20T14:35:00+00:00,2026-10-04,08:40:00,45,T+45,economy,,0,,6907.7,5155.41,440.24,1061.42,,,INR,observed,synthetic,"{""fare_text"":""\u20b96,907.70"",""source"":3,""route"":4,""scraped"":""2026-08-20T14:35:00+00:00"",""currency_seen"":""INR"",""availability"":null,""price_raw"":""N/A""}",2026-08-20T14:35:00+00:00
350,4,4,IndiGo,6E101,2026-08-20T10:40:00+00:00,2026-10-04,14:05:00,45,T+45,economy,saver,0,5 seats left,10113.91,7470.34,442.33,1755.96,355.6,89.68,INR,observed,synthetic,"{""fare_text"":""\u20b910,113.91"",""source"":4,""route"":4,""scraped"":""2026-08-20T10:40:00+00:00"",""currency_seen"":""INR"",""availability"":""5 seats left""}",2026-08-20T10:40:00+00:00
351,4,5,Air India,AI101,2026-08-20T14:40:00+00:00,2026-10-04,25:71:00,45,T+45,economy,refundable,0,,8206.93,6026.81,271.93,1396.32,238.2,273.67,INR,observed,synthetic,"{""fare_text"":""\u20b98,206.93"",""source"":5,""route"":4,""scraped"":""2026-08-20T14:40:00+00:00"",""currency_seen"":""INR"",""availability"":""""}",2026-08-20T14:40:00+00:00
352,4,6,IndiGo,6E315,2026-08-20T10:30:00+00:00,2026-10-04,11:20:00,45,T+45,economy,,0,two seats,8020.25,5916.13,273.8,,273.96,168.35,INR,observed,synthetic,"{""fare_text"":""\u20b98,020.25"",""source"":6,""route"":4,""scraped"":""2026-08-20T10:30:00+00:00"",""currency_seen"":""INR"",""availability"":""two seats""}",2026-08-20T10:30:00+00:00
353,5,1,IndiGo,6E315,2026-09-19T12:50:00+00:00,2026-09-20,17:30:00,1,T+1,economy,,0,5 seats left,8950.17,6863.89,466.19,1286.53,333.56,,INR,sold_out,synthetic,"{""fare_text"":""\u20b98,950.17"",""source"":1,""route"":5,""scraped"":""2026-09-19T12:50:00+00:00"",""currency_seen"":""INR"",""availability"":""5 seats left""}",2026-09-19T12:50:00+00:00
354,5,2,Air India,AI203,2026-09-19T04:30:00+00:00,2026-09-20,06:15:00,1,T+1,economy,,0,Available,8891.96,6689.82,612.59,1286.72,302.83,,INR,observed,synthetic,"{""fare_text"":""\u20b98,891.96"",""source"":2,""route"":5,""scraped"":""2026-09-19T04:30:00+00:00"",""currency_seen"":""INR"",""availability"":""Available""}",2026-09-19T04:30:00+00:00
355,5,3,Akasa Air,QP318,2026-09-19T11:00:00+00:00,2026-09-20,20:45:00,1,T+1,economy,,0,5 seats left,,8000.03,488.77,1433.22,393.91,,INR,observed,synthetic,"{""fare_text"":null,""source"":3,""route"":5,""scraped"":""2026-09-19T11:00:00+00:00"",""currency_seen"":""INR"",""availability"":""5 seats left""}",2026-09-19T11:00:00+00:00
356,5,5,Air India,AI203,2026-09-19T14:50:00+00:00,2026-09-20,08:40:00,1,T+1,economy,flexi,0,3 seats left,10269.68,7208.5,819.85,1798.26,278.43,,INR,observed,synthetic,"{""fare_text"":""\u20b910,269.68"",""source"":5,""route"":5,""scraped"":""2026-09-19T14:50:00+00:00"",""currency_seen"":""INR"",""availability"":""3 seats left"",""debug"":""unexpected_field""}",2026-09-19T14:50:00+00:00
357,5,6,IndiGo,6E203,2026-09-19T13:15:00+00:00,2026-09-20,25:71:00,1,T+1,economy,refundable,0,9 seats left,9743.25,7249.77,778.79,1236.69,224.29,,INR,scrape_failed,synthetic,"{""fare_text"":""\u20b99,743.25"",""source"":6,""route"":5,""scraped"":""2026-09-19T13:15:00+00:00"",""currency_seen"":""INR"",""availability"":""9 seats left""}",2026-09-19T13:15:00+00:00
358,5,1,IndiGo,6E203,2026-09-13T10:45:00+00:00,2026-09-20,17:30:00,7,T+7,economy,refundable,0,,10215.42,7865.72,369.01,1758.61,222.08,,INR,sold_out,synthetic,"{""fare_text"":""\u20b910,215.42"",""source"":1,""route"":5,""scraped"":""2026-09-13T10:45:00+00:00"",""currency_seen"":""INR"",""availability"":null}",2026-09-13T10:45:00+00:00
359,5,2,Air India,AI203,2026-09-13T13:15:00+00:00,2026-09-20,11:20:00,7,T+7,economy,,0,2 seats left,6846.2,4860.08,665.47,1154.49,166.16,,INR,observed,synthetic,"{""fare_text"":""\u20b96,846.20"",""source"":2,""route"":5,""scraped"":""2026-09-13T13:15:00+00:00"",""currency_seen"":""INR"",""availability"":""2 seats left"",""price_raw"":""N/A""}",2026-09-13T13:15:00+00:00
360,5,3,Akasa Air,QP110,2026-09-13T07:15:00+00:00,2026-09-20,14:05:00,7,T+7,economy,,1,5 seats left,6142.62,4335.07,802.84,815.56,189.15,,INR,observed,synthetic,"{""fare_text"":""\u20b96,142.62"",""source"":3,""route"":5,""scraped"":""2026-09-13T07:15:00+00:00"",""currency_seen"":""INR"",""availability"":""5 seats left""}",2026-09-13T07:15:00+00:00
361,5,4,IndiGo,6E315,2026-09-13T04:50:00+00:00,2026-09-20,14:05:00,5,T+7,economy,Saver,0,,7790.8,5505.42,870.76,,331.36,113.68,INR,observed,synthetic,"{""fare_text"":""\u20b97,790.80"",""source"":4,""route"":5,""scraped"":""2026-09-13T04:50:00+00:00"",""currency_seen"":""INR"",""availability"":null}",2026-09-13T04:50:00+00:00
362,5,5,Air India,AI101,2026-09-13T07:00:00+00:00,2026-09-20,14:05:00,7,T+7,economy,,0,2 seats left,10025.64,7196.24,,1574.75,,175.11,INR,observed,synthetic,"{""fare_text"":""\u20b910,025.64"",""source"":5,""route"":5,""scraped"":""2026-09-13T07:00:00+00:00"",""currency_seen"":""INR"",""availability"":""2 seats left""}",2026-09-13T07:00:00+00:00
363,5,6,IndiGo,6E101,2026-09-13T03:40:00+00:00,2026-09-20,11:20:00,7,T+7,Economy,saver,0,3 seats left,9119.22,6595.11,523.74,1513.7,,113.49,INR,observed,synthetic,"{""fare_text"":""\u20b99,119.22"",""source"":6,""route"":5,""scraped"":""2026-09-13T03:40:00+00:00"",""currency_seen"":""INR"",""availability"":""3 seats left""}",2026-09-13T03:40:00+00:00
364,5,2,Air India,AI101,2026-09-05T02:35:00+00:00,2026-09-20,11:20:00,15,T+15,economy,,0,2 seats left,7762.37,5970.55,844.33,1206.01,241.48,,INR,observed,synthetic,"{""fare_text"":""\u20b97,762.37"",""source"":2,""route"":5,""scraped"":""2026-09-05T02:35:00+00:00"",""currency_seen"":""INR"",""availability"":""2 seats left"",""debug"":""unexpected_field""}",2026-09-05T02:35:00+00:00
365,5,3,Akasa Air,QP318,2026-09-05T07:00:00+00:00,2026-09-20,06:15:00,14,T+15,economy,flexi,0,,5891.78,3974.62,882.69,780.11,254.36,,INR,sold_out,synthetic,"{""fare_text"":""\u20b95,891.78"",""source"":3,""route"":5,""scraped"":""2026-09-05T07:00:00+00:00"",""currency_seen"":""INR"",""availability"":""""}",2026-09-05T07:00:00+00:00
366,5,4,IndiGo,6E101,2026-09-05T08:45:00+00:00,2026-09-20,08:40:00,15,T+15,economy,,0,5 seats left,6745.26,4712.46,487.13,,248.04,,INR,observed,synthetic,"{""fare_text"":""\u20b96,745.26"",""source"":4,""route"":5,""scraped"":""2026-09-05T08:45:00+00:00"",""currency_seen"":""INR"",""availability"":""5 seats left""}",2026-09-05T08:45:00+00:00
367,5,5,air india,AI101,2026-09-05T14:45:00+00:00,2026-09-20,14:05:00,15,T+15,economy,,0,,8963.71,6323.63,813.66,1200.36,357.88,268.18,INR,observed,synthetic,"{""fare_text"":""\u20b98,963.71"",""source"":5,""route"":5,""scraped"":""2026-09-05T14:45:00+00:00"",""currency_seen"":""INR"",""availability"":null}",2026-09-05T14:45:00+00:00
368,5,6,IndiGo,6E101,2026-09-05T06:15:00+00:00,2026-09-20,17:30:00,15,T+15,economy,refundable,0,2 seats left,6294.66,4842.24,279.75,827.04,147.17,198.46,INR,observed,synthetic,"{""fare_text"":""\u20b96,294.66"",""source"":6,""route"":5,""scraped"":""2026-09-05T06:15:00+00:00"",""currency_seen"":""INR"",""availability"":""2 seats left"",""price_raw"":""N/A""}",2026-09-05T06:15:00+00:00
369,5,3,Akasa Air,QP318,2026-08-21T04:50:00+00:00,2026-09-20,14:05:00,30,T+30,economy,flexi,0,,6731.25,5154.0,446.95,925.94,204.36,,INR,observed,synthetic,"{""fare_text"":""\u20b96,731.25"",""source"":3,""route"":5,""scraped"":""2026-08-21T04:50:00+00:00"",""currency_seen"":""INR"",""availability"":null}",2026-08-21T04:50:00+00:00
370,5,4,IndiGo,6E203,2026-08-21T05:35:00+00:00,2026-09-20,11:20:00,30,T+30,economy,,0,Available,6301.62,4388.98,683.48,780.11,271.26,177.79,INR,observed,synthetic,"{""fare_text"":""\u20b96,301.62"",""source"":4,""route"":5,""scraped"":""2026-08-21T05:35:00+00:00"",""currency_seen"":""INR"",""availability"":""Available""}",2026-08-21T05:35:00+00:00
371,5,5,Air India,AI101,2026-08-21T15:00:00+00:00,2026-09-20,06:15:00,30,T+30,economy,,0,3 seats left,5763.03,3955.87,332.14,945.58,183.86,345.58,INR,observed,synthetic,"{""fare_text"":""\u20b95,763.03"",""source"":5,""route"":5,""scraped"":""2026-08-21T15:00:00+00:00"",""currency_seen"":""INR"",""availability"":""3 seats left""}",2026-08-21T15:00:00+00:00
372,5,6,IndiGo,6E101,2026-08-21T09:15:00+00:00,2026-09-20,14:05:00,30,T+30,economy,refundable,0,Available,5831.18,4311.01,433.56,795.29,,102.97,INR,observed,synthetic,"{""fare_text"":""\u20b95,831.18"",""source"":6,""route"":5,""scraped"":""2026-08-21T09:15:00+00:00"",""currency_seen"":""INR"",""availability"":""Available""}",2026-08-21T09:15:00+00:00
373,5,2,Air India,AI315,2026-08-06T06:35:00+00:00,2026-09-20,20:45:00,47,T+45,economy,refundable,0,Available,7031.77,5055.24,560.5,1185.31,230.72,,INR,sold_out,synthetic,"{""fare_text"":""\u20b97,031.77"",""source"":2,""route"":5,""scraped"":""2026-08-06T06:35:00+00:00"",""currency_seen"":""INR"",""availability"":""Available""}",2026-08-06T06:35:00+00:00
374,5,6,IndiGo,6E101,2026-08-06T05:35:00+00:00,2026-09-20,08:40:00,45,T+45,economy,flexi,1,Available,,4939.71,546.78,996.02,239.16,150.57,INR,observed,synthetic,"{""fare_text"":null,""source"":6,""route"":5,""scraped"":""2026-08-06T05:35:00+00:00"",""currency_seen"":""INR"",""availability"":""Available""}",2026-08-06T05:35:00+00:00
375,5,1,IndiGo,6E101,2026-09-22T04:35:00+00:00,2026-09-23,08:40:00,1,T+1,economy,flexi,0,,9071.74,6779.93,691.75,1311.41,,,INR ,observed,synthetic,"{""fare_text"":""\u20b99,071.74"",""source"":1,""route"":5,""scraped"":""2026-09-22T04:35:00+00:00"",""currency_seen"":""INR "",""availability"":""""}",2026-09-22T04:35:00+00:00
376,5,2,Air India,AI101,2026-09-22T10:35:00+00:00,2026-09-23,20:45:00,1,T+1,economy,,0,3 seats left,,5442.84,883.96,,307.28,,INR ,observed,synthetic,"{""fare_text"":null,""source"":2,""route"":5,""scraped"":""2026-09-22T10:35:00+00:00"",""currency_seen"":""INR "",""availability"":""3 seats left""}",2026-09-22T10:35:00+00:00
377,5,3,Akasa Air,QP110,2026-09-22T08:50:00+00:00,2026-09-23,08:40:00,1,T+90,economy,,0,,7997.95,5823.83,616.67,1247.36,310.09,,INR,observed,synthetic,"{""fare_text"":""\u20b97,997.95"",""source"":3,""route"":5,""scraped"":""2026-09-22T08:50:00+00:00"",""currency_seen"":""INR"",""availability"":""""}",2026-09-22T08:50:00+00:00
378,5,5,Air India,AI101,2026-09-22T12:35:00+00:00,2026-09-23,06:15:00,1,T+1,economy,flexi,0,,9316.64,6973.51,464.69,1568.78,,,INR,observed,synthetic,"{""fare_text"":""\u20b99,316.64"",""source"":5,""route"":5,""scraped"":""2026-09-22T12:35:00+00:00"",""currency_seen"":""INR"",""availability"":null}",2026-09-22T12:35:00+00:00
379,5,1,IndiGo,6E315,2026-09-16T03:40:00+00:00,2026-09-23,11:20:00,7,T+7,economy,saver,0,9 seats left,50266.73,5146.62,,1083.0,259.65,,INR,observed,synthetic,"{""fare_text"":""\u20b950,266.73"",""source"":1,""route"":5,""scraped"":""2026-09-16T03:40:00+00:00"",""currency_seen"":""INR"",""availability"":""9 seats left""}",2026-09-16T03:40:00+00:00
380,5,3,Akasa Air,QP318,2026-09-16T14:45:00+00:00,2026-09-23,14:05:00,7,T+7,economy,refundable,0,2 seats left,8088.8,5989.12,730.14,1043.29,326.25,,INR,observed,synthetic,"{""fare_text"":""\u20b98,088.80"",""source"":3,""route"":5,""scraped"":""2026-09-16T14:45:00+00:00"",""currency_seen"":""INR"",""availability"":""2 seats left"",""price_raw"":""N/A""}",2026-09-16T14:45:00+00:00
381,5,4,IndiGo,6E203,2026-09-16T14:30:00+00:00,2026-09-23,11:20:00,7,T+7,economy,refundable,0,9 seats left,5594.57,4037.57,447.59,,244.41,81.09,INR ,observed,synthetic,"{""fare_text"":""\u20b95,594.57"",""source"":4,""route"":5,""scraped"":""2026-09-16T14:30:00+00:00"",""currency_seen"":""INR "",""availability"":""9 seats left""}",2026-09-16T14:30:00+00:00
382,5,1,IndiGo,6E101,2026-09-08T09:00:00+00:00,2026-09-23,17:30:00,15,T+15,economy,flexi,0,,8100.67,5707.12,748.75,1354.99,289.81,,INR,observed,synthetic,"{""fare_text"":""\u20b98,100.67"",""source"":1,""route"":5,""scraped"":""2026-09-08T09:00:00+00:00"",""currency_seen"":""INR"",""availability"":""""}",2026-09-08T09:00:00+00:00
383,5,2,Air India,,2026-09-08T05:50:00+00:00,2026-09-23,14:05:00,15,T+15,economy,flexi,0,9 seats left,11372.03,8217.0,838.37,1977.67,338.99,,INR,observed,synthetic,"{""fare_text"":""\u20b911,372.03"",""source"":2,""route"":5,""scraped"":""2026-09-08T05:50:00+00:00"",""currency_seen"":""INR"",""availability"":""9 seats left""}",2026-09-08T05:50:00+00:00
384,5,3,Akasa Air,QP202,2026-09-08T03:50:00+00:00,2026-09-23,08:40:00,15,T+15,economy,flexi,0,5 seats left,6390.48,4764.23,,826.51,253.46,,₹,observed,synthetic,"{""fare_text"":""\u20b96,390.48"",""source"":3,""route"":5,""scraped"":""2026-09-08T03:50:00+00:00"",""currency_seen"":""\u20b9"",""availability"":""5 seats left""}",2026-09-08T03:50:00+00:00
385,5,4,IndiGo,6E315,2026-09-08T02:40:00+00:00,2026-09-23,20:45:00,15,T+15,economy,flexi,0,,36010.04,6613.52,594.27,1267.14,278.55,264.92,₹,observed,synthetic,"{""fare_text"":""\u20b936,010.04"",""source"":4,""route"":5,""scraped"":""2026-09-08T02:40:00+00:00"",""currency_seen"":""\u20b9"",""availability"":null,""debug"":""unexpected_field""}",2026-09-08T02:40:00+00:00
386,5,5,Air India,AI203,2026-09-08T09:15:00+00:00,2026-09-23,17:30:00,15,T+15,economy,refundable,0,,7937.93,5633.77,441.28,,206.17,249.39,INR,observed,synthetic,"{""fare_text"":""\u20b97,937.93"",""source"":5,""route"":5,""scraped"":""2026-09-08T09:15:00+00:00"",""currency_seen"":""INR"",""availability"":null}",2026-09-08T09:15:00+00:00
387,5,6,IndiGo,6E203,2026-09-08T12:45:00+00:00,2026-09-23,06:15:00,15,T+15,economy,,0,3 seats left,7976.56,5987.02,,1328.55,204.17,166.01,INR,observed,synthetic,"{""fare_text"":""\u20b97,976.56"",""source"":6,""route"":5,""scraped"":""2026-09-08T12:45:00+00:00"",""currency_seen"":""INR"",""availability"":""3 seats left"",""price_raw"":""N/A""}",2026-09-08T12:45:00+00:00
388,5,1,IndiGo,6E101,2026-08-24T04:40:00+00:00,2026-09-23,14:05:00,30,T+30,economy,saver,0,9 seats left,5963.55,4325.05,673.35,707.23,,,INR,observed,synthetic,"{""fare_text"":""\u20b95,963.55"",""source"":1,""route"":5,""scraped"":""2026-08-24T04:40:00+00:00"",""currency_seen"":""INR"",""availability"":""9 seats left""}",2026-08-24T04:40:00+00:00
389,5,2,Air India,AI315,2026-08-24T12:30:00+00:00,2026-09-23,06:15:00,30,T+30,economy,,0,Available,5946.0,4174.68,789.81,839.98,141.53,,INR,observed,synthetic,"{""fare_text"":""\u20b95,946.00"",""source"":2,""route"":5,""scraped"":""2026-08-24T12:30:00+00:00"",""currency_seen"":""INR"",""availability"":""Available""}",2026-08-24T12:30:00+00:00
390,5,3,Akasa Air,QP110,2026-08-24T08:50:00+00:00,2026-09-23,20:45:00,30,T+30,economy,,0,,4749.42,3072.43,760.05,731.39,185.55,,₹,observed,synthetic,"{""fare_text"":""\u20b94,749.42"",""source"":3,""route"":5,""scraped"":""2026-08-24T08:50:00+00:00"",""currency_seen"":""\u20b9"",""availability"":""""}",2026-08-24T08:50:00+00:00
391,5,4,IndiGo,6E315,2026-08-24T08:35:00+00:00,2026-09-23,08:40:00,30,T+30,economy,refundable,0,Available,6078.32,4124.02,797.05,710.05,,95.28,INR,observed,synthetic,"{""fare_text"":""\u20b96,078.32"",""source"":4,""route"":5,""scraped"":""2026-08-24T08:35:00+00:00"",""currency_seen"":""INR"",""availability"":""Available""}",2026-08-24T08:35:00+00:00
392,5,5,Air India,AI315,2026-08-24T05:00:00+00:00,2026-09-23,17:30:00,30,T+30,economy,refundable,0,Available,7423.37,5598.27,361.28,896.31,223.37,344.14,INR,observed,synthetic,"{""fare_text"":""\u20b97,423.37"",""source"":5,""route"":5,""scraped"":""2026-08-24T05:00:00+00:00"",""currency_seen"":""INR"",""availability"":""Available"",""debug"":""unexpected_field""}",2026-08-24T05:00:00+00:00
393,5,6,IndiGo,6E203,2026-08-24T14:50:00+00:00,2026-09-23,08:40:00,30,T+30,economy,,0,,7319.91,5129.14,564.21,1119.93,,296.04,INR,observed,synthetic,"{""fare_text"":""\u20b97,319.91"",""source"":6,""route"":5,""scraped"":""2026-08-24T14:50:00+00:00"",""currency_seen"":""INR"",""availability"":null}",2026-08-24T14:50:00+00:00
394,5,1,IndiGo,6E203,2026-08-09T06:50:00+00:00,2026-09-23,17:30:00,45,T+45,economy,flexi,0,9 seats left,,4608.88,692.17,1027.23,251.68,,INR,observed,synthetic,"{""fare_text"":null,""source"":1,""route"":5,""scraped"":""2026-08-09T06:50:00+00:00"",""currency_seen"":""INR"",""availability"":""9 seats left""}",2026-08-09T06:50:00+00:00
395,5,2,Air India,AI203,2026-08-09T05:45:00+00:00,2026-09-23,11:20:00,45,T+45,economy,flexi,0,2 seats left,9060.36,6410.0,806.37,1447.35,396.64,,INR,observed,synthetic,"{""fare_text"":""\u20b99,060.36"",""source"":2,""route"":5,""scraped"":""2026-08-09T05:45:00+00:00"",""currency_seen"":""INR"",""availability"":""2 seats left""}",2026-08-09T05:45:00+00:00
396,5,3,Akasa Air,,2026-08-09T04:40:00+00:00,2026-09-23,20:45:00,45,T+45,economy,refundable,3,,4963.31,3531.04,566.93,686.34,,,INR,observed,synthetic,"{""fare_text"":""\u20b94,963.31"",""source"":3,""route"":5,""scraped"":""2026-08-09T04:40:00+00:00"",""currency_seen"":""INR"",""availability"":""""}",2026-08-09T04:40:00+00:00
397,5,4,IndiGo,6E101,2026-08-09T14:35:00+00:00,2026-09-23,20:45:00,45,T+45,economy,refundable,0,,5440.94,3678.35,687.12,865.57,123.16,86.74,INR,observed,synthetic,"{""fare_text"":""\u20b95,440.94"",""source"":4,""route"":5,""scraped"":""2026-08-09T14:35:00+00:00"",""currency_seen"":""INR"",""availability"":""""}",2026-08-09T14:35:00+00:00
398,5,5,Air India,AI315,2026-08-09T08:40:00+00:00,2026-09-23,14:05:00,45,T+45,economy,refundable,0,Available,6373.31,4250.05,665.46,937.0,245.09,275.71,INR,observed,synthetic,"{""fare_text"":""\u20b96,373.31"",""source"":5,""route"":5,""scraped"":""2026-08-09T08:40:00+00:00"",""currency_seen"":""INR"",""availability"":""Available""}",2026-08-09T08:40:00+00:00
399,5,6,IndiGo,6E203,2026-08-09T12:40:00+00:00,2026-09-23,17:30:00,45,T+45,economy,saver,3,2 seats left,9045.03,6299.41,855.19,1418.47,391.26,80.7,INR,observed,synthetic,"{""fare_text"":""\u20b99,045.03"",""source"":6,""route"":5,""scraped"":""2026-08-09T12:40:00+00:00"",""currency_seen"":""INR"",""availability"":""2 seats left""}",2026-08-09T12:40:00+00:00
400,5,1,IndiGo,6E203,2026-09-26T10:50:00+00:00,2026-09-27,14:05:00,1,T+1,economy,saver,0,2 seats left,7834.49,5893.99,356.75,1412.77,,,INR,observed,synthetic,"{""fare_text"":""\u20b97,834.49"",""source"":1,""route"":5,""scraped"":""2026-09-26T10:50:00+00:00"",""currency_seen"":""INR"",""availability"":""2 seats left""}",2026-09-26T10:50:00+00:00
401,5,2,Air India,AI101,2026-09-26T06:15:00+00:00,2026-09-27,06:15:00,1,T+1,economy,saver,0,2 seats left,7872.98,5841.17,670.05,1175.47,186.29,,INR,observed,synthetic,"{""fare_text"":""\u20b97,872.98"",""source"":2,""route"":5,""scraped"":""2026-09-26T06:15:00+00:00"",""currency_seen"":""INR"",""availability"":""2 seats left""}",2026-09-26T06:15:00+00:00
402,5,5,Air India,AI203,2026-09-26T11:00:00+00:00,2026-09-27,06:15:00,1,T+1,economy,,0,9 seats left,8023.53,6088.55,382.5,,206.1,183.97,INR,observed,synthetic,"{""fare_text"":""\u20b98,023.53"",""source"":5,""route"":5,""scraped"":""2026-09-26T11:00:00+00:00"",""currency_seen"":""INR"",""availability"":""9 seats left"",""debug"":""unexpected_field""}",2026-09-26T11:00:00+00:00
403,5,1,IndiGo,6E101,2026-09-20T02:50:00+00:00,2026-09-27,06:15:00,7,T+7,economy,,0,,6941.68,5209.75,694.0,881.34,156.59,,INR,observed,synthetic,"{""fare_text"":""\u20b96,941.68"",""source"":1,""route"":5,""scraped"":""2026-09-20T02:50:00+00:00"",""currency_seen"":""INR"",""availability"":null}",2026-09-20T02:50:00+00:00
404,5,2,Air India,AI203,2026-09-20T10:50:00+00:00,2026-09-27,14:05:00,7,T+7,economy,,0,5 seats left,6200.94,4507.89,609.89,873.35,209.81,,INR,observed,synthetic,"{""fare_text"":""\u20b96,200.94"",""source"":2,""route"":5,""scraped"":""2026-09-20T10:50:00+00:00"",""currency_seen"":""INR"",""availability"":""5 seats left""}",2026-09-20T10:50:00+00:00
405,5,3,Akasa Air,QP110,2026-09-20T08:35:00+00:00,2026-09-27,06:15:00,7,T+7,economy,flexi,0,9 seats left,7292.7,5292.09,677.01,1056.57,267.03,,INR,observed,synthetic,"{""fare_text"":""\u20b97,292.70"",""source"":3,""route"":5,""scraped"":""2026-09-20T08:35:00+00:00"",""currency_seen"":""INR"",""availability"":""9 seats left""}",2026-09-20T08:35:00+00:00
406,5,6,IndiGo,6E203,2026-09-20T04:30:00+00:00,2026-09-27,20:45:00,7,T+7,economy,refundable,0,3 seats left,8347.77,6241.76,508.77,1118.36,188.56,290.32,INR,observed,synthetic,"{""fare_text"":""\u20b98,347.77"",""source"":6,""route"":5,""scraped"":""2026-09-20T04:30:00+00:00"",""currency_seen"":""INR"",""availability"":""3 seats left""}",2026-09-20T04:30:00+00:00
407,5,2,Air India,AI315,2026-09-12T03:35:00+00:00,2026-09-27,20:45:00,15,T+15,Economy,flexi,0,Available,8390.42,6041.65,,1497.43,250.63,,INR,observed,synthetic,"{""fare_text"":""\u20b98,390.42"",""source"":2,""route"":5,""scraped"":""2026-09-12T03:35:00+00:00"",""currency_seen"":""INR"",""availability"":""Available""}",2026-09-12T03:35:00+00:00
408,5,3,Akasa Air,QP202,2026-09-12T10:50:00+00:00,2026-09-27,06:15:00,15,T+15,economy,flexi,0,5 seats left,8946.66,6574.43,,1594.79,,,₹,observed,synthetic,"{""fare_text"":""\u20b98,946.66"",""source"":3,""route"":5,""scraped"":""2026-09-12T10:50:00+00:00"",""currency_seen"":""\u20b9"",""availability"":""5 seats left""}",2026-09-12T10:50:00+00:00
409,5,4,IndiGo,6E315,2026-09-12T04:15:00+00:00,2026-09-27,11:20:00,15,T+15,economy,refundable,0,2 seats left,1808.88,5793.58,723.48,1186.54,194.3,,₹,observed,synthetic,"{""fare_text"":""\u20b91,808.88"",""source"":4,""route"":5,""scraped"":""2026-09-12T04:15:00+00:00"",""currency_seen"":""\u20b9"",""availability"":""2 seats left""}",2026-09-12T04:15:00+00:00
410,5,5,Air India,AI101,2026-09-12T08:50:00+00:00,2026-09-27,20:45:00,15,T+15,economy,,3,3 seats left,7737.52,5627.8,551.35,1028.51,252.55,,₹,parse_error,synthetic,"{""fare_text"":""\u20b97,737.52"",""source"":5,""route"":5,""scraped"":""2026-09-12T08:50:00+00:00"",""currency_seen"":""\u20b9"",""availability"":""3 seats left""}",2026-09-12T08:50:00+00:00
411,5,6,IndiGo,6E101,2026-09-12T03:40:00+00:00,2026-09-27,08:40:00,15,T+15,economy,,0,9 seats left,7094.38,4902.71,,819.36,284.02,334.63,INR,sold_out,synthetic,"{""fare_text"":""\u20b97,094.38"",""source"":6,""route"":5,""scraped"":""2026-09-12T03:40:00+00:00"",""currency_seen"":""INR"",""availability"":""9 seats left"",""debug"":""unexpected_field""}",2026-09-12T03:40:00+00:00
412,5,1,IndiGo,6E203,2026-08-28T13:15:00+00:00,2026-09-27,08:40:00,30,T+30,economy,refundable,0,,8982.37,6866.89,312.62,1568.71,,,INR,scrape_failed,synthetic,"{""fare_text"":""\u20b98,982.37"",""source"":1,""route"":5,""scraped"":""2026-08-28T13:15:00+00:00"",""currency_seen"":""INR"",""availability"":""""}",2026-08-28T13:15:00+00:00
413,5,3,Akasa Air ,QP202,2026-08-28T06:15:00+00:00,2026-09-27,08:40:00,30,T+30,economy,refundable,0,Available,4955.73,3391.96,,,136.04,,INR,observed,synthetic,"{""fare_text"":""\u20b94,955.73"",""source"":3,""route"":5,""scraped"":""2026-08-28T06:15:00+00:00"",""currency_seen"":""INR"",""availability"":""Available""}",2026-08-28T06:15:00+00:00
414,5,4,IndiGo,6E101,2026-08-28T02:50:00+00:00,2026-09-27,08:40:00,30,T+30,economy,refundable,0,2 seats left,5297.6,3567.33,782.09,573.25,180.82,194.11,INR,observed,synthetic,"{""fare_text"":""\u20b95,297.60"",""source"":4,""route"":5,""scraped"":""2026-08-28T02:50:00+00:00"",""currency_seen"":""INR"",""availability"":""2 seats left"",""debug"":""unexpected_field""}",2026-08-28T02:50:00+00:00
415,5,6,IndiGo,6E203,2026-08-28T04:40:00+00:00,2026-09-27,06:15:00,30,T+30,economy,,0,,4943.0,3382.14,358.59,774.28,183.33,244.66,INR,observed,synthetic,"{""fare_text"":""\u20b94,943.00"",""source"":6,""route"":5,""scraped"":""2026-08-28T04:40:00+00:00"",""currency_seen"":""INR"",""availability"":null}",2026-08-28T04:40:00+00:00
416,5,2,Air India,AI101,2026-08-13T10:45:00+00:00,2026-09-27,17:30:00,45,T+45,economy,,1,3 seats left,7678.0,5752.19,380.82,1222.1,322.89,,INR,observed,synthetic,"{""fare_text"":""\u20b97,678.00"",""source"":2,""route"":5,""scraped"":""2026-08-13T10:45:00+00:00"",""currency_seen"":""INR"",""availability"":""3 seats left""}",2026-08-13T10:45:00+00:00
417,5,4,IndiGo,6E203,2026-08-13T14:30:00+00:00,2026-09-27,14:05:00,45,T+45,economy,refundable,0,Available,8573.86,6005.04,896.63,969.16,362.04,340.99,INR,observed,synthetic,"{""fare_text"":""\u20b98,573.86"",""source"":4,""route"":5,""scraped"":""2026-08-13T14:30:00+00:00"",""currency_seen"":""INR"",""availability"":""Available""}",2026-08-13T14:30:00+00:00
418,5,5,Air India,AI315,2026-08-13T15:00:00+00:00,2026-09-27,17:30:00,45,T+45,economy,,0,9 seats left,7120.45,5257.77,688.41,880.38,,,INR,observed,synthetic,"{""fare_text"":""\u20b97,120.45"",""source"":5,""route"":5,""scraped"":""2026-08-13T15:00:00+00:00"",""currency_seen"":""INR"",""availability"":""9 seats left""}",2026-08-13T15:00:00+00:00
419,5,6,IndiGo,6E203,2026-08-13T14:35:00+00:00,2026-09-27,08:40:00,45,T+45,economy,flexi,0,3 seats left,5847.21,3768.8,785.14,856.08,210.87,,INR ,observed,synthetic,"{""fare_text"":""\u20b95,847.21"",""source"":6,""route"":5,""scraped"":""2026-08-13T14:35:00+00:00"",""currency_seen"":""INR "",""availability"":""3 seats left""}",2026-08-13T14:35:00+00:00
420,5,1,IndiGo,6E101,2026-10-03T12:40:00+00:00,2026-10-04,08:40:00,1,T+1,economy,,0,9 seats left,8677.9,6790.23,,,187.22,,INR,sold_out,synthetic,"{""fare_text"":""\u20b98,677.90"",""source"":1,""route"":5,""scraped"":""2026-10-03T12:40:00+00:00"",""currency_seen"":""INR"",""availability"":""9 seats left""}",2026-10-03T12:40:00+00:00
421,5,3,Akasa Air ,QP318,2026-10-03T05:45:00+00:00,2026-10-04,17:30:00,1,T+1,economy,flexi,0,3 seats left,7923.64,5857.3,655.92,,256.69,,INR,observed,synthetic,"{""fare_text"":""\u20b97,923.64"",""source"":3,""route"":5,""scraped"":""2026-10-03T05:45:00+00:00"",""currency_seen"":""INR"",""availability"":""3 seats left""}",2026-10-03T05:45:00+00:00
422,5,4,IndiGo,6E203,2026-10-03T15:15:00+00:00,2026-10-04,08:40:00,1,T+90,economy,,0,3 seats left,10863.91,7867.9,270.28,,395.59,,INR,observed,synthetic,"{""fare_text"":""\u20b910,863.91"",""source"":4,""route"":5,""scraped"":""2026-10-03T15:15:00+00:00"",""currency_seen"":""INR"",""availability"":""3 seats left""}",2026-10-03T15:15:00+00:00
423,5,5,Air India,AI315,2026-10-03T13:00:00+00:00,2026-10-04,08:40:00,1,T+1,economy,,0,3 seats left,9827.55,7044.51,661.61,,,269.1,INR,scrape_failed,synthetic,"{""fare_text"":""\u20b99,827.55"",""source"":5,""route"":5,""scraped"":""2026-10-03T13:00:00+00:00"",""currency_seen"":""INR"",""availability"":""3 seats left""}",2026-10-03T13:00:00+00:00
424,5,6,IndiGo,6E101,2026-10-03T12:45:00+00:00,2026-10-04,08:40:00,1,T+1,economy,refundable,0,,6837.6,4900.01,563.64,942.53,274.15,157.27,INR,observed,synthetic,"{""fare_text"":""\u20b96,837.60"",""source"":6,""route"":5,""scraped"":""2026-10-03T12:45:00+00:00"",""currency_seen"":""INR"",""availability"":null}",2026-10-03T12:45:00+00:00
425,5,1,IndiGo,6E315,2026-09-27T03:15:00+00:00,2026-10-04,14:05:00,7,T+7,economy,flexi,0,,7356.41,5603.16,870.27,924.58,208.4,,INR,observed,synthetic,"{""fare_text"":""\u20b97,356.41"",""source"":1,""route"":5,""scraped"":""2026-09-27T03:15:00+00:00"",""currency_seen"":""INR"",""availability"":null}",2026-09-27T03:15:00+00:00
426,5,3,Akasa Air,QP318,2026-09-27T06:40:00+00:00,2026-10-04,08:40:00,7,T+7,economy,saver,0,Available,6079.01,4488.54,461.45,915.78,,,INR ,sold_out,synthetic,"{""fare_text"":""\u20b96,079.01"",""source"":3,""route"":5,""scraped"":""2026-09-27T06:40:00+00:00"",""currency_seen"":""INR "",""availability"":""Available""}",2026-09-27T06:40:00+00:00
427,5,5,Air India,AI315,2026-09-27T03:50:00+00:00,2026-10-04,08:40:00,7,T+7,economy,,0,3 seats left,7030.03,5199.59,611.51,909.34,155.89,,INR,parse_error,synthetic,"{""fare_text"":""\u20b97,030.03"",""source"":5,""route"":5,""scraped"":""2026-09-27T03:50:00+00:00"",""currency_seen"":""INR"",""availability"":""3 seats left""}",2026-09-27T03:50:00+00:00
428,5,6,IndiGo,6E315,2026-09-27T15:00:00+00:00,2026-10-04,20:45:00,7,T+7,economy,saver,0,5 seats left,9800.08,7303.15,253.22,1623.86,363.92,255.93,INR ,scrape_failed,synthetic,"{""fare_text"":""\u20b99,800.08"",""source"":6,""route"":5,""scraped"":""2026-09-27T15:00:00+00:00"",""currency_seen"":""INR "",""availability"":""5 seats left""}",2026-09-27T15:00:00+00:00
429,5,1,IndiGo,6E315,2026-09-19T15:00:00+00:00,2026-10-04,25:71:00,15,T+15,economy,,0,9 seats left,7032.31,5125.59,730.89,952.43,223.4,,INR ,sold_out,synthetic,"{""fare_text"":""\u20b97,032.31"",""source"":1,""route"":5,""scraped"":""2026-09-19T15:00:00+00:00"",""currency_seen"":""INR "",""availability"":""9 seats left""}",2026-09-19T15:00:00+00:00
430,5,2,Air India,AI315,2026-09-19T05:35:00+00:00,2026-10-04,11:20:00,15,T+15,economy,,0,9 seats left,7871.2,5597.93,847.99,1136.72,288.56,,INR,observed,synthetic,"{""fare_text"":""\u20b97,871.20"",""source"":2,""route"":5,""scraped"":""2026-09-19T05:35:00+00:00"",""currency_seen"":""INR"",""availability"":""9 seats left""}",2026-09-19T05:35:00+00:00
431,5,3,Akasa Air,QP318,2026-09-19T10:45:00+00:00,2026-10-04,11:20:00,15,T+15,economy,Saver,0,5 seats left,8651.94,5440.6,,1292.42,,,INR,observed,synthetic,"{""fare_text"":""\u20b98,651.94"",""source"":3,""route"":5,""scraped"":""2026-09-19T10:45:00+00:00"",""currency_seen"":""INR"",""availability"":""5 seats left""}",2026-09-19T10:45:00+00:00
432,5,1,IndiGo,6E203,2026-09-04T05:45:00+00:00,2026-10-04,14:05:00,30,T+30,economy,flexi,0,9 seats left,6750.5,4744.26,830.62,950.64,224.98,,INR,observed,synthetic,"{""fare_text"":""\u20b96,750.50"",""source"":1,""route"":5,""scraped"":""2026-09-04T05:45:00+00:00"",""currency_seen"":""INR"",""availability"":""9 seats left""}",2026-09-04T05:45:00+00:00
433,5,3,Akasa Air,QP318,2026-09-04T08:40:00+00:00,2026-10-04,25:71:00,30,T+30,economy,,0,Available,7261.16,5430.31,432.58,1076.08,322.19,,INR,observed,synthetic,"{""fare_text"":""\u20b97,261.16"",""source"":3,""route"":5,""scraped"":""2026-09-04T08:40:00+00:00"",""currency_seen"":""INR"",""availability"":""Available""}",2026-09-04T08:40:00+00:00
434,5,4,IndiGo,6E101,2026-09-04T05:00:00+00:00,2026-10-04,14:05:00,30,T+30,economy,saver,0,,5650.81,3997.85,361.77,803.72,156.37,,INR,observed,synthetic,"{""fare_text"":""\u20b95,650.81"",""source"":4,""route"":5,""scraped"":""2026-09-04T05:00:00+00:00"",""currency_seen"":""INR"",""availability"":null}",2026-09-04T05:00:00+00:00
435,5,5,Air India,AI101,2026-09-04T08:40:00+00:00,2026-10-04,17:30:00,30,T+30,economy,,0,,6834.18,4888.22,304.27,1117.37,180.67,,INR,observed,synthetic,"{""fare_text"":""\u20b96,834.18"",""source"":5,""route"":5,""scraped"":""2026-09-04T08:40:00+00:00"",""currency_seen"":""INR"",""availability"":""""}",2026-09-04T08:40:00+00:00
436,5,6,IndiGo,6E315,2026-09-04T05:45:00+00:00,2026-10-04,14:05:00,30,T+30,economy,,0,,6075.15,4292.69,453.3,907.03,165.56,256.57,INR,observed,synthetic,"{""fare_text"":""\u20b96,075.15"",""source"":6,""route"":5,""scraped"":""2026-09-04T05:45:00+00:00"",""currency_seen"":""INR"",""availability"":""""}",2026-09-04T05:45:00+00:00
437,5,1,IndiGo,6E315,2026-08-20T03:15:00+00:00,2026-10-04,11:20:00,45,T+45,economy,saver,1,3 seats left,6267.07,4491.06,717.35,1052.84,,,INR,observed,synthetic,"{""fare_text"":""\u20b96,267.07"",""source"":1,""route"":5,""scraped"":""2026-08-20T03:15:00+00:00"",""currency_seen"":""INR"",""availability"":""3 seats left""}",2026-08-20T03:15:00+00:00
438,5,2,Air India,AI315,2026-08-20T12:40:00+00:00,2026-10-04,20:45:00,45,T+45,economy,,1,,6773.28,5211.58,402.21,970.21,189.28,,INR,observed,synthetic,"{""fare_text"":""\u20b96,773.28"",""source"":2,""route"":5,""scraped"":""2026-08-20T12:40:00+00:00"",""currency_seen"":""INR"",""availability"":null,""debug"":""unexpected_field""}",2026-08-20T12:40:00+00:00
439,5,3,Akasa Air,QP110,2026-08-20T08:35:00+00:00,2026-10-04,17:30:00,45,T+45,economy,refundable,0,Available,36975.29,3100.69,,,105.88,,INR,observed,synthetic,"{""fare_text"":""\u20b936,975.29"",""source"":3,""route"":5,""scraped"":""2026-08-20T08:35:00+00:00"",""currency_seen"":""INR"",""availability"":""Available""}",2026-08-20T08:35:00+00:00
440,5,4,IndiGo,6E101,2026-08-20T10:30:00+00:00,2026-10-04,14:05:00,45,T+45,economy,refundable,3,Available,7472.48,5648.24,445.54,985.39,265.53,127.78,INR,parse_error,synthetic,"{""fare_text"":""\u20b97,472.48"",""source"":4,""route"":5,""scraped"":""2026-08-20T10:30:00+00:00"",""currency_seen"":""INR"",""availability"":""Available""}",2026-08-20T10:30:00+00:00
441,5,5,Air India,AI315,2026-08-20T10:40:00+00:00,2026-10-04,25:71:00,45,T+45,economy,,0,,5255.73,3634.89,548.59,747.33,119.27,205.65,INR,observed,synthetic,"{""fare_text"":""\u20b95,255.73"",""source"":5,""route"":5,""scraped"":""2026-08-20T10:40:00+00:00"",""currency_seen"":""INR"",""availability"":null}",2026-08-20T10:40:00+00:00
442,5,6,IndiGo,6E101,2026-08-20T13:15:00+00:00,2026-10-04,08:40:00,45,T+45,economy,saver,0,,5972.73,4208.12,555.38,1001.06,172.32,285.85,INR,observed,synthetic,"{""fare_text"":""\u20b95,972.73"",""source"":6,""route"":5,""scraped"":""2026-08-20T13:15:00+00:00"",""currency_seen"":""INR"",""availability"":""""}",2026-08-20T13:15:00+00:00
443,6,1,IndiGo,6E315,2026-09-19T04:30:00+00:00,2026-09-20,14:05:00,1,T+1,economy,refundable,3,,8646.5,6492.24,554.67,1324.16,275.43,,INR,observed,synthetic,"{""fare_text"":""\u20b98,646.50"",""source"":1,""route"":6,""scraped"":""2026-09-19T04:30:00+00:00"",""currency_seen"":""INR"",""availability"":null}",2026-09-19T04:30:00+00:00
444,6,3,Akasa Air,QP110,2026-09-19T14:50:00+00:00,2026-09-20,08:40:00,1,T+1,economy,,0,,8187.39,6231.56,,1206.82,322.94,,INR,scrape_failed,synthetic,"{""fare_text"":""\u20b98,187.39"",""source"":3,""route"":6,""scraped"":""2026-09-19T14:50:00+00:00"",""currency_seen"":""INR"",""availability"":null}",2026-09-19T14:50:00+00:00
445,6,5,Air India,AI315,2026-09-19T12:30:00+00:00,2026-09-20,17:30:00,1,T+1,economy,saver,0,3 seats left,9497.51,6887.36,636.33,1431.46,348.09,194.27,INR,observed,synthetic,"{""fare_text"":""\u20b99,497.51"",""source"":5,""route"":6,""scraped"":""2026-09-19T12:30:00+00:00"",""currency_seen"":""INR"",""availability"":""3 seats left""}",2026-09-19T12:30:00+00:00
446,6,6,IndiGo,6E203,2026-09-19T12:50:00+00:00,2026-09-20,11:20:00,1,T+1,economy,refundable,0,3 seats left,11470.84,8917.38,436.96,1543.01,453.92,119.57,INR,observed,synthetic,"{""fare_text"":""\u20b911,470.84"",""source"":6,""route"":6,""scraped"":""2026-09-19T12:50:00+00:00"",""currency_seen"":""INR"",""availability"":""3 seats left""}",2026-09-19T12:50:00+00:00
447,6,1,IndiGo,6E315,2026-09-13T08:40:00+00:00,2026-09-20,06:15:00,7,T+7,economy,,0,3 seats left,8565.31,6328.84,,1239.84,282.13,,INR,observed,synthetic,"{""fare_text"":""\u20b98,565.31"",""source"":1,""route"":6,""scraped"":""2026-09-13T08:40:00+00:00"",""currency_seen"":""INR"",""availability"":""3 seats left"",""debug"":""unexpected_field""}",2026-09-13T08:40:00+00:00
448,6,2,Air India,,2026-09-13T05:00:00+00:00,2026-09-20,06:15:00,7,T+7,economy,,0,,5838.62,3856.91,891.25,838.49,251.97,,INR,observed,synthetic,"{""fare_text"":""\u20b95,838.62"",""source"":2,""route"":6,""scraped"":""2026-09-13T05:00:00+00:00"",""currency_seen"":""INR"",""availability"":null}",2026-09-13T05:00:00+00:00
449,6,4,IndiGo,6E203,2026-09-13T06:15:00+00:00,2026-09-20,14:05:00,7,T+7,economy,refundable,0,2 seats left,8319.58,6048.82,389.67,1461.31,184.93,234.85,INR,observed,synthetic,"{""fare_text"":""\u20b98,319.58"",""source"":4,""route"":6,""scraped"":""2026-09-13T06:15:00+00:00"",""currency_seen"":""INR"",""availability"":""2 seats left""}",2026-09-13T06:15:00+00:00
450,6,1,IndiGo,6E315,2026-09-05T03:00:00+00:00,2026-09-20,08:40:00,15,T+15,economy,,0,5 seats left,6812.46,4878.97,259.78,1210.12,138.59,,INR ,observed,synthetic,"{""fare_text"":""\u20b96,812.46"",""source"":1,""route"":6,""scraped"":""2026-09-05T03:00:00+00:00"",""currency_seen"":""INR "",""availability"":""5 seats left""}",2026-09-05T03:00:00+00:00
451,6,2,Air India,AI203,2026-09-05T06:15:00+00:00,2026-09-20,20:45:00,15,T+15,Economy,saver,0,3 seats left,7288.99,5259.09,868.24,951.96,209.7,,INR ,sold_out,synthetic,"{""fare_text"":""\u20b97,288.99"",""source"":2,""route"":6,""scraped"":""2026-09-05T06:15:00+00:00"",""currency_seen"":""INR "",""availability"":""3 seats left""}",2026-09-05T06:15:00+00:00
452,6,3,Akasa Air,QP318,2026-09-05T08:40:00+00:00,2026-09-20,08:40:00,15,T+15,economy,,0,2 seats left,6195.45,4288.46,768.76,895.11,243.12,,INR,observed,synthetic,"{""fare_text"":""\u20b96,195.45"",""source"":3,""route"":6,""scraped"":""2026-09-05T08:40:00+00:00"",""currency_seen"":""INR"",""availability"":""2 seats left""}",2026-09-05T08:40:00+00:00
453,6,4,IndiGo,6E203,2026-09-05T04:15:00+00:00,2026-09-20,17:30:00,16,T+15,economy,flexi,0,3 seats left,5873.18,4206.27,454.88,754.31,234.62,223.1,INR,observed,synthetic,"{""fare_text"":""\u20b95,873.18"",""source"":4,""route"":6,""scraped"":""2026-09-05T04:15:00+00:00"",""currency_seen"":""INR"",""availability"":""3 seats left""}",2026-09-05T04:15:00+00:00
454,6,5,Air India,AI203,2026-09-05T02:45:00+00:00,2026-09-20,08:40:00,15,T+15,Economy,flexi,0,,7086.45,4988.54,864.04,943.87,161.86,128.14,INR,observed,synthetic,"{""fare_text"":""\u20b97,086.45"",""source"":5,""route"":6,""scraped"":""2026-09-05T02:45:00+00:00"",""currency_seen"":""INR"",""availability"":""""}",2026-09-05T02:45:00+00:00
455,6,1,IndiGo,6E203,2026-08-21T15:15:00+00:00,2026-09-20,14:05:00,30,T+30,economy,saver,0,2 seats left,6004.46,4401.93,471.1,998.38,133.05,,INR,observed,synthetic,"{""fare_text"":""\u20b96,004.46"",""source"":1,""route"":6,""scraped"":""2026-08-21T15:15:00+00:00"",""currency_seen"":""INR"",""availability"":""2 seats left""}",2026-08-21T15:15:00+00:00
456,6,2,Air India,AI101,2026-08-21T09:15:00+00:00,2026-09-20,17:30:00,30,T+30,economy,saver,0,3 seats left,6236.35,4809.03,326.75,,239.49,,INR,observed,synthetic,"{""fare_text"":""\u20b96,236.35"",""source"":2,""route"":6,""scraped"":""2026-08-21T09:15:00+00:00"",""currency_seen"":""INR"",""availability"":""3 seats left"",""price_raw"":""N/A""}",2026-08-21T09:15:00+00:00
457,6,4,IndiGo,6E315,2026-08-21T14:35:00+00:00,2026-09-20,14:05:00,30,T+30,economy,flexi,0,5 seats left,7763.5,5692.33,,963.4,320.79,209.57,INR,observed,synthetic,"{""fare_text"":""\u20b97,763.50"",""source"":4,""route"":6,""scraped"":""2026-08-21T14:35:00+00:00"",""currency_seen"":""INR"",""availability"":""5 seats left""}",2026-08-21T14:35:00+00:00
458,6,5,Air India,AI203,2026-08-21T04:30:00+00:00,2026-09-20,20:45:00,30,T+30,economy,,1,Available,8584.84,6237.17,800.56,1067.35,319.08,160.68,INR,observed,synthetic,"{""fare_text"":""\u20b98,584.84"",""source"":5,""route"":6,""scraped"":""2026-08-21T04:30:00+00:00"",""currency_seen"":""INR"",""availability"":""Available""}",2026-08-21T04:30:00+00:00
459,6,1,IndiGo,6E101,2026-08-06T10:35:00+00:00,2026-09-20,08:40:00,45,T+45,economy,flexi,0,,5968.22,4307.59,637.39,811.48,211.76,,INR,observed,synthetic,"{""fare_text"":""\u20b95,968.22"",""source"":1,""route"":6,""scraped"":""2026-08-06T10:35:00+00:00"",""currency_seen"":""INR"",""availability"":""""}",2026-08-06T10:35:00+00:00
460,6,3,Akasa Air,QP202,2026-08-06T08:30:00+00:00,2026-09-20,06:15:00,45,T+45,economy,refundable,0,,6849.64,5017.81,,913.83,212.17,,INR,observed,synthetic,"{""fare_text"":""\u20b96,849.64"",""source"":3,""route"":6,""scraped"":""2026-08-06T08:30:00+00:00"",""currency_seen"":""INR"",""availability"":null}",2026-08-06T08:30:00+00:00
461,6,5,Air India,AI203,2026-08-06T04:45:00+00:00,2026-09-20,06:15:00,45,T+45,economy,,0,,8357.45,5964.75,739.06,1128.83,261.72,263.09,INR,observed,synthetic,"{""fare_text"":""\u20b98,357.45"",""source"":5,""route"":6,""scraped"":""2026-08-06T04:45:00+00:00"",""currency_seen"":""INR"",""availability"":null,""debug"":""unexpected_field""}",2026-08-06T04:45:00+00:00
462,6,6,IndiGo,6E315,2026-08-06T03:15:00+00:00,2026-09-20,14:05:00,45,T+45,economy,saver,0,2 seats left,6957.29,5091.73,384.15,1051.75,138.67,290.99,INR,observed,synthetic,"{""fare_text"":""\u20b96,957.29"",""source"":6,""route"":6,""scraped"":""2026-08-06T03:15:00+00:00"",""currency_seen"":""INR"",""availability"":""2 seats left""}",2026-08-06T03:15:00+00:00
463,6,1,IndiGo,6E203,2026-09-22T05:30:00+00:00,2026-09-23,06:15:00,1,T+1,economy,refundable,1,Available,9384.41,6870.69,326.97,1517.82,343.93,,INR,scrape_failed,synthetic,"{""fare_text"":""\u20b99,384.41"",""source"":1,""route"":6,""scraped"":""2026-09-22T05:30:00+00:00"",""currency_seen"":""INR"",""availability"":""Available""}",2026-09-22T05:30:00+00:00
464,6,2,Air India,AI315,2026-09-22T10:30:00+00:00,2026-09-23,06:15:00,1,T+1,economy,,0,2 seats left,7455.15,5536.28,336.75,1262.32,,,₹,observed,synthetic,"{""fare_text"":""\u20b97,455.15"",""source"":2,""route"":6,""scraped"":""2026-09-22T10:30:00+00:00"",""currency_seen"":""\u20b9"",""availability"":""2 seats left""}",2026-09-22T10:30:00+00:00
465,6,4,IndiGo,6E315,2026-09-22T03:00:00+00:00,2026-09-23,11:20:00,1,T+1,economy,,0,,7536.16,5631.54,436.37,942.79,202.03,323.43,INR,observed,synthetic,"{""fare_text"":""\u20b97,536.16"",""source"":4,""route"":6,""scraped"":""2026-09-22T03:00:00+00:00"",""currency_seen"":""INR"",""availability"":null}",2026-09-22T03:00:00+00:00
466,6,5,Air India,AI203,2026-09-22T06:15:00+00:00,2026-09-23,11:20:00,1,T+1,economy,,0,9 seats left,7622.63,5029.83,859.68,1144.66,,275.56,INR,observed,synthetic,"{""fare_text"":""\u20b97,622.63"",""source"":5,""route"":6,""scraped"":""2026-09-22T06:15:00+00:00"",""currency_seen"":""INR"",""availability"":""9 seats left""}",2026-09-22T06:15:00+00:00
467,6,1,IndiGo,6E101,2026-09-16T06:30:00+00:00,2026-09-23,14:05:00,7,T+7,economy,,0,,71003.66,8034.7,762.6,1328.01,300.34,,INR,observed,synthetic,"{""fare_text"":""\u20b971,003.66"",""source"":1,""route"":6,""scraped"":""2026-09-16T06:30:00+00:00"",""currency_seen"":""INR"",""availability"":"""",""price_raw"":""N/A""}",2026-09-16T06:30:00+00:00
468,6,3,Akasa Air,QP318,2026-09-16T04:00:00+00:00,2026-09-23,20:45:00,7,T+7,economy,,0,Available,11395.34,8649.93,398.33,2091.44,255.64,,INR ,observed,synthetic,"{""fare_text"":""\u20b911,395.34"",""source"":3,""route"":6,""scraped"":""2026-09-16T04:00:00+00:00"",""currency_seen"":""INR "",""availability"":""Available""}",2026-09-16T04:00:00+00:00
469,6,4,IndiGo,6E203,2026-09-16T04:30:00+00:00,2026-09-23,20:45:00,7,T+7,economy,refundable,0,,8819.77,6337.6,428.11,1470.49,303.64,,INR,observed,synthetic,"{""fare_text"":""\u20b98,819.77"",""source"":4,""route"":6,""scraped"":""2026-09-16T04:30:00+00:00"",""currency_seen"":""INR"",""availability"":""""}",2026-09-16T04:30:00+00:00
470,6,5,Air India,AI203,2026-09-16T03:35:00+00:00,2026-09-23,08:40:00,7,T+7,economy,refundable,0,9 seats left,8155.28,5874.7,307.01,1434.22,319.29,220.06,INR,observed,synthetic,"{""fare_text"":""\u20b98,155.28"",""source"":5,""route"":6,""scraped"":""2026-09-16T03:35:00+00:00"",""currency_seen"":""INR"",""availability"":""9 seats left""}",2026-09-16T03:35:00+00:00
471,6,1,IndiGo,6E315,2026-09-08T05:40:00+00:00,2026-09-23,11:20:00,15,T+15,economy,saver,0,,6189.06,4605.41,389.99,941.17,252.49,,INR,observed,synthetic,"{""fare_text"":""\u20b96,189.06"",""source"":1,""route"":6,""scraped"":""2026-09-08T05:40:00+00:00"",""currency_seen"":""INR"",""availability"":null}",2026-09-08T05:40:00+00:00
472,6,2,Air India,AI203,2026-09-08T02:45:00+00:00,2026-09-23,06:15:00,15,T+15,economy,refundable,0,9 seats left,10638.64,7795.36,789.35,1812.67,241.26,,INR,observed,synthetic,"{""fare_text"":""\u20b910,638.64"",""source"":2,""route"":6,""scraped"":""2026-09-08T02:45:00+00:00"",""currency_seen"":""INR"",""availability"":""9 seats left""}",2026-09-08T02:45:00+00:00
473,6,4,IndiGo,6E315,2026-09-08T04:15:00+00:00,2026-09-23,17:30:00,15,T+15,economy,,0,Available,5950.91,4033.43,725.82,707.08,136.99,347.59,INR,observed,synthetic,"{""fare_text"":""\u20b95,950.91"",""source"":4,""route"":6,""scraped"":""2026-09-08T04:15:00+00:00"",""currency_seen"":""INR"",""availability"":""Available""}",2026-09-08T04:15:00+00:00
474,6,5,Air India,AI101,2026-09-08T03:50:00+00:00,2026-09-23,17:30:00,15,T+15,economy,saver,0,2 seats left,6343.24,4299.65,622.86,1035.13,,,INR,observed,synthetic,"{""fare_text"":""\u20b96,343.24"",""source"":5,""route"":6,""scraped"":""2026-09-08T03:50:00+00:00"",""currency_seen"":""INR"",""availability"":""2 seats left"",""debug"":""unexpected_field""}",2026-09-08T03:50:00+00:00
475,6,6,IndiGo,6E315,2026-09-08T06:30:00+00:00,2026-09-23,08:40:00,17,T+15,economy,refundable,0,,7118.35,5015.86,557.58,1100.67,285.51,158.73,INR,observed,synthetic,"{""fare_text"":""\u20b97,118.35"",""source"":6,""route"":6,""scraped"":""2026-09-08T06:30:00+00:00"",""currency_seen"":""INR"",""availability"":null}",2026-09-08T06:30:00+00:00
476,6,1,IndiGo,6E101,2026-08-24T07:15:00+00:00,2026-09-23,17:30:00,30,T+30,economy,refundable,1,Available,20648.73,4473.2,561.76,892.58,241.24,,INR,observed,synthetic,"{""fare_text"":""\u20b920,648.73"",""source"":1,""route"":6,""scraped"":""2026-08-24T07:15:00+00:00"",""currency_seen"":""INR"",""availability"":""Available""}",2026-08-24T07:15:00+00:00
477,6,2,Air India,AI315,2026-08-24T13:00:00+00:00,2026-09-23,06:15:00,30,T+30,economy,flexi,0,,7426.03,5373.87,581.76,1259.34,211.06,,INR,observed,synthetic,"{""fare_text"":""\u20b97,426.03"",""source"":2,""route"":6,""scraped"":""2026-08-24T13:00:00+00:00"",""currency_seen"":""INR"",""availability"":""""}",2026-08-24T13:00:00+00:00
478,6,3,Akasa Air,QP110,2026-08-24T02:30:00+00:00,2026-09-23,08:40:00,30,T+30,economy,refundable,0,2 seats left,4691.23,3592.47,383.75,607.92,107.09,,INR,observed,synthetic,"{""fare_text"":""\u20b94,691.23"",""source"":3,""route"":6,""scraped"":""2026-08-24T02:30:00+00:00"",""currency_seen"":""INR"",""availability"":""2 seats left""}",2026-08-24T02:30:00+00:00
479,6,4,IndiGo,6E101,2026-08-24T14:35:00+00:00,2026-09-23,25:71:00,30,T+30,economy,,0,,5081.17,3047.34,,,,324.02,INR,observed,synthetic,"{""fare_text"":""\u20b95,081.17"",""source"":4,""route"":6,""scraped"":""2026-08-24T14:35:00+00:00"",""currency_seen"":""INR"",""availability"":""""}",2026-08-24T14:35:00+00:00
480,6,5,Air India,AI101,2026-08-24T05:30:00+00:00,2026-09-23,14:05:00,30,T+30,economy,Saver,0,9 seats left,8407.92,6209.22,320.06,1529.54,235.23,113.87,INR,observed,synthetic,"{""fare_text"":""\u20b98,407.92"",""source"":5,""route"":6,""scraped"":""2026-08-24T05:30:00+00:00"",""currency_seen"":""INR"",""availability"":""9 seats left""}",2026-08-24T05:30:00+00:00
481,6,1,IndiGo,6E101,2026-08-09T06:15:00+00:00,2026-09-23,17:30:00,45,T+45,economy,saver,0,5 seats left,6484.35,4369.74,890.17,959.38,,,INR,observed,synthetic,"{""fare_text"":""\u20b96,484.35"",""source"":1,""route"":6,""scraped"":""2026-08-09T06:15:00+00:00"",""currency_seen"":""INR"",""availability"":""5 seats left""}",2026-08-09T06:15:00+00:00
482,6,3,Akasa Air,QP318,2026-08-09T05:15:00+00:00,2026-09-23,08:40:00,45,T+45,economy,,0,2 seats left,7217.99,5351.47,783.03,875.83,207.66,,INR,observed,synthetic,"{""fare_text"":""\u20b97,217.99"",""source"":3,""route"":6,""scraped"":""2026-08-09T05:15:00+00:00"",""currency_seen"":""INR"",""availability"":""2 seats left""}",2026-08-09T05:15:00+00:00
483,6,6,IndiGo,6E203,2026-08-09T14:40:00+00:00,2026-09-23,11:20:00,45,T+45,economy,,1,,,5116.97,430.21,,265.9,295.13,INR,observed,synthetic,"{""fare_text"":null,""source"":6,""route"":6,""scraped"":""2026-08-09T14:40:00+00:00"",""currency_seen"":""INR"",""availability"":null}",2026-08-09T14:40:00+00:00
484,6,1,IndiGo,6E203,2026-09-26T06:15:00+00:00,2026-09-27,20:45:00,1,T+1,economy,,0,,6477.36,4507.74,726.82,1021.97,220.83,,INR,observed,synthetic,"{""fare_text"":""\u20b96,477.36"",""source"":1,""route"":6,""scraped"":""2026-09-26T06:15:00+00:00"",""currency_seen"":""INR"",""availability"":null}",2026-09-26T06:15:00+00:00
485,6,2,Air India,,2026-09-26T08:50:00+00:00,2026-09-27,20:45:00,1,T+1,economy,saver,0,,6530.85,5038.03,311.26,1040.13,141.43,,INR,observed,synthetic,"{""fare_text"":""\u20b96,530.85"",""source"":2,""route"":6,""scraped"":""2026-09-26T08:50:00+00:00"",""currency_seen"":""INR"",""availability"":null}",2026-09-26T08:50:00+00:00
486,6,3,Akasa Air,QP318,2026-09-26T11:15:00+00:00,2026-09-27,06:15:00,1,T+1,economy,,1,3 seats left,7104.88,4965.86,744.12,1144.73,250.17,,INR,observed,synthetic,"{""fare_text"":""\u20b97,104.88"",""source"":3,""route"":6,""scraped"":""2026-09-26T11:15:00+00:00"",""currency_seen"":""INR"",""availability"":""3 seats left""}",2026-09-26T11:15:00+00:00
487,6,4,IndiGo,6E101,2026-09-26T06:50:00+00:00,2026-09-27,20:45:00,1,T+1,economy,flexi,0,,1923.52,7739.05,625.66,1906.76,224.71,307.68,INR,observed,synthetic,"{""fare_text"":""\u20b91,923.52"",""source"":4,""route"":6,""scraped"":""2026-09-26T06:50:00+00:00"",""currency_seen"":""INR"",""availability"":null}",2026-09-26T06:50:00+00:00
488,6,6,IndiGo,6E101,2026-09-26T06:00:00+00:00,2026-09-27,06:15:00,1,T+1,economy,flexi,0,5 seats left,37899.25,9256.17,468.87,,,195.48,INR,observed,synthetic,"{""fare_text"":""\u20b937,899.25"",""source"":6,""route"":6,""scraped"":""2026-09-26T06:00:00+00:00"",""currency_seen"":""INR"",""availability"":""5 seats left"",""price_raw"":""N/A""}",2026-09-26T06:00:00+00:00
489,6,1,IndiGo,6E315,2026-09-20T10:35:00+00:00,2026-09-27,17:30:00,7,T+7,economy,,0,Available,5691.6,4313.77,426.14,722.79,228.9,,INR,observed,synthetic,"{""fare_text"":""\u20b95,691.60"",""source"":1,""route"":6,""scraped"":""2026-09-20T10:35:00+00:00"",""currency_seen"":""INR"",""availability"":""Available""}",2026-09-20T10:35:00+00:00
490,6,2,Air India,AI101,2026-09-20T05:15:00+00:00,2026-09-27,08:40:00,7,T+7,economy,saver,0,two seats,7725.16,5813.83,668.13,931.44,311.76,,INR,observed,synthetic,"{""fare_text"":""\u20b97,725.16"",""source"":2,""route"":6,""scraped"":""2026-09-20T05:15:00+00:00"",""currency_seen"":""INR"",""availability"":""two seats"",""price_raw"":""N/A""}",2026-09-20T05:15:00+00:00
491,6,3,Akasa Air,QP110,2026-09-20T12:30:00+00:00,2026-09-27,06:15:00,7,T+7,economy,saver,0,,7033.26,4800.1,881.22,1154.65,197.29,,INR,observed,synthetic,"{""fare_text"":""\u20b97,033.26"",""source"":3,""route"":6,""scraped"":""2026-09-20T12:30:00+00:00"",""currency_seen"":""INR"",""availability"":null}",2026-09-20T12:30:00+00:00
492,6,5,Air India,AI203,2026-09-20T06:40:00+00:00,2026-09-27,20:45:00,7,T+7,economy,refundable,0,5 seats left,5696.35,4275.56,,814.4,130.59,95.66,INR,observed,synthetic,"{""fare_text"":""\u20b95,696.35"",""source"":5,""route"":6,""scraped"":""2026-09-20T06:40:00+00:00"",""currency_seen"":""INR"",""availability"":""5 seats left""}",2026-09-20T06:40:00+00:00
493,6,1,IndiGo,6E203,2026-09-12T06:40:00+00:00,2026-09-27,08:40:00,15,T+15,economy,saver,0,2 seats left,7384.76,5374.83,699.69,1043.04,267.2,,INR,observed,synthetic,"{""fare_text"":""\u20b97,384.76"",""source"":1,""route"":6,""scraped"":""2026-09-12T06:40:00+00:00"",""currency_seen"":""INR"",""availability"":""2 seats left""}",2026-09-12T06:40:00+00:00
494,6,3,akasa air,QP110,2026-09-12T09:15:00+00:00,2026-09-27,17:30:00,15,T+15,economy,,0,,7198.52,4691.88,441.49,842.97,222.18,,INR,observed,synthetic,"{""fare_text"":""\u20b97,198.52"",""source"":3,""route"":6,""scraped"":""2026-09-12T09:15:00+00:00"",""currency_seen"":""INR"",""availability"":null}",2026-09-12T09:15:00+00:00
495,6,4,IndiGo,6E315,2026-09-12T08:45:00+00:00,2026-09-27,11:20:00,15,T+15,economy,,0,5 seats left,7653.12,5562.12,343.26,1232.51,194.23,321.0,INR,observed,synthetic,"{""fare_text"":""\u20b97,653.12"",""source"":4,""route"":6,""scraped"":""2026-09-12T08:45:00+00:00"",""currency_seen"":""INR"",""availability"":""5 seats left""}",2026-09-12T08:45:00+00:00
496,6,5,Air India,AI101,2026-09-12T12:35:00+00:00,2026-09-27,11:20:00,15,T+15,economy,,0,Available,9816.66,7318.54,730.17,1278.04,246.73,243.18,INR,observed,synthetic,"{""fare_text"":""\u20b99,816.66"",""source"":5,""route"":6,""scraped"":""2026-09-12T12:35:00+00:00"",""currency_seen"":""INR"",""availability"":""Available"",""debug"":""unexpected_field""}",2026-09-12T12:35:00+00:00
497,6,6,IndiGo,6E101,2026-09-12T02:40:00+00:00,2026-09-27,06:15:00,15,T+15,economy,,1,2 seats left,10069.55,7846.56,412.43,1463.84,219.11,,INR,observed,synthetic,"{""fare_text"":""\u20b910,069.55"",""source"":6,""route"":6,""scraped"":""2026-09-12T02:40:00+00:00"",""currency_seen"":""INR"",""availability"":""2 seats left""}",2026-09-12T02:40:00+00:00
498,6,1,indigo,6E203,2026-08-28T10:50:00+00:00,2026-09-27,14:05:00,28,T+30,economy,,3,5 seats left,7418.13,5589.13,628.65,978.86,221.49,,INR,observed,synthetic,"{""fare_text"":""\u20b97,418.13"",""source"":1,""route"":6,""scraped"":""2026-08-28T10:50:00+00:00"",""currency_seen"":""INR"",""availability"":""5 seats left""}",2026-08-28T10:50:00+00:00
499,6,2,Air India,AI101,2026-08-28T14:50:00+00:00,2026-09-27,08:40:00,30,T+30,economy,,0,,6602.83,4465.92,869.17,983.96,283.78,,INR,observed,synthetic,"{""fare_text"":""\u20b96,602.83"",""source"":2,""route"":6,""scraped"":""2026-08-28T14:50:00+00:00"",""currency_seen"":""INR"",""availability"":null}",2026-08-28T14:50:00+00:00
500,6,4,IndiGo,6E101,2026-08-28T14:40:00+00:00,2026-09-27,08:40:00,30,T+30,economy,refundable,1,Available,7831.83,5825.33,471.0,1094.76,307.37,133.37,INR,observed,synthetic,"{""fare_text"":""\u20b97,831.83"",""source"":4,""route"":6,""scraped"":""2026-08-28T14:40:00+00:00"",""currency_seen"":""INR"",""availability"":""Available""}",2026-08-28T14:40:00+00:00
501,6,5,Air India,AI203,2026-08-28T05:15:00+00:00,2026-09-27,06:15:00,30,T+30,economy,,0,2 seats left,5740.96,4089.74,339.83,868.97,237.43,204.99,INR,observed,synthetic,"{""fare_text"":""\u20b95,740.96"",""source"":5,""route"":6,""scraped"":""2026-08-28T05:15:00+00:00"",""currency_seen"":""INR"",""availability"":""2 seats left""}",2026-08-28T05:15:00+00:00
502,6,6,IndiGo,6E315,2026-08-28T12:35:00+00:00,2026-09-27,20:45:00,30,T+30,economy,saver,0,,7514.2,5572.91,439.67,1034.29,273.32,194.01,INR,observed,synthetic,"{""fare_text"":""\u20b97,514.20"",""source"":6,""route"":6,""scraped"":""2026-08-28T12:35:00+00:00"",""currency_seen"":""INR"",""availability"":""""}",2026-08-28T12:35:00+00:00
503,6,1,indigo,6E101,2026-08-13T05:50:00+00:00,2026-09-27,11:20:00,45,T+45,economy,,0,9 seats left,6335.67,4499.1,655.95,944.91,235.71,,INR,observed,synthetic,"{""fare_text"":""\u20b96,335.67"",""source"":1,""route"":6,""scraped"":""2026-08-13T05:50:00+00:00"",""currency_seen"":""INR"",""availability"":""9 seats left"",""price_raw"":""N/A""}",2026-08-13T05:50:00+00:00
504,6,2,Air India,AI315,2026-08-13T15:00:00+00:00,2026-09-27,20:45:00,45,T+45,economy,flexi,0,two seats,7252.65,5090.1,,1076.09,314.95,,INR,observed,synthetic,"{""fare_text"":""\u20b97,252.65"",""source"":2,""route"":6,""scraped"":""2026-08-13T15:00:00+00:00"",""currency_seen"":""INR"",""availability"":""two seats""}",2026-08-13T15:00:00+00:00
505,6,3,Akasa Air,QP202,2026-08-13T03:35:00+00:00,2026-09-27,20:45:00,45,T+45,economy,saver,0,5 seats left,4437.36,3057.92,634.01,639.55,105.88,,INR,observed,synthetic,"{""fare_text"":""\u20b94,437.36"",""source"":3,""route"":6,""scraped"":""2026-08-13T03:35:00+00:00"",""currency_seen"":""INR"",""availability"":""5 seats left""}",2026-08-13T03:35:00+00:00
506,6,4,IndiGo,6E101,2026-08-13T05:30:00+00:00,2026-09-27,20:45:00,45,T+45,economy,flexi,0,,5294.59,3790.19,301.8,898.02,140.66,,INR,observed,synthetic,"{""fare_text"":""\u20b95,294.59"",""source"":4,""route"":6,""scraped"":""2026-08-13T05:30:00+00:00"",""currency_seen"":""INR"",""availability"":null}",2026-08-13T05:30:00+00:00
507,6,6,IndiGo,6E101,2026-08-13T14:35:00+00:00,2026-09-27,06:15:00,45,T+45,economy,saver,0,Available,5328.29,3654.1,490.59,802.29,121.43,259.88,INR,scrape_failed,synthetic,"{""fare_text"":""\u20b95,328.29"",""source"":6,""route"":6,""scraped"":""2026-08-13T14:35:00+00:00"",""currency_seen"":""INR"",""availability"":""Available"",""price_raw"":""N/A""}",2026-08-13T14:35:00+00:00
508,6,1,IndiGo,6E315,2026-10-03T06:15:00+00:00,2026-10-04,11:20:00,1,T+1,economy,,1,9 seats left,8660.57,6785.32,376.61,1200.42,298.22,,INR,sold_out,synthetic,"{""fare_text"":""\u20b98,660.57"",""source"":1,""route"":6,""scraped"":""2026-10-03T06:15:00+00:00"",""currency_seen"":""INR"",""availability"":""9 seats left""}",2026-10-03T06:15:00+00:00
509,6,4,IndiGo,6E203,2026-10-03T12:35:00+00:00,2026-10-04,11:20:00,1,T+1,economy,saver,0,Available,8986.8,6689.96,495.0,1375.32,,98.33,INR,observed,synthetic,"{""fare_text"":""\u20b98,986.80"",""source"":4,""route"":6,""scraped"":""2026-10-03T12:35:00+00:00"",""currency_seen"":""INR"",""availability"":""Available""}",2026-10-03T12:35:00+00:00
510,6,1,IndiGo,6E203,2026-09-27T03:50:00+00:00,2026-10-04,11:20:00,7,T+7,economy,refundable,0,,6528.29,5107.21,291.08,906.35,,,INR,observed,synthetic,"{""fare_text"":""\u20b96,528.29"",""source"":1,""route"":6,""scraped"":""2026-09-27T03:50:00+00:00"",""currency_seen"":""INR"",""availability"":null}",2026-09-27T03:50:00+00:00
511,6,2,Air India,AI203,2026-09-27T08:40:00+00:00,2026-10-04,14:05:00,7,T+7,economy,,1,Available,8593.18,6787.03,420.11,1150.23,235.81,,INR,observed,synthetic,"{""fare_text"":""\u20b98,593.18"",""source"":2,""route"":6,""scraped"":""2026-09-27T08:40:00+00:00"",""currency_seen"":""INR"",""availability"":""Available"",""price_raw"":""N/A""}",2026-09-27T08:40:00+00:00
512,6,3,Akasa Air,QP318,2026-09-27T03:00:00+00:00,2026-10-04,20:45:00,7,T+7,economy,saver,0,Available,,8129.41,,1488.45,390.58,,INR,observed,synthetic,"{""fare_text"":null,""source"":3,""route"":6,""scraped"":""2026-09-27T03:00:00+00:00"",""currency_seen"":""INR"",""availability"":""Available""}",2026-09-27T03:00:00+00:00
513,6,4,IndiGo,6E315,2026-09-27T13:15:00+00:00,2026-10-04,17:30:00,7,T+7,economy,,0,5 seats left,44667.08,5606.0,802.0,1169.82,223.64,,INR,observed,synthetic,"{""fare_text"":""\u20b944,667.08"",""source"":4,""route"":6,""scraped"":""2026-09-27T13:15:00+00:00"",""currency_seen"":""INR"",""availability"":""5 seats left""}",2026-09-27T13:15:00+00:00
514,6,6,IndiGo,6E101,2026-09-27T02:35:00+00:00,2026-10-04,06:15:00,7,T+7,economy,,0,3 seats left,9578.08,6746.13,585.17,1645.85,258.45,342.48,INR,observed,synthetic,"{""fare_text"":""\u20b99,578.08"",""source"":6,""route"":6,""scraped"":""2026-09-27T02:35:00+00:00"",""currency_seen"":""INR"",""availability"":""3 seats left""}",2026-09-27T02:35:00+00:00
515,6,1,IndiGo,6E203,2026-09-19T07:00:00+00:00,2026-10-04,17:30:00,15,T+15,economy,,0,2 seats left,1743.88,4604.29,534.58,927.65,209.74,,INR,observed,synthetic,"{""fare_text"":""\u20b91,743.88"",""source"":1,""route"":6,""scraped"":""2026-09-19T07:00:00+00:00"",""currency_seen"":""INR"",""availability"":""2 seats left""}",2026-09-19T07:00:00+00:00
516,6,2,Air India,AI101,2026-09-19T09:15:00+00:00,2026-10-04,14:05:00,15,T+15,economy,,0,5 seats left,1067.19,3682.33,807.68,,187.15,,INR,observed,synthetic,"{""fare_text"":""\u20b91,067.19"",""source"":2,""route"":6,""scraped"":""2026-09-19T09:15:00+00:00"",""currency_seen"":""INR"",""availability"":""5 seats left""}",2026-09-19T09:15:00+00:00
517,6,3,Akasa Air,QP318,2026-09-19T03:35:00+00:00,2026-10-04,08:40:00,15,T+15,economy,refundable,0,3 seats left,6049.25,4227.93,699.77,,216.37,,INR,observed,synthetic,"{""fare_text"":""\u20b96,049.25"",""source"":3,""route"":6,""scraped"":""2026-09-19T03:35:00+00:00"",""currency_seen"":""INR"",""availability"":""3 seats left"",""debug"":""unexpected_field""}",2026-09-19T03:35:00+00:00
518,6,4,IndiGo,6E203,2026-09-19T14:35:00+00:00,2026-10-04,25:71:00,15,T+15,economy,,0,5 seats left,7784.84,5652.16,615.97,974.09,269.07,273.55,INR,observed,synthetic,"{""fare_text"":""\u20b97,784.84"",""source"":4,""route"":6,""scraped"":""2026-09-19T14:35:00+00:00"",""currency_seen"":""INR"",""availability"":""5 seats left""}",2026-09-19T14:35:00+00:00
519,6,5,Air India,AI101,2026-09-19T15:00:00+00:00,2026-10-04,20:45:00,15,T+15,economy,,0,9 seats left,6847.45,4815.72,749.46,,189.0,313.96,INR,observed,synthetic,"{""fare_text"":""\u20b96,847.45"",""source"":5,""route"":6,""scraped"":""2026-09-19T15:00:00+00:00"",""currency_seen"":""INR"",""availability"":""9 seats left""}",2026-09-19T15:00:00+00:00
520,6,1,IndiGo,6E315,2026-09-04T08:50:00+00:00,2026-10-04,11:20:00,30,T+30,economy,refundable,0,3 seats left,5928.45,4164.36,656.7,882.49,224.9,,INR,observed,synthetic,"{""fare_text"":""\u20b95,928.45"",""source"":1,""route"":6,""scraped"":""2026-09-04T08:50:00+00:00"",""currency_seen"":""INR"",""availability"":""3 seats left""}",2026-09-04T08:50:00+00:00
521,6,2,Air India,AI203,2026-09-04T10:30:00+00:00,2026-10-04,08:40:00,30,T+30,economy,,1,3 seats left,7298.89,5565.04,422.6,998.24,313.01,,INR,observed,synthetic,"{""fare_text"":""\u20b97,298.89"",""source"":2,""route"":6,""scraped"":""2026-09-04T10:30:00+00:00"",""currency_seen"":""INR"",""availability"":""3 seats left""}",2026-09-04T10:30:00+00:00
522,6,3,Akasa Air,QP318,2026-09-04T06:30:00+00:00,2026-10-04,20:45:00,30,T+30,economy,,0,2 seats left,4678.14,3309.39,616.83,544.13,207.79,,INR,parse_error,synthetic,"{""fare_text"":""\u20b94,678.14"",""source"":3,""route"":6,""scraped"":""2026-09-04T06:30:00+00:00"",""currency_seen"":""INR"",""availability"":""2 seats left"",""debug"":""unexpected_field""}",2026-09-04T06:30:00+00:00
523,6,5,Air India,AI101,2026-09-04T05:15:00+00:00,2026-10-04,11:20:00,30,T+30,economy,,0,5 seats left,7208.11,5092.87,720.47,872.13,173.6,,INR,parse_error,synthetic,"{""fare_text"":""\u20b97,208.11"",""source"":5,""route"":6,""scraped"":""2026-09-04T05:15:00+00:00"",""currency_seen"":""INR"",""availability"":""5 seats left""}",2026-09-04T05:15:00+00:00
524,6,1,IndiGo,6E101,2026-08-20T12:35:00+00:00,2026-10-04,25:71:00,45,T+45,economy,refundable,1,Available,7807.32,5530.75,801.33,,,,INR,observed,synthetic,"{""fare_text"":""\u20b97,807.32"",""source"":1,""route"":6,""scraped"":""2026-08-20T12:35:00+00:00"",""currency_seen"":""INR"",""availability"":""Available""}",2026-08-20T12:35:00+00:00
525,6,2,Air India,AI101,2026-08-20T10:45:00+00:00,2026-10-04,08:40:00,45,T+45,economy,refundable,0,,,5524.82,,1044.41,239.06,,INR,observed,synthetic,"{""fare_text"":null,""source"":2,""route"":6,""scraped"":""2026-08-20T10:45:00+00:00"",""currency_seen"":""INR"",""availability"":null}",2026-08-20T10:45:00+00:00
526,6,3,Akasa Air,QP202,2026-08-20T04:15:00+00:00,2026-10-04,08:40:00,45,T+45,economy,flexi,0,,5345.47,3827.13,629.18,739.36,149.8,,INR,observed,synthetic,"{""fare_text"":""\u20b95,345.47"",""source"":3,""route"":6,""scraped"":""2026-08-20T04:15:00+00:00"",""currency_seen"":""INR"",""availability"":null}",2026-08-20T04:15:00+00:00
527,6,4,IndiGo,6E203,2026-08-20T07:00:00+00:00,2026-10-04,08:40:00,45,T+45,economy,,0,3 seats left,7003.46,5247.1,384.49,927.06,145.26,299.55,INR,observed,synthetic,"{""fare_text"":""\u20b97,003.46"",""source"":4,""route"":6,""scraped"":""2026-08-20T07:00:00+00:00"",""currency_seen"":""INR"",""availability"":""3 seats left""}",2026-08-20T07:00:00+00:00
528,6,5,Air India,AI203,2026-08-20T05:40:00+00:00,2026-10-04,11:20:00,45,T+45,economy,saver,0,5 seats left,3235.68,6902.15,617.88,1705.18,293.23,226.8,INR,observed,synthetic,"{""fare_text"":""\u20b93,235.68"",""source"":5,""route"":6,""scraped"":""2026-08-20T05:40:00+00:00"",""currency_seen"":""INR"",""availability"":""5 seats left""}",2026-08-20T05:40:00+00:00
529,6,6,IndiGo,6E203,2026-08-20T04:30:00+00:00,2026-10-04,14:05:00,45,T+45,economy,flexi,0,5 seats left,7398.27,4856.35,819.99,1087.9,309.4,324.63,INR,observed,synthetic,"{""fare_text"":""\u20b97,398.27"",""source"":6,""route"":6,""scraped"":""2026-08-20T04:30:00+00:00"",""currency_seen"":""INR"",""availability"":""5 seats left""}",2026-08-20T04:30:00+00:00
530,7,1,IndiGo ,6E315,2026-09-19T03:45:00+00:00,2026-09-20,20:45:00,0,T+1,economy,flexi,3,9 seats left,9652.84,7305.89,382.82,1769.46,194.67,,INR,observed,synthetic,"{""fare_text"":""\u20b99,652.84"",""source"":1,""route"":7,""scraped"":""2026-09-19T03:45:00+00:00"",""currency_seen"":""INR"",""availability"":""9 seats left""}",2026-09-19T03:45:00+00:00
531,7,2,Air India,AI315,2026-09-19T06:45:00+00:00,2026-09-20,14:05:00,1,T+1,economy,,0,two seats,7874.83,5954.85,,960.67,253.32,,INR,sold_out,synthetic,"{""fare_text"":""\u20b97,874.83"",""source"":2,""route"":7,""scraped"":""2026-09-19T06:45:00+00:00"",""currency_seen"":""INR"",""availability"":""two seats""}",2026-09-19T06:45:00+00:00
532,7,5,Air India,AI315,2026-09-19T03:50:00+00:00,2026-09-20,11:20:00,1,T+1,economy,,0,2 seats left,8069.2,5575.95,701.53,,311.81,165.99,INR,observed,synthetic,"{""fare_text"":""\u20b98,069.20"",""source"":5,""route"":7,""scraped"":""2026-09-19T03:50:00+00:00"",""currency_seen"":""INR"",""availability"":""2 seats left""}",2026-09-19T03:50:00+00:00
533,7,2,Air India,AI101,2026-09-13T04:15:00+00:00,2026-09-20,06:15:00,7,T+7,economy,,0,,8990.69,6631.12,801.72,1223.65,334.2,,INR,observed,synthetic,"{""fare_text"":""\u20b98,990.69"",""source"":2,""route"":7,""scraped"":""2026-09-13T04:15:00+00:00"",""currency_seen"":""INR"",""availability"":""""}",2026-09-13T04:15:00+00:00
534,7,4,indigo,6E203,2026-09-13T03:40:00+00:00,2026-09-20,17:30:00,7,T+7,economy,flexi,0,,3538.43,7417.76,,1529.48,270.72,332.08,INR,observed,synthetic,"{""fare_text"":""\u20b93,538.43"",""source"":4,""route"":7,""scraped"":""2026-09-13T03:40:00+00:00"",""currency_seen"":""INR"",""availability"":""""}",2026-09-13T03:40:00+00:00
535,7,1,IndiGo,6E315,2026-09-05T12:30:00+00:00,2026-09-20,06:15:00,15,T+15,economy,saver,0,5 seats left,7121.9,5343.77,660.19,915.08,202.86,,INR,observed,synthetic,"{""fare_text"":""\u20b97,121.90"",""source"":1,""route"":7,""scraped"":""2026-09-05T12:30:00+00:00"",""currency_seen"":""INR"",""availability"":""5 seats left""}",2026-09-05T12:30:00+00:00
536,7,3,Akasa Air,QP110,2026-09-05T12:40:00+00:00,2026-09-20,11:20:00,15,T+15,economy,,0,3 seats left,6547.88,4988.27,254.72,1026.57,,,INR,observed,synthetic,"{""fare_text"":""\u20b96,547.88"",""source"":3,""route"":7,""scraped"":""2026-09-05T12:40:00+00:00"",""currency_seen"":""INR"",""availability"":""3 seats left""}",2026-09-05T12:40:00+00:00
537,7,4,IndiGo,6E315,2026-09-05T02:40:00+00:00,2026-09-20,06:15:00,15,T+15,economy,,0,Available,11251.33,8111.56,773.2,1695.21,399.64,,INR,observed,synthetic,"{""fare_text"":""\u20b911,251.33"",""source"":4,""route"":7,""scraped"":""2026-09-05T02:40:00+00:00"",""currency_seen"":""INR"",""availability"":""Available"",""debug"":""unexpected_field"",""price_raw"":""N/A""}",2026-09-05T02:40:00+00:00
538,7,2,Air India,AI101,2026-08-21T14:30:00+00:00,2026-09-20,25:71:00,30,T+30,economy,saver,0,,6868.7,5302.63,278.29,,277.47,,INR,observed,synthetic,"{""fare_text"":""\u20b96,868.70"",""source"":2,""route"":7,""scraped"":""2026-08-21T14:30:00+00:00"",""currency_seen"":""INR"",""availability"":null}",2026-08-21T14:30:00+00:00
539,7,4,IndiGo,6E203,2026-08-21T05:30:00+00:00,2026-09-20,06:15:00,30,T+30,economy,flexi,0,3 seats left,5273.54,3736.66,529.17,649.86,204.21,153.64,INR,observed,synthetic,"{""fare_text"":""\u20b95,273.54"",""source"":4,""route"":7,""scraped"":""2026-08-21T05:30:00+00:00"",""currency_seen"":""INR"",""availability"":""3 seats left""}",2026-08-21T05:30:00+00:00
540,7,5,Air India,AI101,2026-08-21T10:40:00+00:00,2026-09-20,11:20:00,30,T+30,economy,,0,9 seats left,6078.77,4029.31,686.99,985.6,257.08,119.79,INR,observed,synthetic,"{""fare_text"":""\u20b96,078.77"",""source"":5,""route"":7,""scraped"":""2026-08-21T10:40:00+00:00"",""currency_seen"":""INR"",""availability"":""9 seats left""}",2026-08-21T10:40:00+00:00
541,7,6,IndiGo,6E101,2026-08-21T03:45:00+00:00,2026-09-20,06:15:00,30,T+30,Economy,,0,,6697.34,4903.74,457.51,919.61,,267.24,INR,observed,synthetic,"{""fare_text"":""\u20b96,697.34"",""source"":6,""route"":7,""scraped"":""2026-08-21T03:45:00+00:00"",""currency_seen"":""INR"",""availability"":null}",2026-08-21T03:45:00+00:00
542,7,3,Akasa Air,QP202,2026-08-06T06:30:00+00:00,2026-09-20,11:20:00,45,T+45,economy,saver,1,,22632.11,4111.96,884.39,1014.56,222.22,,INR,observed,synthetic,"{""fare_text"":""\u20b922,632.11"",""source"":3,""route"":7,""scraped"":""2026-08-06T06:30:00+00:00"",""currency_seen"":""INR"",""availability"":null}",2026-08-06T06:30:00+00:00
543,7,4,IndiGo,6E101,2026-08-06T12:40:00+00:00,2026-09-20,06:15:00,45,T+45,economy,saver,0,9 seats left,4974.02,3707.39,324.29,673.8,147.85,,INR,observed,synthetic,"{""fare_text"":""\u20b94,974.02"",""source"":4,""route"":7,""scraped"":""2026-08-06T12:40:00+00:00"",""currency_seen"":""INR"",""availability"":""9 seats left""}",2026-08-06T12:40:00+00:00
544,7,6,IndiGo,6E315,2026-08-06T12:50:00+00:00,2026-09-20,11:20:00,45,T+45,Economy,flexi,0,,7113.05,4723.25,676.43,1111.38,139.13,137.86,INR,sold_out,synthetic,"{""fare_text"":""\u20b97,113.05"",""source"":6,""route"":7,""scraped"":""2026-08-06T12:50:00+00:00"",""currency_seen"":""INR"",""availability"":""""}",2026-08-06T12:50:00+00:00
545,7,1,IndiGo,6E203,2026-09-22T14:45:00+00:00,2026-09-23,20:45:00,1,T+1,economy,,0,9 seats left,9871.29,7070.56,850.32,1643.54,306.87,,INR,observed,synthetic,"{""fare_text"":""\u20b99,871.29"",""source"":1,""route"":7,""scraped"":""2026-09-22T14:45:00+00:00"",""currency_seen"":""INR"",""availability"":""9 seats left""}",2026-09-22T14:45:00+00:00
546,7,2,Air India,AI203,2026-09-22T04:45:00+00:00,2026-09-23,11:20:00,2,T+1,economy,saver,0,,8726.19,6627.69,423.32,1307.35,,,INR,observed,synthetic,"{""fare_text"":""\u20b98,726.19"",""source"":2,""route"":7,""scraped"":""2026-09-22T04:45:00+00:00"",""currency_seen"":""INR"",""availability"":""""}",2026-09-22T04:45:00+00:00
547,7,3,Akasa Air,QP318,2026-09-22T04:35:00+00:00,2026-09-23,17:30:00,1,T+1,economy,,0,9 seats left,10774.64,8134.76,492.18,1890.81,256.89,,INR,observed,synthetic,"{""fare_text"":""\u20b910,774.64"",""source"":3,""route"":7,""scraped"":""2026-09-22T04:35:00+00:00"",""currency_seen"":""INR"",""availability"":""9 seats left""}",2026-09-22T04:35:00+00:00
548,7,5,Air India,AI101,2026-09-22T05:35:00+00:00,2026-09-23,11:20:00,1,T+1,economy,refundable,0,,10038.8,6969.96,,,418.89,289.2,INR,observed,synthetic,"{""fare_text"":""\u20b910,038.80"",""source"":5,""route"":7,""scraped"":""2026-09-22T05:35:00+00:00"",""currency_seen"":""INR"",""availability"":""""}",2026-09-22T05:35:00+00:00
549,7,3,Akasa Air,QP318,2026-09-16T04:50:00+00:00,2026-09-23,08:40:00,7,T+7,economy,refundable,0,two seats,10515.77,7803.43,782.15,1655.61,274.58,,INR,observed,synthetic,"{""fare_text"":""\u20b910,515.77"",""source"":3,""route"":7,""scraped"":""2026-09-16T04:50:00+00:00"",""currency_seen"":""INR"",""availability"":""two seats"",""price_raw"":""N/A""}",2026-09-16T04:50:00+00:00
550,7,4,IndiGo,6E101,2026-09-16T02:35:00+00:00,2026-09-23,08:40:00,7,T+7,economy,flexi,0,,7262.47,5351.66,574.06,894.13,196.58,,INR,observed,synthetic,"{""fare_text"":""\u20b97,262.47"",""source"":4,""route"":7,""scraped"":""2026-09-16T02:35:00+00:00"",""currency_seen"":""INR"",""availability"":null}",2026-09-16T02:35:00+00:00
551,7,5,Air India ,,2026-09-16T03:00:00+00:00,2026-09-23,08:40:00,7,T+7,economy,refundable,0,2 seats left,11367.5,8143.58,,2032.85,400.59,326.52,INR,observed,synthetic,"{""fare_text"":""\u20b911,367.50"",""source"":5,""route"":7,""scraped"":""2026-09-16T03:00:00+00:00"",""currency_seen"":""INR"",""availability"":""2 seats left""}",2026-09-16T03:00:00+00:00
552,7,6,IndiGo,6E101,2026-09-16T03:15:00+00:00,2026-09-23,17:30:00,7,T+7,economy,saver,0,2 seats left,6606.08,4789.64,,988.05,239.36,187.67,INR,sold_out,synthetic,"{""fare_text"":""\u20b96,606.08"",""source"":6,""route"":7,""scraped"":""2026-09-16T03:15:00+00:00"",""currency_seen"":""INR"",""availability"":""2 seats left"",""debug"":""unexpected_field""}",2026-09-16T03:15:00+00:00
553,7,1,indigo,6E101,2026-09-08T10:35:00+00:00,2026-09-23,11:20:00,15,T+15,economy,flexi,1,2 seats left,10478.99,7391.46,595.31,1266.96,225.26,,INR,observed,synthetic,"{""fare_text"":""\u20b910,478.99"",""source"":1,""route"":7,""scraped"":""2026-09-08T10:35:00+00:00"",""currency_seen"":""INR"",""availability"":""2 seats left"",""price_raw"":""N/A""}",2026-09-08T10:35:00+00:00
554,7,3,Akasa Air,QP110,2026-09-08T04:45:00+00:00,2026-09-23,17:30:00,15,T+15,economy,saver,1,9 seats left,6546.08,4904.1,,1198.2,140.11,,INR,observed,synthetic,"{""fare_text"":""\u20b96,546.08"",""source"":3,""route"":7,""scraped"":""2026-09-08T04:45:00+00:00"",""currency_seen"":""INR"",""availability"":""9 seats left""}",2026-09-08T04:45:00+00:00
555,7,4,IndiGo,6E203,2026-09-08T13:00:00+00:00,2026-09-23,08:40:00,15,T+15,economy,,0,2 seats left,8844.36,6515.95,352.43,1498.3,,251.65,INR,parse_error,synthetic,"{""fare_text"":""\u20b98,844.36"",""source"":4,""route"":7,""scraped"":""2026-09-08T13:00:00+00:00"",""currency_seen"":""INR"",""availability"":""2 seats left""}",2026-09-08T13:00:00+00:00
556,7,6,IndiGo,6E203,2026-09-08T08:30:00+00:00,2026-09-23,06:15:00,15,T+15,economy,,1,5 seats left,6632.82,4660.3,816.68,776.39,218.75,160.7,INR,observed,synthetic,"{""fare_text"":""\u20b96,632.82"",""source"":6,""route"":7,""scraped"":""2026-09-08T08:30:00+00:00"",""currency_seen"":""INR"",""availability"":""5 seats left""}",2026-09-08T08:30:00+00:00
557,7,1,IndiGo,6E101,2026-08-24T12:50:00+00:00,2026-09-23,08:40:00,30,T+30,economy,,0,5 seats left,6644.98,4926.61,312.36,,270.78,,INR,observed,synthetic,"{""fare_text"":""\u20b96,644.98"",""source"":1,""route"":7,""scraped"":""2026-08-24T12:50:00+00:00"",""currency_seen"":""INR"",""availability"":""5 seats left""}",2026-08-24T12:50:00+00:00
558,7,2,Air India,AI315,2026-08-24T08:30:00+00:00,2026-09-23,20:45:00,30,T+30,economy,refundable,0,,5467.88,4583.12,454.91,780.03,149.82,,INR,observed,synthetic,"{""fare_text"":""\u20b95,467.88"",""source"":2,""route"":7,""scraped"":""2026-08-24T08:30:00+00:00"",""currency_seen"":""INR"",""availability"":null}",2026-08-24T08:30:00+00:00
559,7,3,Akasa Air,QP110,2026-08-24T14:50:00+00:00,2026-09-23,08:40:00,30,T+30,economy,flexi,1,3 seats left,4792.57,3667.16,304.19,611.14,210.08,,INR,observed,synthetic,"{""fare_text"":""\u20b94,792.57"",""source"":3,""route"":7,""scraped"":""2026-08-24T14:50:00+00:00"",""currency_seen"":""INR"",""availability"":""3 seats left""}",2026-08-24T14:50:00+00:00
560,7,4,indigo,6E203,2026-08-24T10:35:00+00:00,2026-09-23,20:45:00,30,T+30,economy,saver,0,,5610.84,3592.62,712.51,844.59,220.04,241.08,INR,observed,synthetic,"{""fare_text"":""\u20b95,610.84"",""source"":4,""route"":7,""scraped"":""2026-08-24T10:35:00+00:00"",""currency_seen"":""INR"",""availability"":null}",2026-08-24T10:35:00+00:00
561,7,5,Air India,AI101,2026-08-24T06:00:00+00:00,2026-09-23,08:40:00,30,T+90,economy,flexi,0,Available,62800.97,6604.68,,,286.87,200.39,INR,observed,synthetic,"{""fare_text"":""\u20b962,800.97"",""source"":5,""route"":7,""scraped"":""2026-08-24T06:00:00+00:00"",""currency_seen"":""INR"",""availability"":""Available""}",2026-08-24T06:00:00+00:00
562,7,6,IndiGo,6E315,2026-08-24T03:40:00+00:00,2026-09-23,17:30:00,30,T+30,economy,,0,5 seats left,6233.31,4180.14,591.25,929.71,254.62,277.59,INR ,observed,synthetic,"{""fare_text"":""\u20b96,233.31"",""source"":6,""route"":7,""scraped"":""2026-08-24T03:40:00+00:00"",""currency_seen"":""INR "",""availability"":""5 seats left""}",2026-08-24T03:40:00+00:00
563,7,1,IndiGo,6E203,2026-08-09T04:40:00+00:00,2026-09-23,11:20:00,45,T+45,economy,,1,Available,5496.28,4213.2,251.39,902.18,129.51,,INR,observed,synthetic,"{""fare_text"":""\u20b95,496.28"",""source"":1,""route"":7,""scraped"":""2026-08-09T04:40:00+00:00"",""currency_seen"":""INR"",""availability"":""Available""}",2026-08-09T04:40:00+00:00
564,7,4,IndiGo,6E101,2026-08-09T10:45:00+00:00,2026-09-23,08:40:00,45,T+45,economy,,0,5 seats left,6241.11,4155.21,882.88,834.47,237.76,130.79,INR,sold_out,synthetic,"{""fare_text"":""\u20b96,241.11"",""source"":4,""route"":7,""scraped"":""2026-08-09T10:45:00+00:00"",""currency_seen"":""INR"",""availability"":""5 seats left""}",2026-08-09T10:45:00+00:00
565,7,6,IndiGo,6E315,2026-08-09T10:40:00+00:00,2026-09-23,20:45:00,45,T+45,economy,saver,0,2 seats left,5515.65,3488.13,634.67,828.17,,340.09,INR ,observed,synthetic,"{""fare_text"":""\u20b95,515.65"",""source"":6,""route"":7,""scraped"":""2026-08-09T10:40:00+00:00"",""currency_seen"":""INR "",""availability"":""2 seats left""}",2026-08-09T10:40:00+00:00
566,7,1,IndiGo,6E203,2026-09-26T15:00:00+00:00,2026-09-27,14:05:00,1,T+1,economy,,0,3 seats left,10130.19,7566.54,768.35,1584.76,210.54,,INR,observed,synthetic,"{""fare_text"":""\u20b910,130.19"",""source"":1,""route"":7,""scraped"":""2026-09-26T15:00:00+00:00"",""currency_seen"":""INR"",""availability"":""3 seats left""}",2026-09-26T15:00:00+00:00
567,7,3,Akasa Air,QP110,2026-09-26T03:30:00+00:00,2026-09-27,17:30:00,1,T+1,economy,,0,3 seats left,82814.31,8157.98,,1709.8,287.59,,INR,observed,synthetic,"{""fare_text"":""\u20b982,814.31"",""source"":3,""route"":7,""scraped"":""2026-09-26T03:30:00+00:00"",""currency_seen"":""INR"",""availability"":""3 seats left"",""debug"":""unexpected_field""}",2026-09-26T03:30:00+00:00
568,7,4,IndiGo,6E101,2026-09-26T12:35:00+00:00,2026-09-27,20:45:00,1,T+1,economy,,0,,7423.84,5681.51,367.07,991.91,286.56,96.79,INR,observed,synthetic,"{""fare_text"":""\u20b97,423.84"",""source"":4,""route"":7,""scraped"":""2026-09-26T12:35:00+00:00"",""currency_seen"":""INR"",""availability"":null}",2026-09-26T12:35:00+00:00
569,7,5,Air India,AI101,2026-09-26T06:35:00+00:00,2026-09-27,11:20:00,1,T+1,economy,,0,,7424.83,5131.31,868.54,944.07,190.69,,INR,sold_out,synthetic,"{""fare_text"":""\u20b97,424.83"",""source"":5,""route"":7,""scraped"":""2026-09-26T06:35:00+00:00"",""currency_seen"":""INR"",""availability"":null}",2026-09-26T06:35:00+00:00
570,7,1,IndiGo,6E101,2026-09-20T10:50:00+00:00,2026-09-27,17:30:00,7,T+7,economy,refundable,0,Available,3421.07,8728.34,457.47,1573.03,236.31,,INR,scrape_failed,synthetic,"{""fare_text"":""\u20b93,421.07"",""source"":1,""route"":7,""scraped"":""2026-09-20T10:50:00+00:00"",""currency_seen"":""INR"",""availability"":""Available""}",2026-09-20T10:50:00+00:00
571,7,4,IndiGo,6E101,2026-09-20T02:50:00+00:00,2026-09-27,06:15:00,7,T+7,economy,refundable,0,9 seats left,9733.75,6907.32,553.43,1579.33,354.26,,INR,observed,synthetic,"{""fare_text"":""\u20b99,733.75"",""source"":4,""route"":7,""scraped"":""2026-09-20T02:50:00+00:00"",""currency_seen"":""INR"",""availability"":""9 seats left""}",2026-09-20T02:50:00+00:00
572,7,6,IndiGo,6E203,2026-09-20T02:40:00+00:00,2026-09-27,20:45:00,7,T+7,economy,flexi,0,,8128.89,6078.15,256.75,1172.18,314.4,307.41,INR,observed,synthetic,"{""fare_text"":""\u20b98,128.89"",""source"":6,""route"":7,""scraped"":""2026-09-20T02:40:00+00:00"",""currency_seen"":""INR"",""availability"":null}",2026-09-20T02:40:00+00:00
573,7,1,IndiGo,6E315,2026-09-12T02:50:00+00:00,2026-09-27,20:45:00,15,T+15,economy,refundable,0,9 seats left,9118.97,6475.73,841.48,,248.94,,INR,observed,synthetic,"{""fare_text"":""\u20b99,118.97"",""source"":1,""route"":7,""scraped"":""2026-09-12T02:50:00+00:00"",""currency_seen"":""INR"",""availability"":""9 seats left""}",2026-09-12T02:50:00+00:00
574,7,2,Air India,AI101,2026-09-12T02:50:00+00:00,2026-09-27,11:20:00,15,T+15,economy,,0,5 seats left,6388.05,3945.43,508.31,819.98,114.33,,INR,observed,synthetic,"{""fare_text"":""\u20b96,388.05"",""source"":2,""route"":7,""scraped"":""2026-09-12T02:50:00+00:00"",""currency_seen"":""INR"",""availability"":""5 seats left""}",2026-09-12T02:50:00+00:00
575,7,3,Akasa Air,QP110,2026-09-12T02:35:00+00:00,2026-09-27,17:30:00,15,T+15,economy,saver,0,9 seats left,7772.45,5620.45,899.79,1041.34,210.87,,INR,observed,synthetic,"{""fare_text"":""\u20b97,772.45"",""source"":3,""route"":7,""scraped"":""2026-09-12T02:35:00+00:00"",""currency_seen"":""INR"",""availability"":""9 seats left""}",2026-09-12T02:35:00+00:00
576,7,4,IndiGo,6E101,2026-09-12T06:40:00+00:00,2026-09-27,17:30:00,15,T+15,economy,saver,1,,8182.18,5774.75,647.68,1233.75,183.25,,INR,observed,synthetic,"{""fare_text"":""\u20b98,182.18"",""source"":4,""route"":7,""scraped"":""2026-09-12T06:40:00+00:00"",""currency_seen"":""INR"",""availability"":null}",2026-09-12T06:40:00+00:00
577,7,5,Air India,AI101,2026-09-12T13:15:00+00:00,2026-09-27,17:30:00,15,T+15,economy,saver,0,,5770.29,4351.85,,,,81.52,INR,observed,synthetic,"{""fare_text"":""\u20b95,770.29"",""source"":5,""route"":7,""scraped"":""2026-09-12T13:15:00+00:00"",""currency_seen"":""INR"",""availability"":null}",2026-09-12T13:15:00+00:00
578,7,6,IndiGo,6E101,2026-09-12T06:35:00+00:00,2026-09-27,20:45:00,15,T+15,Economy,,0,,7134.3,4989.84,724.41,1063.14,244.96,,INR,observed,synthetic,"{""fare_text"":""\u20b97,134.30"",""source"":6,""route"":7,""scraped"":""2026-09-12T06:35:00+00:00"",""currency_seen"":""INR"",""availability"":null}",2026-09-12T06:35:00+00:00
579,7,2,Air India,AI203,2026-08-28T04:50:00+00:00,2026-09-27,14:05:00,30,T+30,economy,flexi,1,,5373.04,3713.16,,594.44,239.69,,INR,observed,synthetic,"{""fare_text"":""\u20b95,373.04"",""source"":2,""route"":7,""scraped"":""2026-08-28T04:50:00+00:00"",""currency_seen"":""INR"",""availability"":null}",2026-08-28T04:50:00+00:00
580,7,3,Akasa Air,QP318,2026-08-28T04:15:00+00:00,2026-09-27,08:40:00,30,T+30,economy,,0,3 seats left,6327.77,4501.78,883.07,751.05,191.87,,INR,observed,synthetic,"{""fare_text"":""\u20b96,327.77"",""source"":3,""route"":7,""scraped"":""2026-08-28T04:15:00+00:00"",""currency_seen"":""INR"",""availability"":""3 seats left""}",2026-08-28T04:15:00+00:00
581,7,4,IndiGo,6E315,2026-08-28T14:45:00+00:00,2026-09-27,08:40:00,30,T+30,economy,,0,3 seats left,6153.04,4413.43,,755.31,146.03,229.56,INR,observed,synthetic,"{""fare_text"":""\u20b96,153.04"",""source"":4,""route"":7,""scraped"":""2026-08-28T14:45:00+00:00"",""currency_seen"":""INR"",""availability"":""3 seats left""}",2026-08-28T14:45:00+00:00
582,7,5,Air India,AI101,2026-08-28T09:00:00+00:00,2026-09-27,08:40:00,30,T+30,economy,flexi,0,,5982.82,4585.05,265.45,881.07,132.15,119.1,INR,observed,synthetic,"{""fare_text"":""\u20b95,982.82"",""source"":5,""route"":7,""scraped"":""2026-08-28T09:00:00+00:00"",""currency_seen"":""INR"",""availability"":null}",2026-08-28T09:00:00+00:00
583,7,6,IndiGo,6E101,2026-08-28T02:45:00+00:00,2026-09-27,14:05:00,30,T+30,economy,flexi,0,9 seats left,,5303.29,316.32,1011.77,234.58,,INR,observed,synthetic,"{""fare_text"":null,""source"":6,""route"":7,""scraped"":""2026-08-28T02:45:00+00:00"",""currency_seen"":""INR"",""availability"":""9 seats left"",""debug"":""unexpected_field""}",2026-08-28T02:45:00+00:00
584,7,1,IndiGo,6E203,2026-08-13T11:15:00+00:00,2026-09-27,06:15:00,45,T+45,economy,saver,0,9 seats left,6826.55,4944.58,425.05,,268.88,,INR,observed,synthetic,"{""fare_text"":""\u20b96,826.55"",""source"":1,""route"":7,""scraped"":""2026-08-13T11:15:00+00:00"",""currency_seen"":""INR"",""availability"":""9 seats left""}",2026-08-13T11:15:00+00:00
585,7,4,IndiGo,6E315,2026-08-13T06:35:00+00:00,2026-09-27,25:71:00,45,T+45,economy,saver,0,2 seats left,6354.19,4068.98,830.81,1016.78,239.17,,INR,observed,synthetic,"{""fare_text"":""\u20b96,354.19"",""source"":4,""route"":7,""scraped"":""2026-08-13T06:35:00+00:00"",""currency_seen"":""INR"",""availability"":""2 seats left""}",2026-08-13T06:35:00+00:00
586,7,5,Air India,AI203,2026-08-13T08:30:00+00:00,2026-09-27,11:20:00,45,T+45,economy,,0,,6506.73,4598.66,734.7,743.6,,208.93,INR,observed,synthetic,"{""fare_text"":""\u20b96,506.73"",""source"":5,""route"":7,""scraped"":""2026-08-13T08:30:00+00:00"",""currency_seen"":""INR"",""availability"":""""}",2026-08-13T08:30:00+00:00
587,7,1,IndiGo,6E101,2026-10-03T14:35:00+00:00,2026-10-04,08:40:00,1,T+1,economy,saver,0,2 seats left,8709.93,6672.54,528.74,1261.38,247.27,,INR,sold_out,synthetic,"{""fare_text"":""\u20b98,709.93"",""source"":1,""route"":7,""scraped"":""2026-10-03T14:35:00+00:00"",""currency_seen"":""INR"",""availability"":""2 seats left"",""debug"":""unexpected_field""}",2026-10-03T14:35:00+00:00
588,7,2,Air India,AI101,2026-10-03T02:45:00+00:00,2026-10-04,08:40:00,1,T+1,economy,Saver,0,2 seats left,9939.02,7424.88,684.36,1396.77,,,INR,observed,synthetic,"{""fare_text"":""\u20b99,939.02"",""source"":2,""route"":7,""scraped"":""2026-10-03T02:45:00+00:00"",""currency_seen"":""INR"",""availability"":""2 seats left"",""debug"":""unexpected_field""}",2026-10-03T02:45:00+00:00
589,7,3,Akasa Air,QP318,2026-10-03T09:15:00+00:00,2026-10-04,14:05:00,1,T+1,economy,refundable,0,Available,8657.1,6548.65,586.59,1313.4,208.46,,₹,observed,synthetic,"{""fare_text"":""\u20b98,657.10"",""source"":3,""route"":7,""scraped"":""2026-10-03T09:15:00+00:00"",""currency_seen"":""\u20b9"",""availability"":""Available""}",2026-10-03T09:15:00+00:00
590,7,4,IndiGo,6E101,2026-10-03T13:15:00+00:00,2026-10-04,11:20:00,1,T+1,economy,flexi,0,,8383.35,5907.67,622.32,1335.58,168.79,348.99,INR,observed,synthetic,"{""fare_text"":""\u20b98,383.35"",""source"":4,""route"":7,""scraped"":""2026-10-03T13:15:00+00:00"",""currency_seen"":""INR"",""availability"":null}",2026-10-03T13:15:00+00:00
591,7,5,Air India,AI101,2026-10-03T11:15:00+00:00,2026-10-04,06:15:00,1,T+1,economy,saver,0,9 seats left,11218.83,8307.09,616.92,1687.2,388.36,219.26,INR,scrape_failed,synthetic,"{""fare_text"":""\u20b911,218.83"",""source"":5,""route"":7,""scraped"":""2026-10-03T11:15:00+00:00"",""currency_seen"":""INR"",""availability"":""9 seats left""}",2026-10-03T11:15:00+00:00
592,7,6,IndiGo,6E101,2026-10-03T12:40:00+00:00,2026-10-04,25:71:00,1,T+1,economy,saver,0,Available,8131.86,5987.68,331.94,,,327.01,INR,observed,synthetic,"{""fare_text"":""\u20b98,131.86"",""source"":6,""route"":7,""scraped"":""2026-10-03T12:40:00+00:00"",""currency_seen"":""INR"",""availability"":""Available""}",2026-10-03T12:40:00+00:00
593,7,1,IndiGo,6E315,2026-09-27T12:40:00+00:00,2026-10-04,08:40:00,7,T+7,economy,saver,0,3 seats left,10996.87,8435.14,,1660.17,424.68,,INR,observed,synthetic,"{""fare_text"":""\u20b910,996.87"",""source"":1,""route"":7,""scraped"":""2026-09-27T12:40:00+00:00"",""currency_seen"":""INR"",""availability"":""3 seats left""}",2026-09-27T12:40:00+00:00
594,7,3,Akasa Air,QP202,2026-09-27T03:00:00+00:00,2026-10-04,11:20:00,7,T+7,economy,,0,,9295.36,6533.22,,1595.85,342.04,,INR,observed,synthetic,"{""fare_text"":""\u20b99,295.36"",""source"":3,""route"":7,""scraped"":""2026-09-27T03:00:00+00:00"",""currency_seen"":""INR"",""availability"":""""}",2026-09-27T03:00:00+00:00
595,7,5,Air India,AI315,2026-09-27T03:00:00+00:00,2026-10-04,17:30:00,7,T+7,economy,refundable,0,,9755.57,6928.58,,1309.24,376.21,285.55,INR,observed,synthetic,"{""fare_text"":""\u20b99,755.57"",""source"":5,""route"":7,""scraped"":""2026-09-27T03:00:00+00:00"",""currency_seen"":""INR"",""availability"":""""}",2026-09-27T03:00:00+00:00
596,7,1,IndiGo,6E203,2026-09-19T04:30:00+00:00,2026-10-04,06:15:00,15,T+15,economy,saver,0,,7937.5,6137.82,352.68,1279.05,167.95,,INR,observed,synthetic,"{""fare_text"":""\u20b97,937.50"",""source"":1,""route"":7,""scraped"":""2026-09-19T04:30:00+00:00"",""currency_seen"":""INR"",""availability"":null}",2026-09-19T04:30:00+00:00
597,7,3,Akasa Air,QP318,2026-09-19T05:30:00+00:00,2026-10-04,06:15:00,15,T+15,economy,,0,,6354.22,4666.52,608.2,907.11,172.39,,INR,observed,synthetic,"{""fare_text"":""\u20b96,354.22"",""source"":3,""route"":7,""scraped"":""2026-09-19T05:30:00+00:00"",""currency_seen"":""INR"",""availability"":null}",2026-09-19T05:30:00+00:00
598,7,4,IndiGo,6E101,2026-09-19T04:00:00+00:00,2026-10-04,11:20:00,15,T+15,economy,refundable,0,5 seats left,9177.95,6714.34,263.23,1620.09,291.84,288.45,INR,observed,synthetic,"{""fare_text"":""\u20b99,177.95"",""source"":4,""route"":7,""scraped"":""2026-09-19T04:00:00+00:00"",""currency_seen"":""INR"",""availability"":""5 seats left""}",2026-09-19T04:00:00+00:00
599,7,5,Air India,AI203,2026-09-19T03:45:00+00:00,2026-10-04,20:45:00,15,T+15,economy,Saver,0,2 seats left,6897.5,4803.13,852.24,780.73,234.67,226.73,INR,observed,synthetic,"{""fare_text"":""\u20b96,897.50"",""source"":5,""route"":7,""scraped"":""2026-09-19T03:45:00+00:00"",""currency_seen"":""INR"",""availability"":""2 seats left"",""debug"":""unexpected_field""}",2026-09-19T03:45:00+00:00
600,7,1,IndiGo,6E315,2026-09-04T11:00:00+00:00,2026-10-04,20:45:00,30,T+30,economy,flexi,0,,6174.71,4187.91,837.93,980.4,,,INR,observed,synthetic,"{""fare_text"":""\u20b96,174.71"",""source"":1,""route"":7,""scraped"":""2026-09-04T11:00:00+00:00"",""currency_seen"":""INR"",""availability"":null}",2026-09-04T11:00:00+00:00
601,7,2,Air India,AI203,2026-09-04T14:30:00+00:00,2026-10-04,20:45:00,30,T+30,economy,,1,9 seats left,,4024.9,584.47,787.26,223.0,,INR,observed,synthetic,"{""fare_text"":null,""source"":2,""route"":7,""scraped"":""2026-09-04T14:30:00+00:00"",""currency_seen"":""INR"",""availability"":""9 seats left""}",2026-09-04T14:30:00+00:00
602,7,4,IndiGo,6E315,2026-09-04T14:50:00+00:00,2026-10-04,17:30:00,30,T+30,economy,flexi,3,3 seats left,9244.46,6789.45,362.26,1673.11,316.34,103.3,INR,observed,synthetic,"{""fare_text"":""\u20b99,244.46"",""source"":4,""route"":7,""scraped"":""2026-09-04T14:50:00+00:00"",""currency_seen"":""INR"",""availability"":""3 seats left""}",2026-09-04T14:50:00+00:00
603,7,5,Air India,AI203,2026-09-04T07:15:00+00:00,2026-10-04,20:45:00,30,T+30,economy,,1,2 seats left,5973.98,4487.46,336.55,791.91,,,INR,observed,synthetic,"{""fare_text"":""\u20b95,973.98"",""source"":5,""route"":7,""scraped"":""2026-09-04T07:15:00+00:00"",""currency_seen"":""INR"",""availability"":""2 seats left""}",2026-09-04T07:15:00+00:00
604,7,6,IndiGo,6E203,2026-09-04T08:50:00+00:00,2026-10-04,06:15:00,30,T+30,economy,refundable,0,3 seats left,6475.46,4637.71,300.24,,246.82,,INR,observed,synthetic,"{""fare_text"":""\u20b96,475.46"",""source"":6,""route"":7,""scraped"":""2026-09-04T08:50:00+00:00"",""currency_seen"":""INR"",""availability"":""3 seats left""}",2026-09-04T08:50:00+00:00
605,7,1,IndiGo,6E101,2026-08-20T12:30:00+00:00,2026-10-04,06:15:00,45,T+45,economy,,0,,6024.31,4048.19,828.99,984.01,,,INR,observed,synthetic,"{""fare_text"":""\u20b96,024.31"",""source"":1,""route"":7,""scraped"":""2026-08-20T12:30:00+00:00"",""currency_seen"":""INR"",""availability"":null}",2026-08-20T12:30:00+00:00
606,7,2,Air India,AI315,2026-08-20T02:35:00+00:00,2026-10-04,14:05:00,45,T+45,economy,saver,0,5 seats left,6596.58,4646.52,649.87,1069.79,,,INR,observed,synthetic,"{""fare_text"":""\u20b96,596.58"",""source"":2,""route"":7,""scraped"":""2026-08-20T02:35:00+00:00"",""currency_seen"":""INR"",""availability"":""5 seats left""}",2026-08-20T02:35:00+00:00
607,7,4,IndiGo,6E203,2026-08-20T03:30:00+00:00,2026-10-04,20:45:00,45,T+45,economy,,0,,6071.31,4400.85,251.95,925.13,248.22,245.16,INR,observed,synthetic,"{""fare_text"":""\u20b96,071.31"",""source"":4,""route"":7,""scraped"":""2026-08-20T03:30:00+00:00"",""currency_seen"":""INR"",""availability"":""""}",2026-08-20T03:30:00+00:00
608,7,5,Air India,AI101,2026-08-20T14:30:00+00:00,2026-10-04,06:15:00,45,T+45,economy,flexi,0,2 seats left,6531.76,4503.1,602.37,,177.94,201.45,INR,observed,synthetic,"{""fare_text"":""\u20b96,531.76"",""source"":5,""route"":7,""scraped"":""2026-08-20T14:30:00+00:00"",""currency_seen"":""INR"",""availability"":""2 seats left"",""debug"":""unexpected_field""}",2026-08-20T14:30:00+00:00
609,7,6,IndiGo,6E315,2026-08-20T14:45:00+00:00,2026-10-04,14:05:00,45,T+45,economy,flexi,0,,,5516.26,252.38,,192.7,,INR,observed,synthetic,"{""fare_text"":null,""source"":6,""route"":7,""scraped"":""2026-08-20T14:45:00+00:00"",""currency_seen"":""INR"",""availability"":null}",2026-08-20T14:45:00+00:00
610,8,1,IndiGo,6E315,2026-09-19T06:40:00+00:00,2026-09-20,11:20:00,1,T+1,economy,refundable,0,,12009.1,9288.55,552.43,1798.21,,,INR,sold_out,synthetic,"{""fare_text"":""\u20b912,009.10"",""source"":1,""route"":8,""scraped"":""2026-09-19T06:40:00+00:00"",""currency_seen"":""INR"",""availability"":null,""debug"":""unexpected_field""}",2026-09-19T06:40:00+00:00
611,8,4,IndiGo,6E315,2026-09-19T03:45:00+00:00,2026-09-20,20:45:00,1,T+1,economy,flexi,0,,8792.97,6711.18,349.35,1241.75,270.09,220.6,INR,observed,synthetic,"{""fare_text"":""\u20b98,792.97"",""source"":4,""route"":8,""scraped"":""2026-09-19T03:45:00+00:00"",""currency_seen"":""INR"",""availability"":""""}",2026-09-19T03:45:00+00:00
612,8,5,Air India,AI101,2026-09-19T05:30:00+00:00,2026-09-20,17:30:00,1,T+1,economy,saver,0,9 seats left,9365.94,6911.19,436.18,1605.08,316.75,,INR,observed,synthetic,"{""fare_text"":""\u20b99,365.94"",""source"":5,""route"":8,""scraped"":""2026-09-19T05:30:00+00:00"",""currency_seen"":""INR"",""availability"":""9 seats left""}",2026-09-19T05:30:00+00:00
613,8,6,IndiGo,6E315,2026-09-19T04:45:00+00:00,2026-09-20,14:05:00,1,T+1,economy,flexi,0,,11350.5,8661.78,713.91,1546.17,235.9,,INR,observed,synthetic,"{""fare_text"":""\u20b911,350.50"",""source"":6,""route"":8,""scraped"":""2026-09-19T04:45:00+00:00"",""currency_seen"":""INR"",""availability"":""""}",2026-09-19T04:45:00+00:00
614,8,3,Akasa Air,QP202,2026-09-13T03:30:00+00:00,2026-09-20,06:15:00,7,T+7,economy,saver,0,,6650.57,5001.61,358.01,1039.85,251.1,,INR,observed,synthetic,"{""fare_text"":""\u20b96,650.57"",""source"":3,""route"":8,""scraped"":""2026-09-13T03:30:00+00:00"",""currency_seen"":""INR"",""availability"":null}",2026-09-13T03:30:00+00:00
615,8,5,Air India,AI101,2026-09-13T06:45:00+00:00,2026-09-20,14:05:00,7,T+7,economy,flexi,0,2 seats left,11371.91,8435.74,310.13,1920.9,406.7,298.44,INR,observed,synthetic,"{""fare_text"":""\u20b911,371.91"",""source"":5,""route"":8,""scraped"":""2026-09-13T06:45:00+00:00"",""currency_seen"":""INR"",""availability"":""2 seats left""}",2026-09-13T06:45:00+00:00
616,8,6,IndiGo,6E203,2026-09-13T02:40:00+00:00,2026-09-20,08:40:00,7,T+7,economy,,0,3 seats left,7513.56,5539.23,277.09,1199.58,240.3,257.36,INR,observed,synthetic,"{""fare_text"":""\u20b97,513.56"",""source"":6,""route"":8,""scraped"":""2026-09-13T02:40:00+00:00"",""currency_seen"":""INR"",""availability"":""3 seats left""}",2026-09-13T02:40:00+00:00
617,8,1,IndiGo,6E315,2026-09-05T10:35:00+00:00,2026-09-20,08:40:00,15,T+15,economy,refundable,0,,,5143.05,588.75,1262.85,292.37,,INR,observed,synthetic,"{""fare_text"":null,""source"":1,""route"":8,""scraped"":""2026-09-05T10:35:00+00:00"",""currency_seen"":""INR"",""availability"":null}",2026-09-05T10:35:00+00:00
618,8,2,Air India,AI101,2026-09-05T04:50:00+00:00,2026-09-20,17:30:00,15,T+15,economy,,0,9 seats left,6973.96,5286.28,263.54,1270.4,153.74,,INR,observed,synthetic,"{""fare_text"":""\u20b96,973.96"",""source"":2,""route"":8,""scraped"":""2026-09-05T04:50:00+00:00"",""currency_seen"":""INR"",""availability"":""9 seats left""}",2026-09-05T04:50:00+00:00
619,8,3,Akasa Air,QP110,2026-09-05T11:00:00+00:00,2026-09-20,08:40:00,15,T+15,Economy,,0,3 seats left,7827.55,5584.67,389.52,1312.61,215.75,,INR,observed,synthetic,"{""fare_text"":""\u20b97,827.55"",""source"":3,""route"":8,""scraped"":""2026-09-05T11:00:00+00:00"",""currency_seen"":""INR"",""availability"":""3 seats left""}",2026-09-05T11:00:00+00:00
620,8,4,IndiGo,6E101,2026-09-05T03:15:00+00:00,2026-09-20,06:15:00,15,T+15,economy,saver,0,Available,6258.55,4691.59,434.73,,,,INR,observed,synthetic,"{""fare_text"":""\u20b96,258.55"",""source"":4,""route"":8,""scraped"":""2026-09-05T03:15:00+00:00"",""currency_seen"":""INR"",""availability"":""Available"",""debug"":""unexpected_field""}",2026-09-05T03:15:00+00:00
621,8,6,IndiGo,6E203,2026-09-05T12:30:00+00:00,2026-09-20,14:05:00,15,T+15,economy,refundable,0,9 seats left,6164.98,4220.72,530.44,971.03,119.41,,INR,sold_out,synthetic,"{""fare_text"":""\u20b96,164.98"",""source"":6,""route"":8,""scraped"":""2026-09-05T12:30:00+00:00"",""currency_seen"":""INR"",""availability"":""9 seats left""}",2026-09-05T12:30:00+00:00
622,8,1,IndiGo,6E315,2026-08-21T08:50:00+00:00,2026-09-20,14:05:00,30,T+30,economy,,0,9 seats left,5340.22,3667.07,839.01,706.58,127.56,,INR,observed,synthetic,"{""fare_text"":""\u20b95,340.22"",""source"":1,""route"":8,""scraped"":""2026-08-21T08:50:00+00:00"",""currency_seen"":""INR"",""availability"":""9 seats left""}",2026-08-21T08:50:00+00:00
623,8,4,IndiGo,6E101,2026-08-21T12:50:00+00:00,2026-09-20,06:15:00,30,T+30,economy,flexi,0,,7708.5,5469.83,858.54,954.68,307.0,118.45,INR,observed,synthetic,"{""fare_text"":""\u20b97,708.50"",""source"":4,""route"":8,""scraped"":""2026-08-21T12:50:00+00:00"",""currency_seen"":""INR"",""availability"":""""}",2026-08-21T12:50:00+00:00
624,8,1,IndiGo,6E203,2026-08-06T13:00:00+00:00,2026-09-20,08:40:00,45,T+45,economy,,0,,6008.83,4003.76,785.54,964.69,254.84,,INR,observed,synthetic,"{""fare_text"":""\u20b96,008.83"",""source"":1,""route"":8,""scraped"":""2026-08-06T13:00:00+00:00"",""currency_seen"":""INR"",""availability"":null}",2026-08-06T13:00:00+00:00
625,8,3,Akasa Air,QP318,2026-08-06T06:45:00+00:00,2026-09-20,08:40:00,45,T+45,economy,,0,,8109.41,5624.72,449.01,1377.96,332.72,,₹,observed,synthetic,"{""fare_text"":""\u20b98,109.41"",""source"":3,""route"":8,""scraped"":""2026-08-06T06:45:00+00:00"",""currency_seen"":""\u20b9"",""availability"":null}",2026-08-06T06:45:00+00:00
626,8,4,IndiGo,6E203,2026-08-06T07:00:00+00:00,2026-09-20,20:45:00,45,T+45,economy,refundable,0,,7237.39,4494.68,313.91,1051.69,181.32,,INR,observed,synthetic,"{""fare_text"":""\u20b97,237.39"",""source"":4,""route"":8,""scraped"":""2026-08-06T07:00:00+00:00"",""currency_seen"":""INR"",""availability"":null}",2026-08-06T07:00:00+00:00
627,8,5,Air India,AI203,2026-08-06T14:40:00+00:00,2026-09-20,14:05:00,45,T+45,economy,saver,0,,6710.39,4693.94,804.91,798.79,,215.89,INR,observed,synthetic,"{""fare_text"":""\u20b96,710.39"",""source"":5,""route"":8,""scraped"":""2026-08-06T14:40:00+00:00"",""currency_seen"":""INR"",""availability"":null}",2026-08-06T14:40:00+00:00
628,8,6,IndiGo,6E315,2026-08-06T05:15:00+00:00,2026-09-20,06:15:00,45,T+45,economy,,0,,7874.36,6096.73,,1047.23,201.43,259.72,INR,observed,synthetic,"{""fare_text"":""\u20b97,874.36"",""source"":6,""route"":8,""scraped"":""2026-08-06T05:15:00+00:00"",""currency_seen"":""INR"",""availability"":null}",2026-08-06T05:15:00+00:00
629,8,1,IndiGo,6E315,2026-09-22T03:35:00+00:00,2026-09-23,11:20:00,1,T+1,economy,saver,0,Available,7904.82,5929.71,377.41,1286.02,311.68,,INR,observed,synthetic,"{""fare_text"":""\u20b97,904.82"",""source"":1,""route"":8,""scraped"":""2026-09-22T03:35:00+00:00"",""currency_seen"":""INR"",""availability"":""Available""}",2026-09-22T03:35:00+00:00
630,8,3,Akasa Air ,QP110,2026-09-22T12:40:00+00:00,2026-09-23,20:45:00,1,T+1,economy,flexi,0,3 seats left,9146.38,7076.37,431.36,1450.18,188.47,,INR,observed,synthetic,"{""fare_text"":""\u20b99,146.38"",""source"":3,""route"":8,""scraped"":""2026-09-22T12:40:00+00:00"",""currency_seen"":""INR"",""availability"":""3 seats left""}",2026-09-22T12:40:00+00:00
631,8,5,Air India,AI203,2026-09-22T04:30:00+00:00,2026-09-23,06:15:00,1,T+1,economy,saver,0,,8990.05,6407.64,882.36,1099.34,301.12,299.59,INR,observed,synthetic,"{""fare_text"":""\u20b98,990.05"",""source"":5,""route"":8,""scraped"":""2026-09-22T04:30:00+00:00"",""currency_seen"":""INR"",""availability"":null}",2026-09-22T04:30:00+00:00
632,8,6,IndiGo,6E315,2026-09-22T13:15:00+00:00,2026-09-23,14:05:00,1,T+1,economy,saver,0,Available,9004.14,6600.4,517.63,1442.21,316.11,127.79,INR,scrape_failed,synthetic,"{""fare_text"":""\u20b99,004.14"",""source"":6,""route"":8,""scraped"":""2026-09-22T13:15:00+00:00"",""currency_seen"":""INR"",""availability"":""Available""}",2026-09-22T13:15:00+00:00
633,8,2,Air India,AI101,2026-09-16T08:50:00+00:00,2026-09-23,08:40:00,7,T+7,economy,,1,,10811.17,8551.24,381.36,1628.58,249.99,,INR,observed,synthetic,"{""fare_text"":""\u20b910,811.17"",""source"":2,""route"":8,""scraped"":""2026-09-16T08:50:00+00:00"",""currency_seen"":""INR"",""availability"":null}",2026-09-16T08:50:00+00:00
634,8,3,Akasa Air,QP318,2026-09-16T14:40:00+00:00,2026-09-23,08:40:00,7,T+7,economy,flexi,0,,9062.19,6949.72,341.84,1410.61,360.02,,INR,observed,synthetic,"{""fare_text"":""\u20b99,062.19"",""source"":3,""route"":8,""scraped"":""2026-09-16T14:40:00+00:00"",""currency_seen"":""INR"",""availability"":"""",""debug"":""unexpected_field""}",2026-09-16T14:40:00+00:00
635,8,4,indigo,6E315,2026-09-16T10:30:00+00:00,2026-09-23,14:05:00,6,T+7,economy,saver,0,Available,7662.39,5762.37,,1149.98,205.62,214.44,INR,observed,synthetic,"{""fare_text"":""\u20b97,662.39"",""source"":4,""route"":8,""scraped"":""2026-09-16T10:30:00+00:00"",""currency_seen"":""INR"",""availability"":""Available""}",2026-09-16T10:30:00+00:00
636,8,5,Air India,AI315,2026-09-16T09:00:00+00:00,2026-09-23,11:20:00,7,T+7,economy,,0,5 seats left,8671.12,6341.02,,1176.58,199.51,282.86,INR,parse_error,synthetic,"{""fare_text"":""\u20b98,671.12"",""source"":5,""route"":8,""scraped"":""2026-09-16T09:00:00+00:00"",""currency_seen"":""INR"",""availability"":""5 seats left""}",2026-09-16T09:00:00+00:00
637,8,6,IndiGo,6E203,2026-09-16T06:00:00+00:00,2026-09-23,20:45:00,7,T+7,economy,refundable,0,5 seats left,11677.51,8425.44,586.22,1869.56,494.57,301.72,INR,sold_out,synthetic,"{""fare_text"":""\u20b911,677.51"",""source"":6,""route"":8,""scraped"":""2026-09-16T06:00:00+00:00"",""currency_seen"":""INR"",""availability"":""5 seats left""}",2026-09-16T06:00:00+00:00
638,8,1,IndiGo,6E315,2026-09-08T08:40:00+00:00,2026-09-23,08:40:00,15,T+15,economy,,0,5 seats left,7004.23,5105.78,607.4,995.21,295.84,,INR,observed,synthetic,"{""fare_text"":""\u20b97,004.23"",""source"":1,""route"":8,""scraped"":""2026-09-08T08:40:00+00:00"",""currency_seen"":""INR"",""availability"":""5 seats left""}",2026-09-08T08:40:00+00:00
639,8,2,Air India,AI315,2026-09-08T12:35:00+00:00,2026-09-23,08:40:00,15,T+15,economy,saver,1,,6988.42,4947.08,757.02,971.62,312.7,,INR,observed,synthetic,"{""fare_text"":""\u20b96,988.42"",""source"":2,""route"":8,""scraped"":""2026-09-08T12:35:00+00:00"",""currency_seen"":""INR"",""availability"":""""}",2026-09-08T12:35:00+00:00
640,8,3,Akasa Air ,QP202,2026-09-08T04:15:00+00:00,2026-09-23,06:15:00,15,T+15,economy,,0,Available,8225.17,6326.93,561.8,1052.92,283.52,,INR,observed,synthetic,"{""fare_text"":""\u20b98,225.17"",""source"":3,""route"":8,""scraped"":""2026-09-08T04:15:00+00:00"",""currency_seen"":""INR"",""availability"":""Available""}",2026-09-08T04:15:00+00:00
641,8,4,IndiGo,6E101,2026-09-08T02:45:00+00:00,2026-09-23,11:20:00,15,T+15,economy,,0,5 seats left,7860.24,5526.79,832.96,1112.86,,87.33,INR,observed,synthetic,"{""fare_text"":""\u20b97,860.24"",""source"":4,""route"":8,""scraped"":""2026-09-08T02:45:00+00:00"",""currency_seen"":""INR"",""availability"":""5 seats left""}",2026-09-08T02:45:00+00:00
642,8,5,Air India,AI315,2026-09-08T10:50:00+00:00,2026-09-23,14:05:00,15,T+15,economy,,0,,9081.05,6688.23,748.77,1186.88,228.61,,₹,observed,synthetic,"{""fare_text"":""\u20b99,081.05"",""source"":5,""route"":8,""scraped"":""2026-09-08T10:50:00+00:00"",""currency_seen"":""\u20b9"",""availability"":""""}",2026-09-08T10:50:00+00:00
643,8,6,IndiGo,6E315,2026-09-08T05:35:00+00:00,2026-09-23,20:45:00,15,T+15,economy,saver,3,2 seats left,7116.51,5189.6,665.31,916.8,178.2,166.6,₹,observed,synthetic,"{""fare_text"":""\u20b97,116.51"",""source"":6,""route"":8,""scraped"":""2026-09-08T05:35:00+00:00"",""currency_seen"":""\u20b9"",""availability"":""2 seats left""}",2026-09-08T05:35:00+00:00
644,8,1,IndiGo,6E101,2026-08-24T06:45:00+00:00,2026-09-23,14:05:00,28,T+30,economy,,0,,8117.22,5788.52,749.57,1411.71,167.42,,INR,observed,synthetic,"{""fare_text"":""\u20b98,117.22"",""source"":1,""route"":8,""scraped"":""2026-08-24T06:45:00+00:00"",""currency_seen"":""INR"",""availability"":null}",2026-08-24T06:45:00+00:00
645,8,4,IndiGo,6E315,2026-08-24T05:45:00+00:00,2026-09-23,14:05:00,30,T+30,economy,,0,2 seats left,1083.09,3881.68,275.68,800.31,204.26,,INR,observed,synthetic,"{""fare_text"":""\u20b91,083.09"",""source"":4,""route"":8,""scraped"":""2026-08-24T05:45:00+00:00"",""currency_seen"":""INR"",""availability"":""2 seats left""}",2026-08-24T05:45:00+00:00
646,8,5,Air India,AI315,2026-08-24T13:15:00+00:00,2026-09-23,14:05:00,30,T+30,economy,Saver,0,,6403.56,4661.17,471.43,880.06,,193.23,INR,scrape_failed,synthetic,"{""fare_text"":""\u20b96,403.56"",""source"":5,""route"":8,""scraped"":""2026-08-24T13:15:00+00:00"",""currency_seen"":""INR"",""availability"":""""}",2026-08-24T13:15:00+00:00
647,8,6,IndiGo,6E203,2026-08-24T06:15:00+00:00,2026-09-23,20:45:00,30,T+30,economy,,0,two seats,5061.73,3793.15,372.22,620.96,139.38,,INR,observed,synthetic,"{""fare_text"":""\u20b95,061.73"",""source"":6,""route"":8,""scraped"":""2026-08-24T06:15:00+00:00"",""currency_seen"":""INR"",""availability"":""two seats""}",2026-08-24T06:15:00+00:00
648,8,1,IndiGo,6E203,2026-08-09T10:35:00+00:00,2026-09-23,20:45:00,45,T+45,economy,saver,0,Available,6410.12,4792.44,635.02,,,,INR,observed,synthetic,"{""fare_text"":""\u20b96,410.12"",""source"":1,""route"":8,""scraped"":""2026-08-09T10:35:00+00:00"",""currency_seen"":""INR"",""availability"":""Available""}",2026-08-09T10:35:00+00:00
649,8,2,Air India,AI315,2026-08-09T06:45:00+00:00,2026-09-23,06:15:00,45,T+45,economy,,1,Available,5680.35,3907.73,743.77,816.84,212.01,,INR ,observed,synthetic,"{""fare_text"":""\u20b95,680.35"",""source"":2,""route"":8,""scraped"":""2026-08-09T06:45:00+00:00"",""currency_seen"":""INR "",""availability"":""Available""}",2026-08-09T06:45:00+00:00
650,8,3,Akasa Air,QP202,2026-08-09T14:50:00+00:00,2026-09-23,14:05:00,45,T+45,economy,Saver,0,2 seats left,7100.72,5300.66,540.63,942.77,316.66,,INR ,observed,synthetic,"{""fare_text"":""\u20b97,100.72"",""source"":3,""route"":8,""scraped"":""2026-08-09T14:50:00+00:00"",""currency_seen"":""INR "",""availability"":""2 seats left""}",2026-08-09T14:50:00+00:00
651,8,4,IndiGo,6E315,2026-08-09T08:45:00+00:00,2026-09-23,11:20:00,45,T+45,Economy,flexi,1,,5455.81,3580.9,332.57,816.89,191.83,208.62,INR ,observed,synthetic,"{""fare_text"":""\u20b95,455.81"",""source"":4,""route"":8,""scraped"":""2026-08-09T08:45:00+00:00"",""currency_seen"":""INR "",""availability"":null}",2026-08-09T08:45:00+00:00
652,8,6,IndiGo,6E101,2026-08-09T02:50:00+00:00,2026-09-23,08:40:00,45,T+45,economy,,0,2 seats left,6966.53,4764.95,698.21,1046.89,159.86,296.62,₹,observed,synthetic,"{""fare_text"":""\u20b96,966.53"",""source"":6,""route"":8,""scraped"":""2026-08-09T02:50:00+00:00"",""currency_seen"":""\u20b9"",""availability"":""2 seats left""}",2026-08-09T02:50:00+00:00
653,8,2,Air India,AI315,2026-09-26T08:40:00+00:00,2026-09-27,14:05:00,1,T+1,economy,,1,Available,9037.37,6662.56,,1349.57,289.83,,INR,observed,synthetic,"{""fare_text"":""\u20b99,037.37"",""source"":2,""route"":8,""scraped"":""2026-09-26T08:40:00+00:00"",""currency_seen"":""INR"",""availability"":""Available""}",2026-09-26T08:40:00+00:00
654,8,3,Akasa Air,QP110,2026-09-26T07:00:00+00:00,2026-09-27,08:40:00,1,T+1,economy,,0,3 seats left,7531.39,5793.73,346.23,1234.88,156.55,,INR,observed,synthetic,"{""fare_text"":""\u20b97,531.39"",""source"":3,""route"":8,""scraped"":""2026-09-26T07:00:00+00:00"",""currency_seen"":""INR"",""availability"":""3 seats left""}",2026-09-26T07:00:00+00:00
655,8,4,IndiGo,6E315,2026-09-26T12:45:00+00:00,2026-09-27,17:30:00,1,T+1,economy,flexi,0,Available,9434.47,6818.22,634.8,1544.61,,221.9,INR,observed,synthetic,"{""fare_text"":""\u20b99,434.47"",""source"":4,""route"":8,""scraped"":""2026-09-26T12:45:00+00:00"",""currency_seen"":""INR"",""availability"":""Available""}",2026-09-26T12:45:00+00:00
656,8,5,Air India,AI101,2026-09-26T13:15:00+00:00,2026-09-27,17:30:00,1,T+1,economy,,0,,9175.68,6861.16,277.91,1528.82,358.81,148.98,INR,observed,synthetic,"{""fare_text"":""\u20b99,175.68"",""source"":5,""route"":8,""scraped"":""2026-09-26T13:15:00+00:00"",""currency_seen"":""INR"",""availability"":null}",2026-09-26T13:15:00+00:00
657,8,6,IndiGo,6E203,2026-09-26T02:30:00+00:00,2026-09-27,20:45:00,1,T+1,economy,,0,,9377.96,6581.14,824.89,1625.26,226.77,119.9,INR,observed,synthetic,"{""fare_text"":""\u20b99,377.96"",""source"":6,""route"":8,""scraped"":""2026-09-26T02:30:00+00:00"",""currency_seen"":""INR"",""availability"":null}",2026-09-26T02:30:00+00:00
658,8,1,IndiGo,6E203,2026-09-20T03:45:00+00:00,2026-09-27,17:30:00,7,T+7,economy,flexi,0,5 seats left,48877.69,6948.32,790.05,1149.94,210.04,,INR,observed,synthetic,"{""fare_text"":""\u20b948,877.69"",""source"":1,""route"":8,""scraped"":""2026-09-20T03:45:00+00:00"",""currency_seen"":""INR"",""availability"":""5 seats left""}",2026-09-20T03:45:00+00:00
659,8,2,Air India,AI315,2026-09-20T02:50:00+00:00,2026-09-27,14:05:00,7,T+7,economy,flexi,0,2 seats left,9377.52,7010.18,424.03,1650.59,292.72,,INR,observed,synthetic,"{""fare_text"":""\u20b99,377.52"",""source"":2,""route"":8,""scraped"":""2026-09-20T02:50:00+00:00"",""currency_seen"":""INR"",""availability"":""2 seats left""}",2026-09-20T02:50:00+00:00
660,8,3,Akasa Air,QP318,2026-09-20T15:00:00+00:00,2026-09-27,20:45:00,7,T+7,economy,flexi,0,3 seats left,5671.84,4115.48,411.46,,170.97,,INR,observed,synthetic,"{""fare_text"":""\u20b95,671.84"",""source"":3,""route"":8,""scraped"":""2026-09-20T15:00:00+00:00"",""currency_seen"":""INR"",""availability"":""3 seats left""}",2026-09-20T15:00:00+00:00
661,8,4,indigo,6E315,2026-09-20T12:35:00+00:00,2026-09-27,11:20:00,7,T+7,economy,,0,,7026.45,4880.42,704.07,936.47,189.21,316.28,INR,observed,synthetic,"{""fare_text"":""\u20b97,026.45"",""source"":4,""route"":8,""scraped"":""2026-09-20T12:35:00+00:00"",""currency_seen"":""INR"",""availability"":null}",2026-09-20T12:35:00+00:00
662,8,6,IndiGo,6E315,2026-09-20T03:00:00+00:00,2026-09-27,06:15:00,7,T+7,economy,flexi,0,,7985.88,6024.07,,1001.75,215.39,156.61,INR,observed,synthetic,"{""fare_text"":""\u20b97,985.88"",""source"":6,""route"":8,""scraped"":""2026-09-20T03:00:00+00:00"",""currency_seen"":""INR"",""availability"":""""}",2026-09-20T03:00:00+00:00
663,8,2,Air India,AI203,2026-09-12T06:35:00+00:00,2026-09-27,25:71:00,15,T+15,economy,flexi,0,9 seats left,8941.31,6652.04,628.01,1274.28,386.98,,INR,observed,synthetic,"{""fare_text"":""\u20b98,941.31"",""source"":2,""route"":8,""scraped"":""2026-09-12T06:35:00+00:00"",""currency_seen"":""INR"",""availability"":""9 seats left""}",2026-09-12T06:35:00+00:00
664,8,3,Akasa Air,QP318,2026-09-12T08:40:00+00:00,2026-09-27,17:30:00,15,T+15,economy,refundable,1,Available,7111.95,5412.08,554.29,950.6,194.98,,INR,observed,synthetic,"{""fare_text"":""\u20b97,111.95"",""source"":3,""route"":8,""scraped"":""2026-09-12T08:40:00+00:00"",""currency_seen"":""INR"",""availability"":""Available""}",2026-09-12T08:40:00+00:00
665,8,4,IndiGo,6E101,2026-09-12T02:50:00+00:00,2026-09-27,17:30:00,15,T+15,economy,refundable,0,3 seats left,8035.58,5939.26,305.96,1342.52,,139.54,INR,observed,synthetic,"{""fare_text"":""\u20b98,035.58"",""source"":4,""route"":8,""scraped"":""2026-09-12T02:50:00+00:00"",""currency_seen"":""INR"",""availability"":""3 seats left""}",2026-09-12T02:50:00+00:00
666,8,5,Air India,,2026-09-12T12:35:00+00:00,2026-09-27,08:40:00,15,T+15,economy,refundable,0,Available,7680.03,5387.31,800.6,1008.8,180.8,302.52,INR,observed,synthetic,"{""fare_text"":""\u20b97,680.03"",""source"":5,""route"":8,""scraped"":""2026-09-12T12:35:00+00:00"",""currency_seen"":""INR"",""availability"":""Available""}",2026-09-12T12:35:00+00:00
667,8,6,IndiGo,6E315,2026-09-12T12:35:00+00:00,2026-09-27,14:05:00,15,T+15,economy,refundable,0,2 seats left,8649.84,5798.9,762.17,1425.62,337.44,325.71,INR,observed,synthetic,"{""fare_text"":""\u20b98,649.84"",""source"":6,""route"":8,""scraped"":""2026-09-12T12:35:00+00:00"",""currency_seen"":""INR"",""availability"":""2 seats left""}",2026-09-12T12:35:00+00:00
668,8,1,IndiGo,6E101,2026-08-28T04:45:00+00:00,2026-09-27,08:40:00,30,T+30,economy,saver,0,,8149.02,6473.97,335.39,1068.94,270.72,,INR,observed,synthetic,"{""fare_text"":""\u20b98,149.02"",""source"":1,""route"":8,""scraped"":""2026-08-28T04:45:00+00:00"",""currency_seen"":""INR"",""availability"":null}",2026-08-28T04:45:00+00:00
669,8,3,Akasa Air,QP318,2026-08-28T10:30:00+00:00,2026-09-27,06:15:00,30,T+30,economy,refundable,0,9 seats left,5397.6,4134.38,415.97,664.35,,,INR,observed,synthetic,"{""fare_text"":""\u20b95,397.60"",""source"":3,""route"":8,""scraped"":""2026-08-28T10:30:00+00:00"",""currency_seen"":""INR"",""availability"":""9 seats left""}",2026-08-28T10:30:00+00:00
670,8,4,IndiGo,,2026-08-28T09:00:00+00:00,2026-09-27,20:45:00,30,T+30,economy,,0,Available,5927.12,3946.44,569.46,914.78,179.92,316.52,INR ,observed,synthetic,"{""fare_text"":""\u20b95,927.12"",""source"":4,""route"":8,""scraped"":""2026-08-28T09:00:00+00:00"",""currency_seen"":""INR "",""availability"":""Available"",""debug"":""unexpected_field""}",2026-08-28T09:00:00+00:00
671,8,5,Air India,AI315,2026-08-28T10:40:00+00:00,2026-09-27,11:20:00,30,T+30,economy,refundable,0,Available,6426.58,4370.45,820.73,865.8,177.06,192.54,INR,observed,synthetic,"{""fare_text"":""\u20b96,426.58"",""source"":5,""route"":8,""scraped"":""2026-08-28T10:40:00+00:00"",""currency_seen"":""INR"",""availability"":""Available""}",2026-08-28T10:40:00+00:00
672,8,2,Air India,AI203,2026-08-13T08:30:00+00:00,2026-09-27,06:15:00,45,T+45,economy,,0,,5714.79,4509.03,263.67,,138.65,,INR,observed,synthetic,"{""fare_text"":""\u20b95,714.79"",""source"":2,""route"":8,""scraped"":""2026-08-13T08:30:00+00:00"",""currency_seen"":""INR"",""availability"":""""}",2026-08-13T08:30:00+00:00
673,8,3,Akasa Air,QP318,2026-08-13T02:30:00+00:00,2026-09-27,11:20:00,45,T+45,economy,refundable,0,,6596.09,5005.27,310.36,,272.99,,INR,observed,synthetic,"{""fare_text"":""\u20b96,596.09"",""source"":3,""route"":8,""scraped"":""2026-08-13T02:30:00+00:00"",""currency_seen"":""INR"",""availability"":null}",2026-08-13T02:30:00+00:00
674,8,4,IndiGo,6E101,2026-08-13T10:40:00+00:00,2026-09-27,14:05:00,45,T+45,economy,flexi,0,2 seats left,5579.24,3860.37,489.55,963.99,156.66,108.67,INR,observed,synthetic,"{""fare_text"":""\u20b95,579.24"",""source"":4,""route"":8,""scraped"":""2026-08-13T10:40:00+00:00"",""currency_seen"":""INR"",""availability"":""2 seats left""}",2026-08-13T10:40:00+00:00
675,8,6,IndiGo,6E315,2026-08-13T04:00:00+00:00,2026-09-27,06:15:00,45,T+45,economy,,0,,7461.22,5512.75,530.42,1084.75,221.98,111.32,INR,observed,synthetic,"{""fare_text"":""\u20b97,461.22"",""source"":6,""route"":8,""scraped"":""2026-08-13T04:00:00+00:00"",""currency_seen"":""INR"",""availability"":""""}",2026-08-13T04:00:00+00:00
676,8,2,Air India,AI203,2026-10-03T05:40:00+00:00,2026-10-04,14:05:00,1,T+1,economy,flexi,0,2 seats left,9528.36,7160.31,,1684.48,287.61,,INR,observed,synthetic,"{""fare_text"":""\u20b99,528.36"",""source"":2,""route"":8,""scraped"":""2026-10-03T05:40:00+00:00"",""currency_seen"":""INR"",""availability"":""2 seats left""}",2026-10-03T05:40:00+00:00
677,8,4,indigo,6E101,2026-10-03T05:40:00+00:00,2026-10-04,20:45:00,1,T+1,economy,,0,,7888.08,5561.26,645.15,1141.1,237.62,302.95,INR,observed,synthetic,"{""fare_text"":""\u20b97,888.08"",""source"":4,""route"":8,""scraped"":""2026-10-03T05:40:00+00:00"",""currency_seen"":""INR"",""availability"":null}",2026-10-03T05:40:00+00:00
678,8,5,Air India,AI203,2026-10-03T10:50:00+00:00,2026-10-04,08:40:00,1,T+1,economy,flexi,0,,6592.55,4504.13,683.29,1079.71,208.82,116.6,INR,observed,synthetic,"{""fare_text"":""\u20b96,592.55"",""source"":5,""route"":8,""scraped"":""2026-10-03T10:50:00+00:00"",""currency_seen"":""INR"",""availability"":"""",""debug"":""unexpected_field""}",2026-10-03T10:50:00+00:00
679,8,1,IndiGo,6E315,2026-09-27T09:00:00+00:00,2026-10-04,20:45:00,7,T+7,economy,flexi,1,Available,9370.88,7452.08,,,,,INR,observed,synthetic,"{""fare_text"":""\u20b99,370.88"",""source"":1,""route"":8,""scraped"":""2026-09-27T09:00:00+00:00"",""currency_seen"":""INR"",""availability"":""Available"",""debug"":""unexpected_field""}",2026-09-27T09:00:00+00:00
680,8,3,Akasa Air,QP110,2026-09-27T12:35:00+00:00,2026-10-04,25:71:00,7,T+7,economy,flexi,0,,9316.91,7035.1,447.52,1426.09,408.2,,INR,observed,synthetic,"{""fare_text"":""\u20b99,316.91"",""source"":3,""route"":8,""scraped"":""2026-09-27T12:35:00+00:00"",""currency_seen"":""INR"",""availability"":null}",2026-09-27T12:35:00+00:00
681,8,4,IndiGo,6E315,2026-09-27T07:15:00+00:00,2026-10-04,20:45:00,7,T+7,economy,refundable,0,Available,6702.31,4600.12,739.9,863.61,276.79,221.89,INR,parse_error,synthetic,"{""fare_text"":""\u20b96,702.31"",""source"":4,""route"":8,""scraped"":""2026-09-27T07:15:00+00:00"",""currency_seen"":""INR"",""availability"":""Available""}",2026-09-27T07:15:00+00:00
682,8,6,IndiGo,6E203,2026-09-27T09:00:00+00:00,2026-10-04,11:20:00,7,T+7,economy,flexi,0,9 seats left,12176.03,8762.48,,1926.6,424.51,334.39,INR,observed,synthetic,"{""fare_text"":""\u20b912,176.03"",""source"":6,""route"":8,""scraped"":""2026-09-27T09:00:00+00:00"",""currency_seen"":""INR"",""availability"":""9 seats left""}",2026-09-27T09:00:00+00:00
683,8,1,IndiGo,6E315,2026-09-19T03:40:00+00:00,2026-10-04,06:15:00,15,T+15,economy,,0,3 seats left,9289.45,6612.67,859.02,,229.82,,INR,sold_out,synthetic,"{""fare_text"":""\u20b99,289.45"",""source"":1,""route"":8,""scraped"":""2026-09-19T03:40:00+00:00"",""currency_seen"":""INR"",""availability"":""3 seats left""}",2026-09-19T03:40:00+00:00
684,8,2,Air India,AI315,2026-09-19T08:30:00+00:00,2026-10-04,06:15:00,15,T+15,economy,refundable,0,two seats,6069.23,4366.31,755.04,776.08,171.8,,INR,observed,synthetic,"{""fare_text"":""\u20b96,069.23"",""source"":2,""route"":8,""scraped"":""2026-09-19T08:30:00+00:00"",""currency_seen"":""INR"",""availability"":""two seats""}",2026-09-19T08:30:00+00:00
685,8,3,Akasa Air,QP110,2026-09-19T12:50:00+00:00,2026-10-04,11:20:00,15,T+15,economy,flexi,0,3 seats left,5703.59,4131.86,336.51,1018.13,217.09,,INR,scrape_failed,synthetic,"{""fare_text"":""\u20b95,703.59"",""source"":3,""route"":8,""scraped"":""2026-09-19T12:50:00+00:00"",""currency_seen"":""INR"",""availability"":""3 seats left""}",2026-09-19T12:50:00+00:00
686,8,5,Air India,AI101,2026-09-19T03:40:00+00:00,2026-10-04,20:45:00,15,T+15,economy,saver,0,2 seats left,8389.18,5881.27,820.49,1226.72,318.17,142.53,INR,observed,synthetic,"{""fare_text"":""\u20b98,389.18"",""source"":5,""route"":8,""scraped"":""2026-09-19T03:40:00+00:00"",""currency_seen"":""INR"",""availability"":""2 seats left""}",2026-09-19T03:40:00+00:00
687,8,6,IndiGo,6E101,2026-09-19T13:00:00+00:00,2026-10-04,06:15:00,15,T+15,economy,refundable,0,9 seats left,6593.05,4581.25,805.46,740.37,149.72,,INR,observed,synthetic,"{""fare_text"":""\u20b96,593.05"",""source"":6,""route"":8,""scraped"":""2026-09-19T13:00:00+00:00"",""currency_seen"":""INR"",""availability"":""9 seats left""}",2026-09-19T13:00:00+00:00
688,8,1,IndiGo,6E315,2026-09-04T05:40:00+00:00,2026-10-04,08:40:00,30,T+30,economy,refundable,0,9 seats left,8300.42,5995.72,,1381.69,190.14,,INR,observed,synthetic,"{""fare_text"":""\u20b98,300.42"",""source"":1,""route"":8,""scraped"":""2026-09-04T05:40:00+00:00"",""currency_seen"":""INR"",""availability"":""9 seats left""}",2026-09-04T05:40:00+00:00
689,8,2,Air India,AI203,2026-09-04T14:45:00+00:00,2026-10-04,11:20:00,30,T+30,economy,,1,,5833.28,4557.13,390.72,746.76,138.67,,INR,observed,synthetic,"{""fare_text"":""\u20b95,833.28"",""source"":2,""route"":8,""scraped"":""2026-09-04T14:45:00+00:00"",""currency_seen"":""INR"",""availability"":null}",2026-09-04T14:45:00+00:00
690,8,3,Akasa Air,QP110,2026-09-04T04:00:00+00:00,2026-10-04,06:15:00,30,T+30,economy,saver,0,9 seats left,5514.56,3995.79,581.42,797.47,,,INR,scrape_failed,synthetic,"{""fare_text"":""\u20b95,514.56"",""source"":3,""route"":8,""scraped"":""2026-09-04T04:00:00+00:00"",""currency_seen"":""INR"",""availability"":""9 seats left""}",2026-09-04T04:00:00+00:00
691,8,4,IndiGo,6E203,2026-09-04T08:45:00+00:00,2026-10-04,06:15:00,30,T+30,economy,saver,0,,8524.61,6019.92,,1251.87,262.58,190.07,₹,observed,synthetic,"{""fare_text"":""\u20b98,524.61"",""source"":4,""route"":8,""scraped"":""2026-09-04T08:45:00+00:00"",""currency_seen"":""\u20b9"",""availability"":null}",2026-09-04T08:45:00+00:00
692,8,6,IndiGo,6E203,2026-09-04T03:00:00+00:00,2026-10-04,11:20:00,30,T+30,economy,,0,,5188.53,3662.79,436.7,752.84,,195.53,INR,observed,synthetic,"{""fare_text"":""\u20b95,188.53"",""source"":6,""route"":8,""scraped"":""2026-09-04T03:00:00+00:00"",""currency_seen"":""INR"",""availability"":null}",2026-09-04T03:00:00+00:00
693,8,1,IndiGo,6E315,2026-08-20T03:30:00+00:00,2026-10-04,17:30:00,45,T+45,economy,,0,9 seats left,5617.13,4094.67,407.18,966.25,,,INR,observed,synthetic,"{""fare_text"":""\u20b95,617.13"",""source"":1,""route"":8,""scraped"":""2026-08-20T03:30:00+00:00"",""currency_seen"":""INR"",""availability"":""9 seats left""}",2026-08-20T03:30:00+00:00
694,8,2,Air India,AI101,2026-08-20T02:30:00+00:00,2026-10-04,17:30:00,45,T+45,economy,refundable,3,9 seats left,8481.58,6420.3,775.48,1100.96,184.84,,INR,sold_out,synthetic,"{""fare_text"":""\u20b98,481.58"",""source"":2,""route"":8,""scraped"":""2026-08-20T02:30:00+00:00"",""currency_seen"":""INR"",""availability"":""9 seats left""}",2026-08-20T02:30:00+00:00
695,8,3,Akasa Air,QP318,2026-08-20T10:45:00+00:00,2026-10-04,14:05:00,45,T+45,economy,refundable,1,,5729.74,4134.72,631.24,774.25,189.53,,INR,observed,synthetic,"{""fare_text"":""\u20b95,729.74"",""source"":3,""route"":8,""scraped"":""2026-08-20T10:45:00+00:00"",""currency_seen"":""INR"",""availability"":null}",2026-08-20T10:45:00+00:00
696,8,4,IndiGo ,6E315,2026-08-20T02:35:00+00:00,2026-10-04,08:40:00,45,T+45,economy,flexi,0,,5271.83,3735.69,278.08,904.67,202.3,151.09,INR,observed,synthetic,"{""fare_text"":""\u20b95,271.83"",""source"":4,""route"":8,""scraped"":""2026-08-20T02:35:00+00:00"",""currency_seen"":""INR"",""availability"":null}",2026-08-20T02:35:00+00:00
697,8,5,Air India,AI101,2026-08-20T06:30:00+00:00,2026-10-04,20:45:00,45,T+45,economy,saver,0,,8496.03,5883.72,,1301.13,206.77,,INR,observed,synthetic,"{""fare_text"":""\u20b98,496.03"",""source"":5,""route"":8,""scraped"":""2026-08-20T06:30:00+00:00"",""currency_seen"":""INR"",""availability"":null,""debug"":""unexpected_field""}",2026-08-20T06:30:00+00:00
698,9,1,IndiGo,6E315,2026-09-19T04:35:00+00:00,2026-09-20,17:30:00,1,T+1,economy,saver,0,3 seats left,15097.75,11081.43,813.53,2642.29,385.5,,INR,observed,synthetic,"{""fare_text"":""\u20b915,097.75"",""source"":1,""route"":9,""scraped"":""2026-09-19T04:35:00+00:00"",""currency_seen"":""INR"",""availability"":""3 seats left""}",2026-09-19T04:35:00+00:00
699,9,2,Air India,AI315,2026-09-19T06:40:00+00:00,2026-09-20,06:15:00,1,T+1,economy,,1,5 seats left,12210.06,9280.07,431.27,2005.51,493.21,,INR,observed,synthetic,"{""fare_text"":""\u20b912,210.06"",""source"":2,""route"":9,""scraped"":""2026-09-19T06:40:00+00:00"",""currency_seen"":""INR"",""availability"":""5 seats left""}",2026-09-19T06:40:00+00:00
700,9,3,Akasa Air,QP202,2026-09-19T04:45:00+00:00,2026-09-20,20:45:00,1,T+1,economy,,0,5 seats left,11195.29,8617.38,569.15,1766.25,242.51,,INR,observed,synthetic,"{""fare_text"":""\u20b911,195.29"",""source"":3,""route"":9,""scraped"":""2026-09-19T04:45:00+00:00"",""currency_seen"":""INR"",""availability"":""5 seats left""}",2026-09-19T04:45:00+00:00
701,9,6,IndiGo,6E101,2026-09-19T06:50:00+00:00,2026-09-20,17:30:00,1,T+1,economy,Saver,0,5 seats left,11074.34,8036.33,742.09,1679.59,305.59,310.74,INR,observed,synthetic,"{""fare_text"":""\u20b911,074.34"",""source"":6,""route"":9,""scraped"":""2026-09-19T06:50:00+00:00"",""currency_seen"":""INR"",""availability"":""5 seats left""}",2026-09-19T06:50:00+00:00
702,9,1,IndiGo,6E101,2026-09-13T05:15:00+00:00,2026-09-20,17:30:00,7,T+7,economy,,0,3 seats left,11159.88,8581.61,503.91,1611.94,462.42,,INR,observed,synthetic,"{""fare_text"":""\u20b911,159.88"",""source"":1,""route"":9,""scraped"":""2026-09-13T05:15:00+00:00"",""currency_seen"":""INR"",""availability"":""3 seats left""}",2026-09-13T05:15:00+00:00
703,9,3,Akasa Air,QP110,2026-09-13T05:00:00+00:00,2026-09-20,08:40:00,7,T+7,economy,refundable,0,,10645.53,8430.26,300.87,,311.39,,INR,observed,synthetic,"{""fare_text"":""\u20b910,645.53"",""source"":3,""route"":9,""scraped"":""2026-09-13T05:00:00+00:00"",""currency_seen"":""INR"",""availability"":null}",2026-09-13T05:00:00+00:00
704,9,5,Air India ,AI203,2026-09-13T06:15:00+00:00,2026-09-20,08:40:00,7,T+7,economy,flexi,0,2 seats left,10428.52,7541.26,838.86,1552.63,394.95,100.82,INR,scrape_failed,synthetic,"{""fare_text"":""\u20b910,428.52"",""source"":5,""route"":9,""scraped"":""2026-09-13T06:15:00+00:00"",""currency_seen"":""INR"",""availability"":""2 seats left""}",2026-09-13T06:15:00+00:00
705,9,6,IndiGo,6E101,2026-09-13T05:50:00+00:00,2026-09-20,06:15:00,7,T+7,economy,refundable,1,,12216.43,9577.88,375.22,1665.64,339.67,,INR,observed,synthetic,"{""fare_text"":""\u20b912,216.43"",""source"":6,""route"":9,""scraped"":""2026-09-13T05:50:00+00:00"",""currency_seen"":""INR"",""availability"":null}",2026-09-13T05:50:00+00:00
706,9,1,IndiGo,6E315,2026-09-05T08:40:00+00:00,2026-09-20,17:30:00,15,T+15,economy,refundable,0,,10249.11,7715.62,718.62,1539.94,274.93,,INR,observed,synthetic,"{""fare_text"":""\u20b910,249.11"",""source"":1,""route"":9,""scraped"":""2026-09-05T08:40:00+00:00"",""currency_seen"":""INR"",""availability"":""""}",2026-09-05T08:40:00+00:00
707,9,3,Akasa Air,QP202,2026-09-05T06:50:00+00:00,2026-09-20,17:30:00,15,T+15,economy,saver,0,,8751.73,6177.65,812.09,1533.46,228.53,,INR,observed,synthetic,"{""fare_text"":""\u20b98,751.73"",""source"":3,""route"":9,""scraped"":""2026-09-05T06:50:00+00:00"",""currency_seen"":""INR"",""availability"":""""}",2026-09-05T06:50:00+00:00
708,9,4,IndiGo,6E315,2026-09-05T04:15:00+00:00,2026-09-20,11:20:00,15,T+15,economy,,0,,9436.63,6724.77,793.37,1411.08,316.85,190.56,INR,observed,synthetic,"{""fare_text"":""\u20b99,436.63"",""source"":4,""route"":9,""scraped"":""2026-09-05T04:15:00+00:00"",""currency_seen"":""INR"",""availability"":null}",2026-09-05T04:15:00+00:00
709,9,5,Air India,AI315,2026-09-05T13:15:00+00:00,2026-09-20,17:30:00,15,T+15,economy,,0,5 seats left,11048.26,8570.85,275.65,1519.7,376.78,,INR,observed,synthetic,"{""fare_text"":""\u20b911,048.26"",""source"":5,""route"":9,""scraped"":""2026-09-05T13:15:00+00:00"",""currency_seen"":""INR"",""availability"":""5 seats left""}",2026-09-05T13:15:00+00:00
710,9,6,IndiGo,6E315,2026-09-05T05:30:00+00:00,2026-09-20,20:45:00,15,T+15,economy,,0,3 seats left,15403.26,12007.51,438.0,2340.43,,211.07,INR,scrape_failed,synthetic,"{""fare_text"":""\u20b915,403.26"",""source"":6,""route"":9,""scraped"":""2026-09-05T05:30:00+00:00"",""currency_seen"":""INR"",""availability"":""3 seats left""}",2026-09-05T05:30:00+00:00
711,9,1,IndiGo,6E315,2026-08-21T05:40:00+00:00,2026-09-20,20:45:00,30,T+30,economy,,0,Available,7194.29,5535.17,490.52,909.94,258.66,,INR,observed,synthetic,"{""fare_text"":""\u20b97,194.29"",""source"":1,""route"":9,""scraped"":""2026-08-21T05:40:00+00:00"",""currency_seen"":""INR"",""availability"":""Available""}",2026-08-21T05:40:00+00:00
712,9,3,Akasa Air,QP318,2026-08-21T15:15:00+00:00,2026-09-20,08:40:00,30,T+30,economy,saver,0,9 seats left,11700.27,8919.67,799.77,1631.45,349.38,,INR,observed,synthetic,"{""fare_text"":""\u20b911,700.27"",""source"":3,""route"":9,""scraped"":""2026-08-21T15:15:00+00:00"",""currency_seen"":""INR"",""availability"":""9 seats left"",""debug"":""unexpected_field""}",2026-08-21T15:15:00+00:00
713,9,5,Air India,AI315,2026-08-21T12:40:00+00:00,2026-09-20,20:45:00,30,T+30,economy,flexi,1,5 seats left,9710.45,6943.65,612.57,1507.19,,236.77,INR,observed,synthetic,"{""fare_text"":""\u20b99,710.45"",""source"":5,""route"":9,""scraped"":""2026-08-21T12:40:00+00:00"",""currency_seen"":""INR"",""availability"":""5 seats left"",""debug"":""unexpected_field""}",2026-08-21T12:40:00+00:00
714,9,6,IndiGo,6E101,2026-08-21T14:45:00+00:00,2026-09-20,14:05:00,30,T+30,economy,,0,3 seats left,7542.32,5877.91,331.09,1039.96,,123.05,INR,observed,synthetic,"{""fare_text"":""\u20b97,542.32"",""source"":6,""route"":9,""scraped"":""2026-08-21T14:45:00+00:00"",""currency_seen"":""INR"",""availability"":""3 seats left""}",2026-08-21T14:45:00+00:00
715,9,1,IndiGo,6E203,2026-08-06T06:45:00+00:00,2026-09-20,06:15:00,45,T+45,economy,,0,3 seats left,75746.43,7894.14,506.76,1831.37,276.9,,INR,observed,synthetic,"{""fare_text"":""\u20b975,746.43"",""source"":1,""route"":9,""scraped"":""2026-08-06T06:45:00+00:00"",""currency_seen"":""INR"",""availability"":""3 seats left""}",2026-08-06T06:45:00+00:00
716,9,2,Air India,AI203,2026-08-06T08:45:00+00:00,2026-09-20,14:05:00,45,T+45,economy,refundable,0,2 seats left,10146.96,7480.83,483.33,1828.68,354.12,,INR,observed,synthetic,"{""fare_text"":""\u20b910,146.96"",""source"":2,""route"":9,""scraped"":""2026-08-06T08:45:00+00:00"",""currency_seen"":""INR"",""availability"":""2 seats left""}",2026-08-06T08:45:00+00:00
717,9,3,Akasa Air,QP202,2026-08-06T06:50:00+00:00,2026-09-20,08:40:00,45,T+45,economy,refundable,0,,9864.89,7911.23,323.82,1321.95,,,INR,observed,synthetic,"{""fare_text"":""\u20b99,864.89"",""source"":3,""route"":9,""scraped"":""2026-08-06T06:50:00+00:00"",""currency_seen"":""INR"",""availability"":null,""debug"":""unexpected_field""}",2026-08-06T06:50:00+00:00
718,9,4,IndiGo,6E203,2026-08-06T05:50:00+00:00,2026-09-20,08:40:00,45,T+45,economy,refundable,0,5 seats left,11370.2,8386.16,848.34,,253.47,,INR,observed,synthetic,"{""fare_text"":""\u20b911,370.20"",""source"":4,""route"":9,""scraped"":""2026-08-06T05:50:00+00:00"",""currency_seen"":""INR"",""availability"":""5 seats left""}",2026-08-06T05:50:00+00:00
719,9,5,Air India,,2026-08-06T05:40:00+00:00,2026-09-20,11:20:00,45,T+45,economy,,0,,1560.63,7658.37,465.35,1534.2,,204.91,INR,observed,synthetic,"{""fare_text"":""\u20b91,560.63"",""source"":5,""route"":9,""scraped"":""2026-08-06T05:40:00+00:00"",""currency_seen"":""INR"",""availability"":null,""price_raw"":""N/A""}",2026-08-06T05:40:00+00:00
720,9,6,IndiGo,6E315,2026-08-06T04:15:00+00:00,2026-09-20,06:15:00,45,T+45,economy,flexi,0,Available,12369.61,9284.98,317.89,2213.88,431.07,121.79,₹,observed,synthetic,"{""fare_text"":""\u20b912,369.61"",""source"":6,""route"":9,""scraped"":""2026-08-06T04:15:00+00:00"",""currency_seen"":""\u20b9"",""availability"":""Available"",""price_raw"":""N/A""}",2026-08-06T04:15:00+00:00
721,9,1,IndiGo,,2026-09-22T08:50:00+00:00,2026-09-23,08:40:00,1,T+1,economy,saver,0,9 seats left,17398.67,13249.72,521.0,3266.6,361.35,,INR,observed,synthetic,"{""fare_text"":""\u20b917,398.67"",""source"":1,""route"":9,""scraped"":""2026-09-22T08:50:00+00:00"",""currency_seen"":""INR"",""availability"":""9 seats left""}",2026-09-22T08:50:00+00:00
722,9,2,Air India,AI203,2026-09-22T05:00:00+00:00,2026-09-23,25:71:00,1,T+1,economy,,0,9 seats left,15663.6,12497.71,484.28,2078.8,602.81,,INR,observed,synthetic,"{""fare_text"":""\u20b915,663.60"",""source"":2,""route"":9,""scraped"":""2026-09-22T05:00:00+00:00"",""currency_seen"":""INR"",""availability"":""9 seats left""}",2026-09-22T05:00:00+00:00
723,9,4,IndiGo,6E315,2026-09-22T02:50:00+00:00,2026-09-23,11:20:00,1,T+90,economy,,0,Available,9555.05,7143.54,652.58,1420.48,,125.56,INR,observed,synthetic,"{""fare_text"":""\u20b99,555.05"",""source"":4,""route"":9,""scraped"":""2026-09-22T02:50:00+00:00"",""currency_seen"":""INR"",""availability"":""Available""}",2026-09-22T02:50:00+00:00
724,9,1,IndiGo,6E101,2026-09-16T03:40:00+00:00,2026-09-23,17:30:00,7,T+7,economy,,0,,8235.17,6746.78,559.5,1148.34,280.55,,INR,observed,synthetic,"{""fare_text"":""\u20b98,235.17"",""source"":1,""route"":9,""scraped"":""2026-09-16T03:40:00+00:00"",""currency_seen"":""INR"",""availability"":null}",2026-09-16T03:40:00+00:00
725,9,2,Air India,AI315,2026-09-16T07:15:00+00:00,2026-09-23,20:45:00,7,T+7,economy,refundable,3,,12041.05,8876.05,865.6,2035.2,264.2,,INR,observed,synthetic,"{""fare_text"":""\u20b912,041.05"",""source"":2,""route"":9,""scraped"":""2026-09-16T07:15:00+00:00"",""currency_seen"":""INR"",""availability"":""""}",2026-09-16T07:15:00+00:00
726,9,3,Akasa Air,QP110,2026-09-16T03:15:00+00:00,2026-09-23,20:45:00,7,T+7,economy,,0,,12399.29,9421.87,724.33,1783.92,469.17,,INR,observed,synthetic,"{""fare_text"":""\u20b912,399.29"",""source"":3,""route"":9,""scraped"":""2026-09-16T03:15:00+00:00"",""currency_seen"":""INR"",""availability"":null}",2026-09-16T03:15:00+00:00
727,9,5,Air India,AI315,2026-09-16T12:35:00+00:00,2026-09-23,17:30:00,7,T+7,economy,,0,,8031.41,5936.81,279.64,1353.93,,214.05,INR,observed,synthetic,"{""fare_text"":""\u20b98,031.41"",""source"":5,""route"":9,""scraped"":""2026-09-16T12:35:00+00:00"",""currency_seen"":""INR"",""availability"":""""}",2026-09-16T12:35:00+00:00
728,9,6,IndiGo,6E315,2026-09-16T07:15:00+00:00,2026-09-23,20:45:00,7,T+7,economy,saver,0,,13468.51,10637.66,284.1,1906.66,367.26,,INR,observed,synthetic,"{""fare_text"":""\u20b913,468.51"",""source"":6,""route"":9,""scraped"":""2026-09-16T07:15:00+00:00"",""currency_seen"":""INR"",""availability"":null}",2026-09-16T07:15:00+00:00
729,9,1,IndiGo,6E315,2026-09-08T11:00:00+00:00,2026-09-23,06:15:00,15,T+15,economy,Saver,0,5 seats left,8682.24,6936.11,264.44,1241.81,239.88,,INR,sold_out,synthetic,"{""fare_text"":""\u20b98,682.24"",""source"":1,""route"":9,""scraped"":""2026-09-08T11:00:00+00:00"",""currency_seen"":""INR"",""availability"":""5 seats left""}",2026-09-08T11:00:00+00:00
730,9,2,Air India,AI203,2026-09-08T04:15:00+00:00,2026-09-23,06:15:00,13,T+15,economy,refundable,0,Available,10588.73,8015.32,893.33,1296.35,383.73,,INR,observed,synthetic,"{""fare_text"":""\u20b910,588.73"",""source"":2,""route"":9,""scraped"":""2026-09-08T04:15:00+00:00"",""currency_seen"":""INR"",""availability"":""Available""}",2026-09-08T04:15:00+00:00
731,9,4,IndiGo,6E315,2026-09-08T10:35:00+00:00,2026-09-23,17:30:00,15,T+15,economy,,0,2 seats left,8988.74,6447.85,652.54,1433.78,313.0,141.57,INR,observed,synthetic,"{""fare_text"":""\u20b98,988.74"",""source"":4,""route"":9,""scraped"":""2026-09-08T10:35:00+00:00"",""currency_seen"":""INR"",""availability"":""2 seats left""}",2026-09-08T10:35:00+00:00
732,9,5,Air India,AI101,2026-09-08T14:50:00+00:00,2026-09-23,11:20:00,15,T+15,economy,saver,0,3 seats left,11236.14,8118.48,723.87,1704.16,443.36,246.27,INR,observed,synthetic,"{""fare_text"":""\u20b911,236.14"",""source"":5,""route"":9,""scraped"":""2026-09-08T14:50:00+00:00"",""currency_seen"":""INR"",""availability"":""3 seats left""}",2026-09-08T14:50:00+00:00
733,9,6,IndiGo ,6E203,2026-09-08T12:40:00+00:00,2026-09-23,06:15:00,15,T+15,economy,,0,5 seats left,14215.87,10590.43,612.15,2515.65,371.92,,INR,observed,synthetic,"{""fare_text"":""\u20b914,215.87"",""source"":6,""route"":9,""scraped"":""2026-09-08T12:40:00+00:00"",""currency_seen"":""INR"",""availability"":""5 seats left""}",2026-09-08T12:40:00+00:00
734,9,1,IndiGo,6E315,2026-08-24T13:15:00+00:00,2026-09-23,11:20:00,30,T+30,economy,saver,0,3 seats left,7616.39,5581.85,848.27,906.43,279.84,,INR,parse_error,synthetic,"{""fare_text"":""\u20b97,616.39"",""source"":1,""route"":9,""scraped"":""2026-08-24T13:15:00+00:00"",""currency_seen"":""INR"",""availability"":""3 seats left""}",2026-08-24T13:15:00+00:00
735,9,4,IndiGo,6E315,2026-08-24T10:35:00+00:00,2026-09-23,17:30:00,30,T+30,economy,,0,Available,7075.21,4854.31,726.94,1141.41,170.23,182.32,INR,observed,synthetic,"{""fare_text"":""\u20b97,075.21"",""source"":4,""route"":9,""scraped"":""2026-08-24T10:35:00+00:00"",""currency_seen"":""INR"",""availability"":""Available""}",2026-08-24T10:35:00+00:00
736,9,5,Air India,AI203,2026-08-24T04:00:00+00:00,2026-09-23,11:20:00,30,T+30,economy,saver,0,,9167.36,6850.65,591.33,1277.54,217.67,230.17,INR,observed,synthetic,"{""fare_text"":""\u20b99,167.36"",""source"":5,""route"":9,""scraped"":""2026-08-24T04:00:00+00:00"",""currency_seen"":""INR"",""availability"":null}",2026-08-24T04:00:00+00:00
737,9,6,IndiGo,6E315,2026-08-24T02:40:00+00:00,2026-09-23,06:15:00,30,T+30,economy,flexi,0,,11360.1,8399.0,585.74,1866.17,358.24,150.95,INR,observed,synthetic,"{""fare_text"":""\u20b911,360.10"",""source"":6,""route"":9,""scraped"":""2026-08-24T02:40:00+00:00"",""currency_seen"":""INR"",""availability"":""""}",2026-08-24T02:40:00+00:00
738,9,1,IndiGo,6E315,2026-08-09T08:50:00+00:00,2026-09-23,08:40:00,45,T+45,economy,flexi,0,,7183.12,5021.87,821.87,1041.29,298.09,,INR,observed,synthetic,"{""fare_text"":""\u20b97,183.12"",""source"":1,""route"":9,""scraped"":""2026-08-09T08:50:00+00:00"",""currency_seen"":""INR"",""availability"":null}",2026-08-09T08:50:00+00:00
739,9,2,Air India,AI203,2026-08-09T14:45:00+00:00,2026-09-23,06:15:00,45,T+45,economy,refundable,0,5 seats left,9701.88,7627.37,,1296.61,336.72,,INR ,observed,synthetic,"{""fare_text"":""\u20b99,701.88"",""source"":2,""route"":9,""scraped"":""2026-08-09T14:45:00+00:00"",""currency_seen"":""INR "",""availability"":""5 seats left""}",2026-08-09T14:45:00+00:00
740,9,3,Akasa Air,QP202,2026-08-09T04:45:00+00:00,2026-09-23,20:45:00,45,T+45,economy,flexi,0,,8009.92,5908.31,832.95,973.94,294.72,,INR,observed,synthetic,"{""fare_text"":""\u20b98,009.92"",""source"":3,""route"":9,""scraped"":""2026-08-09T04:45:00+00:00"",""currency_seen"":""INR"",""availability"":"""",""debug"":""unexpected_field""}",2026-08-09T04:45:00+00:00
741,9,4,IndiGo,6E315,2026-08-09T02:45:00+00:00,2026-09-23,08:40:00,45,T+45,economy,refundable,0,5 seats left,9305.71,6967.85,604.47,1177.05,290.05,,INR,parse_error,synthetic,"{""fare_text"":""\u20b99,305.71"",""source"":4,""route"":9,""scraped"":""2026-08-09T02:45:00+00:00"",""currency_seen"":""INR"",""availability"":""5 seats left""}",2026-08-09T02:45:00+00:00
742,9,5,Air India,AI101,2026-08-09T03:40:00+00:00,2026-09-23,20:45:00,45,T+45,economy,,1,Available,8001.85,5666.7,790.51,936.82,342.16,265.66,INR,observed,synthetic,"{""fare_text"":""\u20b98,001.85"",""source"":5,""route"":9,""scraped"":""2026-08-09T03:40:00+00:00"",""currency_seen"":""INR"",""availability"":""Available""}",2026-08-09T03:40:00+00:00
743,9,1,IndiGo,6E315,2026-09-26T14:50:00+00:00,2026-09-27,17:30:00,0,T+1,economy,flexi,0,9 seats left,12305.46,9450.28,781.92,1628.01,445.25,,INR,observed,synthetic,"{""fare_text"":""\u20b912,305.46"",""source"":1,""route"":9,""scraped"":""2026-09-26T14:50:00+00:00"",""currency_seen"":""INR"",""availability"":""9 seats left""}",2026-09-26T14:50:00+00:00
744,9,2,Air India,AI101,2026-09-26T03:50:00+00:00,2026-09-27,17:30:00,1,T+1,economy,saver,1,,11074.14,8761.99,363.52,1674.39,274.24,,INR,observed,synthetic,"{""fare_text"":""\u20b911,074.14"",""source"":2,""route"":9,""scraped"":""2026-09-26T03:50:00+00:00"",""currency_seen"":""INR"",""availability"":""""}",2026-09-26T03:50:00+00:00
745,9,4,IndiGo,6E203,2026-09-26T05:15:00+00:00,2026-09-27,14:05:00,1,T+1,economy,,0,3 seats left,9379.33,7053.63,275.71,1469.67,351.65,228.67,INR,parse_error,synthetic,"{""fare_text"":""\u20b99,379.33"",""source"":4,""route"":9,""scraped"":""2026-09-26T05:15:00+00:00"",""currency_seen"":""INR"",""availability"":""3 seats left"",""price_raw"":""N/A""}",2026-09-26T05:15:00+00:00
746,9,5,Air India,AI203,2026-09-26T04:00:00+00:00,2026-09-27,14:05:00,1,T+1,economy,flexi,0,,12585.32,9698.33,504.88,1614.55,509.69,,INR,parse_error,synthetic,"{""fare_text"":""\u20b912,585.32"",""source"":5,""route"":9,""scraped"":""2026-09-26T04:00:00+00:00"",""currency_seen"":""INR"",""availability"":""""}",2026-09-26T04:00:00+00:00
747,9,6,IndiGo,6E315,2026-09-26T06:40:00+00:00,2026-09-27,06:15:00,1,T+1,economy,flexi,0,two seats,10440.84,7702.57,300.1,1817.56,294.6,,INR,observed,synthetic,"{""fare_text"":""\u20b910,440.84"",""source"":6,""route"":9,""scraped"":""2026-09-26T06:40:00+00:00"",""currency_seen"":""INR"",""availability"":""two seats""}",2026-09-26T06:40:00+00:00
748,9,1,IndiGo,6E101,2026-09-20T03:15:00+00:00,2026-09-27,11:20:00,7,T+7,economy,refundable,0,9 seats left,,12405.26,602.88,2869.76,500.68,,INR,observed,synthetic,"{""fare_text"":null,""source"":1,""route"":9,""scraped"":""2026-09-20T03:15:00+00:00"",""currency_seen"":""INR"",""availability"":""9 seats left""}",2026-09-20T03:15:00+00:00
749,9,2,Air India,AI101,2026-09-20T12:50:00+00:00,2026-09-27,06:15:00,7,T+7,economy,flexi,0,2 seats left,9299.95,6883.87,452.7,1704.0,,,INR,observed,synthetic,"{""fare_text"":""\u20b99,299.95"",""source"":2,""route"":9,""scraped"":""2026-09-20T12:50:00+00:00"",""currency_seen"":""INR"",""availability"":""2 seats left""}",2026-09-20T12:50:00+00:00
750,9,4,IndiGo,6E203,2026-09-20T14:50:00+00:00,2026-09-27,08:40:00,7,T+90,economy,refundable,0,,39227.26,9022.01,495.57,1613.62,498.95,,INR,observed,synthetic,"{""fare_text"":""\u20b939,227.26"",""source"":4,""route"":9,""scraped"":""2026-09-20T14:50:00+00:00"",""currency_seen"":""INR"",""availability"":null}",2026-09-20T14:50:00+00:00
751,9,5,Air India,AI315,2026-09-20T02:50:00+00:00,2026-09-27,11:20:00,7,T+7,economy,,0,,10193.93,7343.9,871.59,1548.07,,157.53,INR,observed,synthetic,"{""fare_text"":""\u20b910,193.93"",""source"":5,""route"":9,""scraped"":""2026-09-20T02:50:00+00:00"",""currency_seen"":""INR"",""availability"":null,""debug"":""unexpected_field""}",2026-09-20T02:50:00+00:00
752,9,6,IndiGo ,6E203,2026-09-20T15:15:00+00:00,2026-09-27,17:30:00,7,T+7,economy,saver,0,Available,75504.88,8521.32,446.91,1765.59,477.17,200.61,INR,observed,synthetic,"{""fare_text"":""\u20b975,504.88"",""source"":6,""route"":9,""scraped"":""2026-09-20T15:15:00+00:00"",""currency_seen"":""INR"",""availability"":""Available"",""debug"":""unexpected_field""}",2026-09-20T15:15:00+00:00
753,9,3,Akasa Air,QP202,2026-09-12T14:40:00+00:00,2026-09-27,06:15:00,15,T+15,economy,,0,,10654.98,7979.12,352.75,1945.54,377.57,,INR,observed,synthetic,"{""fare_text"":""\u20b910,654.98"",""source"":3,""route"":9,""scraped"":""2026-09-12T14:40:00+00:00"",""currency_seen"":""INR"",""availability"":""""}",2026-09-12T14:40:00+00:00
754,9,5,Air India,AI315,2026-09-12T15:00:00+00:00,2026-09-27,06:15:00,15,T+15,economy,refundable,0,,13911.28,9920.95,697.81,2200.75,571.1,,INR,observed,synthetic,"{""fare_text"":""\u20b913,911.28"",""source"":5,""route"":9,""scraped"":""2026-09-12T15:00:00+00:00"",""currency_seen"":""INR"",""availability"":null}",2026-09-12T15:00:00+00:00
755,9,6,IndiGo,6E101,2026-09-12T06:50:00+00:00,2026-09-27,17:30:00,15,T+15,economy,,0,Available,,6874.16,,1450.72,182.94,337.17,INR,observed,synthetic,"{""fare_text"":null,""source"":6,""route"":9,""scraped"":""2026-09-12T06:50:00+00:00"",""currency_seen"":""INR"",""availability"":""Available""}",2026-09-12T06:50:00+00:00
756,9,1,IndiGo,6E101,2026-08-28T14:50:00+00:00,2026-09-27,17:30:00,30,T+30,economy,flexi,0,9 seats left,7467.57,5774.72,327.51,1179.67,185.67,,INR,observed,synthetic,"{""fare_text"":""\u20b97,467.57"",""source"":1,""route"":9,""scraped"":""2026-08-28T14:50:00+00:00"",""currency_seen"":""INR"",""availability"":""9 seats left""}",2026-08-28T14:50:00+00:00
757,9,3,Akasa Air ,QP202,2026-08-28T06:50:00+00:00,2026-09-27,06:15:00,30,T+30,economy,,0,2 seats left,11594.97,9044.78,384.05,1827.86,338.28,,INR,observed,synthetic,"{""fare_text"":""\u20b911,594.97"",""source"":3,""route"":9,""scraped"":""2026-08-28T06:50:00+00:00"",""currency_seen"":""INR"",""availability"":""2 seats left""}",2026-08-28T06:50:00+00:00
758,9,5,Air India,AI315,2026-08-28T08:40:00+00:00,2026-09-27,08:40:00,30,T+30,economy,,0,two seats,7972.57,5860.96,524.5,1188.29,243.15,155.67,INR,observed,synthetic,"{""fare_text"":""\u20b97,972.57"",""source"":5,""route"":9,""scraped"":""2026-08-28T08:40:00+00:00"",""currency_seen"":""INR"",""availability"":""two seats""}",2026-08-28T08:40:00+00:00
759,9,6,IndiGo,6E101,2026-08-28T06:30:00+00:00,2026-09-27,06:15:00,30,T+30,economy,,0,9 seats left,6672.32,4591.41,471.19,1034.96,,,INR,observed,synthetic,"{""fare_text"":""\u20b96,672.32"",""source"":6,""route"":9,""scraped"":""2026-08-28T06:30:00+00:00"",""currency_seen"":""INR"",""availability"":""9 seats left"",""price_raw"":""N/A""}",2026-08-28T06:30:00+00:00
760,9,1,IndiGo,6E315,2026-08-13T06:45:00+00:00,2026-09-27,14:05:00,45,T+45,economy,refundable,0,,,6665.27,420.02,1357.31,262.28,,INR,observed,synthetic,"{""fare_text"":null,""source"":1,""route"":9,""scraped"":""2026-08-13T06:45:00+00:00"",""currency_seen"":""INR"",""availability"":""""}",2026-08-13T06:45:00+00:00
761,9,3,Akasa Air,QP318,2026-08-13T10:35:00+00:00,2026-09-27,08:40:00,45,T+45,economy,,0,9 seats left,8745.81,6505.61,848.13,1181.52,210.55,,INR,observed,synthetic,"{""fare_text"":""\u20b98,745.81"",""source"":3,""route"":9,""scraped"":""2026-08-13T10:35:00+00:00"",""currency_seen"":""INR"",""availability"":""9 seats left""}",2026-08-13T10:35:00+00:00
762,9,4,IndiGo,6E315,2026-08-13T07:15:00+00:00,2026-09-27,11:20:00,45,T+45,Economy,flexi,0,2 seats left,7628.86,5571.39,309.52,1185.86,298.08,264.01,INR,observed,synthetic,"{""fare_text"":""\u20b97,628.86"",""source"":4,""route"":9,""scraped"":""2026-08-13T07:15:00+00:00"",""currency_seen"":""INR"",""availability"":""2 seats left""}",2026-08-13T07:15:00+00:00
763,9,6,IndiGo,6E203,2026-08-13T09:00:00+00:00,2026-09-27,06:15:00,45,T+45,economy,,0,Available,8092.56,5891.82,687.53,1237.24,,95.68,INR,observed,synthetic,"{""fare_text"":""\u20b98,092.56"",""source"":6,""route"":9,""scraped"":""2026-08-13T09:00:00+00:00"",""currency_seen"":""INR"",""availability"":""Available""}",2026-08-13T09:00:00+00:00
764,9,1,IndiGo,6E203,2026-10-03T03:00:00+00:00,2026-10-04,06:15:00,1,T+1,economy,saver,0,,14296.05,11378.73,582.88,1893.76,440.68,,INR,observed,synthetic,"{""fare_text"":""\u20b914,296.05"",""source"":1,""route"":9,""scraped"":""2026-10-03T03:00:00+00:00"",""currency_seen"":""INR"",""availability"":""""}",2026-10-03T03:00:00+00:00
765,9,2,Air India,AI315,2026-10-03T04:00:00+00:00,2026-10-04,14:05:00,1,T+1,economy,refundable,0,Available,13591.19,11010.9,364.51,,340.13,,INR,observed,synthetic,"{""fare_text"":""\u20b913,591.19"",""source"":2,""route"":9,""scraped"":""2026-10-03T04:00:00+00:00"",""currency_seen"":""INR"",""availability"":""Available""}",2026-10-03T04:00:00+00:00
766,9,3,Akasa Air,QP202,2026-10-03T03:35:00+00:00,2026-10-04,14:05:00,1,T+1,economy,,3,Available,9916.38,7685.49,579.68,1359.15,292.06,,INR,observed,synthetic,"{""fare_text"":""\u20b99,916.38"",""source"":3,""route"":9,""scraped"":""2026-10-03T03:35:00+00:00"",""currency_seen"":""INR"",""availability"":""Available""}",2026-10-03T03:35:00+00:00
767,9,4,IndiGo,6E101,2026-10-03T04:15:00+00:00,2026-10-04,14:05:00,1,T+1,economy,Saver,0,,11917.33,9042.74,758.38,1485.94,489.38,140.89,INR,observed,synthetic,"{""fare_text"":""\u20b911,917.33"",""source"":4,""route"":9,""scraped"":""2026-10-03T04:15:00+00:00"",""currency_seen"":""INR"",""availability"":""""}",2026-10-03T04:15:00+00:00
768,9,5,Air India,AI101,2026-10-03T15:15:00+00:00,2026-10-04,17:30:00,1,T+1,economy,,0,,11250.61,8485.55,370.45,1720.12,367.19,307.3,INR,sold_out,synthetic,"{""fare_text"":""\u20b911,250.61"",""source"":5,""route"":9,""scraped"":""2026-10-03T15:15:00+00:00"",""currency_seen"":""INR"",""availability"":""""}",2026-10-03T15:15:00+00:00
769,9,6,IndiGo,6E315,2026-10-03T07:00:00+00:00,2026-10-04,17:30:00,1,T+1,economy,saver,0,3 seats left,11712.16,9140.01,457.08,1463.39,,131.63,INR,observed,synthetic,"{""fare_text"":""\u20b911,712.16"",""source"":6,""route"":9,""scraped"":""2026-10-03T07:00:00+00:00"",""currency_seen"":""INR"",""availability"":""3 seats left""}",2026-10-03T07:00:00+00:00
770,9,2,Air India,AI101,2026-09-27T03:40:00+00:00,2026-10-04,20:45:00,7,T+7,economy,flexi,0,5 seats left,12213.72,9600.84,451.82,1694.66,466.4,,INR,observed,synthetic,"{""fare_text"":""\u20b912,213.72"",""source"":2,""route"":9,""scraped"":""2026-09-27T03:40:00+00:00"",""currency_seen"":""INR"",""availability"":""5 seats left""}",2026-09-27T03:40:00+00:00
771,9,3,Akasa Air,QP202,2026-09-27T06:45:00+00:00,2026-10-04,11:20:00,7,T+7,economy,,0,,11420.91,8335.04,874.74,1731.12,480.01,,INR,observed,synthetic,"{""fare_text"":""\u20b911,420.91"",""source"":3,""route"":9,""scraped"":""2026-09-27T06:45:00+00:00"",""currency_seen"":""INR"",""availability"":""""}",2026-09-27T06:45:00+00:00
772,9,6,IndiGo,6E101,2026-09-27T04:35:00+00:00,2026-10-04,14:05:00,7,T+7,economy,,0,,11469.55,8911.37,291.16,1749.82,,274.42,INR,observed,synthetic,"{""fare_text"":""\u20b911,469.55"",""source"":6,""route"":9,""scraped"":""2026-09-27T04:35:00+00:00"",""currency_seen"":""INR"",""availability"":"""",""debug"":""unexpected_field""}",2026-09-27T04:35:00+00:00
773,9,1,IndiGo,6E101,2026-09-19T04:50:00+00:00,2026-10-04,08:40:00,15,T+15,economy,,0,2 seats left,2285.94,7120.56,703.85,1546.7,239.12,,INR,observed,synthetic,"{""fare_text"":""\u20b92,285.94"",""source"":1,""route"":9,""scraped"":""2026-09-19T04:50:00+00:00"",""currency_seen"":""INR"",""availability"":""2 seats left""}",2026-09-19T04:50:00+00:00
774,9,3,Akasa Air,QP202,2026-09-19T03:50:00+00:00,2026-10-04,08:40:00,15,T+15,economy,,0,5 seats left,8247.75,6030.69,716.55,1313.6,186.91,,INR,sold_out,synthetic,"{""fare_text"":""\u20b98,247.75"",""source"":3,""route"":9,""scraped"":""2026-09-19T03:50:00+00:00"",""currency_seen"":""INR"",""availability"":""5 seats left""}",2026-09-19T03:50:00+00:00
775,9,4,IndiGo,6E203,2026-09-19T14:40:00+00:00,2026-10-04,17:30:00,15,T+15,economy,saver,0,,,7288.25,,1185.32,383.93,,INR,scrape_failed,synthetic,"{""fare_text"":null,""source"":4,""route"":9,""scraped"":""2026-09-19T14:40:00+00:00"",""currency_seen"":""INR"",""availability"":""""}",2026-09-19T14:40:00+00:00
776,9,6,IndiGo,6E203,2026-09-19T14:30:00+00:00,2026-10-04,14:05:00,15,T+15,economy,refundable,0,,10334.55,7595.13,592.03,1528.64,210.81,232.94,INR,scrape_failed,synthetic,"{""fare_text"":""\u20b910,334.55"",""source"":6,""route"":9,""scraped"":""2026-09-19T14:30:00+00:00"",""currency_seen"":""INR"",""availability"":null}",2026-09-19T14:30:00+00:00
777,9,1,IndiGo,6E101,2026-09-04T13:00:00+00:00,2026-10-04,08:40:00,30,T+30,economy,saver,0,,9263.82,6777.84,613.53,1541.86,,,INR,observed,synthetic,"{""fare_text"":""\u20b99,263.82"",""source"":1,""route"":9,""scraped"":""2026-09-04T13:00:00+00:00"",""currency_seen"":""INR"",""availability"":""""}",2026-09-04T13:00:00+00:00
778,9,2,Air India,AI315,2026-09-04T03:00:00+00:00,2026-10-04,08:40:00,30,T+30,economy,,0,,9110.43,6955.81,274.66,1586.88,293.08,,INR,observed,synthetic,"{""fare_text"":""\u20b99,110.43"",""source"":2,""route"":9,""scraped"":""2026-09-04T03:00:00+00:00"",""currency_seen"":""INR"",""availability"":null}",2026-09-04T03:00:00+00:00
779,9,3,Akasa Air,QP318,2026-09-04T14:50:00+00:00,2026-10-04,20:45:00,30,T+30,economy,flexi,0,5 seats left,12337.17,9497.78,541.73,1837.61,460.05,,INR,observed,synthetic,"{""fare_text"":""\u20b912,337.17"",""source"":3,""route"":9,""scraped"":""2026-09-04T14:50:00+00:00"",""currency_seen"":""INR"",""availability"":""5 seats left"",""debug"":""unexpected_field""}",2026-09-04T14:50:00+00:00
780,9,4,IndiGo,6E203,2026-09-04T05:35:00+00:00,2026-10-04,06:15:00,30,T+30,economy,saver,0,,9647.7,6957.32,422.63,1715.93,226.0,,INR,observed,synthetic,"{""fare_text"":""\u20b99,647.70"",""source"":4,""route"":9,""scraped"":""2026-09-04T05:35:00+00:00"",""currency_seen"":""INR"",""availability"":""""}",2026-09-04T05:35:00+00:00
781,9,6,IndiGo,6E315,2026-09-04T06:00:00+00:00,2026-10-04,08:40:00,30,T+30,economy,,0,3 seats left,9977.6,7197.34,700.33,1733.1,,,INR,observed,synthetic,"{""fare_text"":""\u20b99,977.60"",""source"":6,""route"":9,""scraped"":""2026-09-04T06:00:00+00:00"",""currency_seen"":""INR"",""availability"":""3 seats left""}",2026-09-04T06:00:00+00:00
782,9,1,IndiGo,6E315,2026-08-20T14:35:00+00:00,2026-10-04,14:05:00,45,T+45,economy,,0,Available,9524.5,7355.55,286.04,1624.13,258.78,,INR,observed,synthetic,"{""fare_text"":""\u20b99,524.50"",""source"":1,""route"":9,""scraped"":""2026-08-20T14:35:00+00:00"",""currency_seen"":""INR"",""availability"":""Available""}",2026-08-20T14:35:00+00:00
783,9,2,Air India,AI315,2026-08-20T14:35:00+00:00,2026-10-04,06:15:00,45,T+45,economy,saver,0,two seats,9011.23,6759.59,292.13,1582.23,,,INR,observed,synthetic,"{""fare_text"":""\u20b99,011.23"",""source"":2,""route"":9,""scraped"":""2026-08-20T14:35:00+00:00"",""currency_seen"":""INR"",""availability"":""two seats""}",2026-08-20T14:35:00+00:00
784,9,3,Akasa Air,QP318,2026-08-20T08:50:00+00:00,2026-10-04,06:15:00,45,T+45,Economy,flexi,0,3 seats left,8784.2,6941.77,367.78,1149.82,324.83,,INR,observed,synthetic,"{""fare_text"":""\u20b98,784.20"",""source"":3,""route"":9,""scraped"":""2026-08-20T08:50:00+00:00"",""currency_seen"":""INR"",""availability"":""3 seats left"",""price_raw"":""N/A""}",2026-08-20T08:50:00+00:00
785,9,4,IndiGo,6E101,2026-08-20T02:45:00+00:00,2026-10-04,11:20:00,45,T+45,economy,,0,5 seats left,13617.01,10415.0,357.22,2217.43,381.52,245.84,INR,scrape_failed,synthetic,"{""fare_text"":""\u20b913,617.01"",""source"":4,""route"":9,""scraped"":""2026-08-20T02:45:00+00:00"",""currency_seen"":""INR"",""availability"":""5 seats left""}",2026-08-20T02:45:00+00:00
786,9,5,Air India,AI315,2026-08-20T03:45:00+00:00,2026-10-04,17:30:00,45,T+45,economy,saver,0,Available,,6050.79,428.65,1456.47,317.21,189.31,INR,observed,synthetic,"{""fare_text"":null,""source"":5,""route"":9,""scraped"":""2026-08-20T03:45:00+00:00"",""currency_seen"":""INR"",""availability"":""Available""}",2026-08-20T03:45:00+00:00
787,9,6,IndiGo,6E203,2026-08-20T09:15:00+00:00,2026-10-04,14:05:00,45,T+45,economy,,0,Available,8469.26,5912.03,890.29,1218.67,,266.0,INR,observed,synthetic,"{""fare_text"":""\u20b98,469.26"",""source"":6,""route"":9,""scraped"":""2026-08-20T09:15:00+00:00"",""currency_seen"":""INR"",""availability"":""Available""}",2026-08-20T09:15:00+00:00
788,10,1,IndiGo,6E203,2026-09-19T08:35:00+00:00,2026-09-20,20:45:00,1,T+1,economy,saver,1,2 seats left,13323.69,10186.59,453.21,2131.3,552.59,,INR,observed,synthetic,"{""fare_text"":""\u20b913,323.69"",""source"":1,""route"":10,""scraped"":""2026-09-19T08:35:00+00:00"",""currency_seen"":""INR"",""availability"":""2 seats left""}",2026-09-19T08:35:00+00:00
789,10,2,Air India,AI203,2026-09-19T07:15:00+00:00,2026-09-20,08:40:00,1,T+1,economy,saver,0,Available,10083.35,8010.03,501.28,1329.11,242.93,,INR ,observed,synthetic,"{""fare_text"":""\u20b910,083.35"",""source"":2,""route"":10,""scraped"":""2026-09-19T07:15:00+00:00"",""currency_seen"":""INR "",""availability"":""Available""}",2026-09-19T07:15:00+00:00
790,10,3,Akasa Air,QP318,2026-09-19T13:00:00+00:00,2026-09-20,08:40:00,1,T+1,economy,,0,Available,10441.42,7544.71,685.06,1825.44,386.21,,INR,observed,synthetic,"{""fare_text"":""\u20b910,441.42"",""source"":3,""route"":10,""scraped"":""2026-09-19T13:00:00+00:00"",""currency_seen"":""INR"",""availability"":""Available""}",2026-09-19T13:00:00+00:00
791,10,4,IndiGo,6E203,2026-09-19T05:00:00+00:00,2026-09-20,20:45:00,1,T+1,economy,,0,,37741.76,9361.33,,1654.12,271.19,142.63,INR,observed,synthetic,"{""fare_text"":""\u20b937,741.76"",""source"":4,""route"":10,""scraped"":""2026-09-19T05:00:00+00:00"",""currency_seen"":""INR"",""availability"":""""}",2026-09-19T05:00:00+00:00
792,10,5,Air India ,AI203,2026-09-19T06:45:00+00:00,2026-09-20,06:15:00,1,T+1,economy,saver,0,Available,10207.26,7320.93,,1687.37,345.25,227.49,INR,observed,synthetic,"{""fare_text"":""\u20b910,207.26"",""source"":5,""route"":10,""scraped"":""2026-09-19T06:45:00+00:00"",""currency_seen"":""INR"",""availability"":""Available""}",2026-09-19T06:45:00+00:00
793,10,6,IndiGo,6E203,2026-09-19T14:35:00+00:00,2026-09-20,08:40:00,1,T+1,economy,flexi,0,,10645.04,8072.73,744.4,,483.32,161.31,INR,observed,synthetic,"{""fare_text"":""\u20b910,645.04"",""source"":6,""route"":10,""scraped"":""2026-09-19T14:35:00+00:00"",""currency_seen"":""INR"",""availability"":null}",2026-09-19T14:35:00+00:00
794,10,1,IndiGo,6E101,2026-09-13T07:00:00+00:00,2026-09-20,14:05:00,7,T+7,economy,,0,3 seats left,12340.55,9039.77,780.99,2145.48,374.31,,₹,observed,synthetic,"{""fare_text"":""\u20b912,340.55"",""source"":1,""route"":10,""scraped"":""2026-09-13T07:00:00+00:00"",""currency_seen"":""\u20b9"",""availability"":""3 seats left""}",2026-09-13T07:00:00+00:00
795,10,2,Air India,AI203,2026-09-13T12:30:00+00:00,2026-09-20,06:15:00,7,T+7,economy,flexi,0,,10119.28,7359.06,662.27,1731.92,366.03,,INR,observed,synthetic,"{""fare_text"":""\u20b910,119.28"",""source"":2,""route"":10,""scraped"":""2026-09-13T12:30:00+00:00"",""currency_seen"":""INR"",""availability"":""""}",2026-09-13T12:30:00+00:00
796,10,4,IndiGo,6E315,2026-09-13T05:50:00+00:00,2026-09-20,25:71:00,7,T+7,economy,refundable,0,Available,12117.82,8845.18,437.12,2201.75,442.57,191.2,INR,observed,synthetic,"{""fare_text"":""\u20b912,117.82"",""source"":4,""route"":10,""scraped"":""2026-09-13T05:50:00+00:00"",""currency_seen"":""INR"",""availability"":""Available""}",2026-09-13T05:50:00+00:00
797,10,5,Air India,AI203,2026-09-13T12:40:00+00:00,2026-09-20,20:45:00,7,T+7,economy,refundable,0,,49312.28,11357.82,514.38,2039.45,639.06,137.5,INR,observed,synthetic,"{""fare_text"":""\u20b949,312.28"",""source"":5,""route"":10,""scraped"":""2026-09-13T12:40:00+00:00"",""currency_seen"":""INR"",""availability"":""""}",2026-09-13T12:40:00+00:00
798,10,6,indigo,6E101,2026-09-13T10:50:00+00:00,2026-09-20,08:40:00,7,T+7,economy,refundable,0,,8899.88,6378.37,586.24,1453.97,,252.8,INR,observed,synthetic,"{""fare_text"":""\u20b98,899.88"",""source"":6,""route"":10,""scraped"":""2026-09-13T10:50:00+00:00"",""currency_seen"":""INR"",""availability"":""""}",2026-09-13T10:50:00+00:00
799,10,1,IndiGo,6E203,2026-09-05T04:00:00+00:00,2026-09-20,20:45:00,15,T+15,economy,refundable,0,Available,8644.46,6156.88,734.77,1441.91,310.9,,INR,observed,synthetic,"{""fare_text"":""\u20b98,644.46"",""source"":1,""route"":10,""scraped"":""2026-09-05T04:00:00+00:00"",""currency_seen"":""INR"",""availability"":""Available""}",2026-09-05T04:00:00+00:00
800,10,3,Akasa Air,QP110,2026-09-05T10:50:00+00:00,2026-09-20,20:45:00,15,T+15,economy,flexi,0,Available,9878.62,7439.77,830.56,1389.28,219.01,,₹,observed,synthetic,"{""fare_text"":""\u20b99,878.62"",""source"":3,""route"":10,""scraped"":""2026-09-05T10:50:00+00:00"",""currency_seen"":""\u20b9"",""availability"":""Available""}",2026-09-05T10:50:00+00:00
801,10,4,IndiGo,6E101,2026-09-05T10:45:00+00:00,2026-09-20,08:40:00,15,T+15,economy,,0,,11631.18,8820.8,639.36,,,258.14,INR,observed,synthetic,"{""fare_text"":""\u20b911,631.18"",""source"":4,""route"":10,""scraped"":""2026-09-05T10:45:00+00:00"",""currency_seen"":""INR"",""availability"":null}",2026-09-05T10:45:00+00:00
802,10,5,Air India,AI203,2026-09-05T06:00:00+00:00,2026-09-20,11:20:00,15,T+15,economy,,1,2 seats left,11855.32,8828.11,,1953.45,,346.52,INR,observed,synthetic,"{""fare_text"":""\u20b911,855.32"",""source"":5,""route"":10,""scraped"":""2026-09-05T06:00:00+00:00"",""currency_seen"":""INR"",""availability"":""2 seats left"",""debug"":""unexpected_field""}",2026-09-05T06:00:00+00:00
803,10,1,IndiGo,6E101,2026-08-21T05:35:00+00:00,2026-09-20,17:30:00,30,T+30,economy,,0,,10718.35,7912.3,762.36,1793.78,249.91,,INR,observed,synthetic,"{""fare_text"":""\u20b910,718.35"",""source"":1,""route"":10,""scraped"":""2026-08-21T05:35:00+00:00"",""currency_seen"":""INR"",""availability"":"""",""debug"":""unexpected_field""}",2026-08-21T05:35:00+00:00
804,10,2,Air India,AI101,2026-08-21T05:40:00+00:00,2026-09-20,20:45:00,30,T+90,economy,,0,,7790.09,5719.17,450.57,1287.56,332.79,,INR,observed,synthetic,"{""fare_text"":""\u20b97,790.09"",""source"":2,""route"":10,""scraped"":""2026-08-21T05:40:00+00:00"",""currency_seen"":""INR"",""availability"":null}",2026-08-21T05:40:00+00:00
805,10,3,Akasa Air,QP318,2026-08-21T02:45:00+00:00,2026-09-20,14:05:00,30,T+30,economy,refundable,0,Available,10217.21,7731.4,579.68,1672.54,,,INR,observed,synthetic,"{""fare_text"":""\u20b910,217.21"",""source"":3,""route"":10,""scraped"":""2026-08-21T02:45:00+00:00"",""currency_seen"":""INR"",""availability"":""Available""}",2026-08-21T02:45:00+00:00
806,10,4,IndiGo,6E315,2026-08-21T08:40:00+00:00,2026-09-20,06:15:00,30,T+30,economy,,0,5 seats left,68866.52,7344.29,721.15,1773.53,369.55,294.1,INR,observed,synthetic,"{""fare_text"":""\u20b968,866.52"",""source"":4,""route"":10,""scraped"":""2026-08-21T08:40:00+00:00"",""currency_seen"":""INR"",""availability"":""5 seats left""}",2026-08-21T08:40:00+00:00
807,10,5,Air India ,AI203,2026-08-21T06:40:00+00:00,2026-09-20,17:30:00,30,T+30,economy,saver,0,Available,7874.81,5388.07,642.89,1240.28,303.62,299.95,INR,observed,synthetic,"{""fare_text"":""\u20b97,874.81"",""source"":5,""route"":10,""scraped"":""2026-08-21T06:40:00+00:00"",""currency_seen"":""INR"",""availability"":""Available""}",2026-08-21T06:40:00+00:00
808,10,6,IndiGo,6E203,2026-08-21T13:15:00+00:00,2026-09-20,20:45:00,30,T+30,economy,,0,,6893.18,4980.42,361.07,1029.71,225.44,,INR,observed,synthetic,"{""fare_text"":""\u20b96,893.18"",""source"":6,""route"":10,""scraped"":""2026-08-21T13:15:00+00:00"",""currency_seen"":""INR"",""availability"":null}",2026-08-21T13:15:00+00:00
809,10,1,IndiGo,6E101,2026-08-06T14:35:00+00:00,2026-09-20,06:15:00,45,T+90,economy,,0,5 seats left,50893.66,5754.8,255.21,928.61,324.73,,INR,observed,synthetic,"{""fare_text"":""\u20b950,893.66"",""source"":1,""route"":10,""scraped"":""2026-08-06T14:35:00+00:00"",""currency_seen"":""INR"",""availability"":""5 seats left"",""price_raw"":""N/A""}",2026-08-06T14:35:00+00:00
810,10,3,Akasa Air,QP318,2026-08-06T08:40:00+00:00,2026-09-20,20:45:00,45,T+45,economy,refundable,0,3 seats left,12892.14,9782.28,636.39,1951.73,521.74,,INR,observed,synthetic,"{""fare_text"":""\u20b912,892.14"",""source"":3,""route"":10,""scraped"":""2026-08-06T08:40:00+00:00"",""currency_seen"":""INR"",""availability"":""3 seats left"",""price_raw"":""N/A""}",2026-08-06T08:40:00+00:00
811,10,4,IndiGo,6E101,2026-08-06T14:50:00+00:00,2026-09-20,06:15:00,45,T+45,economy,saver,0,5 seats left,8225.8,5984.95,550.06,1057.07,302.7,331.02,INR,observed,synthetic,"{""fare_text"":""\u20b98,225.80"",""source"":4,""route"":10,""scraped"":""2026-08-06T14:50:00+00:00"",""currency_seen"":""INR"",""availability"":""5 seats left"",""debug"":""unexpected_field""}",2026-08-06T14:50:00+00:00
812,10,5,Air India,AI101,2026-08-06T08:30:00+00:00,2026-09-20,06:15:00,45,T+45,economy,saver,0,Available,6186.5,4596.03,436.67,795.57,,,INR,observed,synthetic,"{""fare_text"":""\u20b96,186.50"",""source"":5,""route"":10,""scraped"":""2026-08-06T08:30:00+00:00"",""currency_seen"":""INR"",""availability"":""Available""}",2026-08-06T08:30:00+00:00
813,10,6,IndiGo,6E101,2026-08-06T13:00:00+00:00,2026-09-20,25:71:00,45,T+45,economy,,0,,12423.42,9226.55,814.44,1903.98,353.19,125.26,INR,observed,synthetic,"{""fare_text"":""\u20b912,423.42"",""source"":6,""route"":10,""scraped"":""2026-08-06T13:00:00+00:00"",""currency_seen"":""INR"",""availability"":null}",2026-08-06T13:00:00+00:00
814,10,1,IndiGo,6E101,2026-09-22T10:35:00+00:00,2026-09-23,20:45:00,1,T+1,economy,flexi,0,,11629.17,8595.95,571.38,2016.17,445.67,,₹,observed,synthetic,"{""fare_text"":""\u20b911,629.17"",""source"":1,""route"":10,""scraped"":""2026-09-22T10:35:00+00:00"",""currency_seen"":""\u20b9"",""availability"":null}",2026-09-22T10:35:00+00:00
815,10,3,Akasa Air,QP110,2026-09-22T09:00:00+00:00,2026-09-23,11:20:00,1,T+1,economy,,0,,15880.93,12179.17,531.75,,,,INR,observed,synthetic,"{""fare_text"":""\u20b915,880.93"",""source"":3,""route"":10,""scraped"":""2026-09-22T09:00:00+00:00"",""currency_seen"":""INR"",""availability"":null}",2026-09-22T09:00:00+00:00
816,10,4,IndiGo,,2026-09-22T04:35:00+00:00,2026-09-23,06:15:00,1,T+1,economy,refundable,0,9 seats left,56167.18,6768.67,743.96,1512.96,264.45,222.9,INR,observed,synthetic,"{""fare_text"":""\u20b956,167.18"",""source"":4,""route"":10,""scraped"":""2026-09-22T04:35:00+00:00"",""currency_seen"":""INR"",""availability"":""9 seats left""}",2026-09-22T04:35:00+00:00
817,10,5,Air India,AI203,2026-09-22T05:15:00+00:00,2026-09-23,08:40:00,1,T+1,economy,,0,9 seats left,11744.53,8428.85,642.88,2018.67,,213.74,INR,observed,synthetic,"{""fare_text"":""\u20b911,744.53"",""source"":5,""route"":10,""scraped"":""2026-09-22T05:15:00+00:00"",""currency_seen"":""INR"",""availability"":""9 seats left""}",2026-09-22T05:15:00+00:00
818,10,6,IndiGo,6E203,2026-09-22T03:35:00+00:00,2026-09-23,11:20:00,1,T+1,economy,saver,0,,11703.9,8525.13,491.95,2031.27,432.22,223.33,INR,sold_out,synthetic,"{""fare_text"":""\u20b911,703.90"",""source"":6,""route"":10,""scraped"":""2026-09-22T03:35:00+00:00"",""currency_seen"":""INR"",""availability"":null,""debug"":""unexpected_field""}",2026-09-22T03:35:00+00:00
819,10,2,Air India,AI203,2026-09-16T04:00:00+00:00,2026-09-23,25:71:00,7,T+90,economy,saver,0,Available,9697.01,7113.32,811.74,1400.51,371.44,,INR,observed,synthetic,"{""fare_text"":""\u20b99,697.01"",""source"":2,""route"":10,""scraped"":""2026-09-16T04:00:00+00:00"",""currency_seen"":""INR"",""availability"":""Available"",""debug"":""unexpected_field""}",2026-09-16T04:00:00+00:00
820,10,3,Akasa Air,QP318,2026-09-16T02:30:00+00:00,2026-09-23,08:40:00,7,T+7,economy,,0,3 seats left,13556.49,10262.8,449.24,2516.19,328.26,,INR,observed,synthetic,"{""fare_text"":""\u20b913,556.49"",""source"":3,""route"":10,""scraped"":""2026-09-16T02:30:00+00:00"",""currency_seen"":""INR"",""availability"":""3 seats left""}",2026-09-16T02:30:00+00:00
821,10,4,IndiGo,6E315,2026-09-16T08:40:00+00:00,2026-09-23,11:20:00,7,T+7,economy,refundable,0,9 seats left,83296.06,10336.29,437.48,2159.87,,227.23,INR,observed,synthetic,"{""fare_text"":""\u20b983,296.06"",""source"":4,""route"":10,""scraped"":""2026-09-16T08:40:00+00:00"",""currency_seen"":""INR"",""availability"":""9 seats left""}",2026-09-16T08:40:00+00:00
822,10,6,IndiGo,6E101,2026-09-16T03:00:00+00:00,2026-09-23,08:40:00,7,T+7,economy,refundable,0,9 seats left,13879.37,10428.07,303.89,2544.5,315.53,,INR,scrape_failed,synthetic,"{""fare_text"":""\u20b913,879.37"",""source"":6,""route"":10,""scraped"":""2026-09-16T03:00:00+00:00"",""currency_seen"":""INR"",""availability"":""9 seats left""}",2026-09-16T03:00:00+00:00
823,10,1,IndiGo,6E203,2026-09-08T04:40:00+00:00,2026-09-23,06:15:00,15,T+15,economy,flexi,0,,69698.03,7989.28,556.1,1519.31,417.54,,INR,observed,synthetic,"{""fare_text"":""\u20b969,698.03"",""source"":1,""route"":10,""scraped"":""2026-09-08T04:40:00+00:00"",""currency_seen"":""INR"",""availability"":null}",2026-09-08T04:40:00+00:00
824,10,2,Air India,AI101,2026-09-08T05:45:00+00:00,2026-09-23,11:20:00,15,T+15,economy,flexi,1,Available,9442.63,7279.82,310.82,1548.61,303.38,,INR,observed,synthetic,"{""fare_text"":""\u20b99,442.63"",""source"":2,""route"":10,""scraped"":""2026-09-08T05:45:00+00:00"",""currency_seen"":""INR"",""availability"":""Available""}",2026-09-08T05:45:00+00:00
825,10,5,Air India,AI203,2026-09-08T08:35:00+00:00,2026-09-23,17:30:00,15,T+15,economy,flexi,0,Available,8950.13,6399.15,525.87,1556.29,,,INR,observed,synthetic,"{""fare_text"":""\u20b98,950.13"",""source"":5,""route"":10,""scraped"":""2026-09-08T08:35:00+00:00"",""currency_seen"":""INR"",""availability"":""Available""}",2026-09-08T08:35:00+00:00
826,10,6,IndiGo,6E101,2026-09-08T05:45:00+00:00,2026-09-23,14:05:00,15,T+15,economy,,0,3 seats left,9067.61,6463.22,768.03,1243.47,252.48,340.41,INR,observed,synthetic,"{""fare_text"":""\u20b99,067.61"",""source"":6,""route"":10,""scraped"":""2026-09-08T05:45:00+00:00"",""currency_seen"":""INR"",""availability"":""3 seats left"",""debug"":""unexpected_field""}",2026-09-08T05:45:00+00:00
827,10,3,Akasa Air,QP318,2026-08-24T08:30:00+00:00,2026-09-23,17:30:00,30,T+30,economy,saver,0,,35945.73,5425.1,489.49,1195.24,,,INR,observed,synthetic,"{""fare_text"":""\u20b935,945.73"",""source"":3,""route"":10,""scraped"":""2026-08-24T08:30:00+00:00"",""currency_seen"":""INR"",""availability"":null}",2026-08-24T08:30:00+00:00
828,10,5,Air India,AI315,2026-08-24T05:40:00+00:00,2026-09-23,25:71:00,30,T+30,economy,flexi,0,Available,6456.2,4507.46,418.89,950.85,255.89,323.11,INR,observed,synthetic,"{""fare_text"":""\u20b96,456.20"",""source"":5,""route"":10,""scraped"":""2026-08-24T05:40:00+00:00"",""currency_seen"":""INR"",""availability"":""Available""}",2026-08-24T05:40:00+00:00
829,10,1,IndiGo,6E101,2026-08-09T11:00:00+00:00,2026-09-23,08:40:00,45,T+45,economy,refundable,0,3 seats left,9072.41,6951.78,309.3,1522.86,,,INR,observed,synthetic,"{""fare_text"":""\u20b99,072.41"",""source"":1,""route"":10,""scraped"":""2026-08-09T11:00:00+00:00"",""currency_seen"":""INR"",""availability"":""3 seats left""}",2026-08-09T11:00:00+00:00
830,10,3,Akasa Air ,QP318,2026-08-09T03:40:00+00:00,2026-09-23,11:20:00,45,T+45,economy,saver,1,3 seats left,8460.75,6186.43,,1185.38,340.5,,INR,observed,synthetic,"{""fare_text"":""\u20b98,460.75"",""source"":3,""route"":10,""scraped"":""2026-08-09T03:40:00+00:00"",""currency_seen"":""INR"",""availability"":""3 seats left""}",2026-08-09T03:40:00+00:00
831,10,4,IndiGo,6E101,2026-08-09T05:30:00+00:00,2026-09-23,20:45:00,45,T+45,economy,refundable,0,5 seats left,7490.72,5632.42,,,167.13,,INR,observed,synthetic,"{""fare_text"":""\u20b97,490.72"",""source"":4,""route"":10,""scraped"":""2026-08-09T05:30:00+00:00"",""currency_seen"":""INR"",""availability"":""5 seats left""}",2026-08-09T05:30:00+00:00
832,10,5,Air India,AI101,2026-08-09T03:15:00+00:00,2026-09-23,14:05:00,45,T+45,economy,,0,,13850.84,10295.22,287.24,,509.29,243.06,INR,observed,synthetic,"{""fare_text"":""\u20b913,850.84"",""source"":5,""route"":10,""scraped"":""2026-08-09T03:15:00+00:00"",""currency_seen"":""INR"",""availability"":null}",2026-08-09T03:15:00+00:00
833,10,1,IndiGo,6E101,2026-09-26T12:45:00+00:00,2026-09-27,08:40:00,1,T+1,economy,saver,0,9 seats left,12042.37,8651.08,884.02,2098.56,408.71,,INR,observed,synthetic,"{""fare_text"":""\u20b912,042.37"",""source"":1,""route"":10,""scraped"":""2026-09-26T12:45:00+00:00"",""currency_seen"":""INR"",""availability"":""9 seats left"",""debug"":""unexpected_field""}",2026-09-26T12:45:00+00:00
834,10,2,Air India,AI101,2026-09-26T08:30:00+00:00,2026-09-27,17:30:00,1,T+1,economy,,0,Available,11734.0,9264.18,274.66,1697.17,497.99,,INR ,observed,synthetic,"{""fare_text"":""\u20b911,734.00"",""source"":2,""route"":10,""scraped"":""2026-09-26T08:30:00+00:00"",""currency_seen"":""INR "",""availability"":""Available""}",2026-09-26T08:30:00+00:00
835,10,5,Air India,AI101,2026-09-26T04:30:00+00:00,2026-09-27,14:05:00,1,T+1,economy,flexi,0,3 seats left,,7630.5,895.78,1390.49,,,INR ,observed,synthetic,"{""fare_text"":null,""source"":5,""route"":10,""scraped"":""2026-09-26T04:30:00+00:00"",""currency_seen"":""INR "",""availability"":""3 seats left""}",2026-09-26T04:30:00+00:00
836,10,6,IndiGo,6E315,2026-09-26T13:15:00+00:00,2026-09-27,11:20:00,1,T+1,economy,,0,,9752.04,7479.52,,1395.59,234.81,105.15,INR,observed,synthetic,"{""fare_text"":""\u20b99,752.04"",""source"":6,""route"":10,""scraped"":""2026-09-26T13:15:00+00:00"",""currency_seen"":""INR"",""availability"":""""}",2026-09-26T13:15:00+00:00
837,10,1,indigo,6E101,2026-09-20T03:30:00+00:00,2026-09-27,20:45:00,7,T+90,economy,,0,5 seats left,11003.66,8442.54,284.35,1889.76,387.01,,INR,observed,synthetic,"{""fare_text"":""\u20b911,003.66"",""source"":1,""route"":10,""scraped"":""2026-09-20T03:30:00+00:00"",""currency_seen"":""INR"",""availability"":""5 seats left""}",2026-09-20T03:30:00+00:00
838,10,2,Air India,AI203,2026-09-20T10:35:00+00:00,2026-09-27,08:40:00,7,T+7,economy,,0,3 seats left,12272.88,9620.68,290.56,2111.47,250.17,,INR ,observed,synthetic,"{""fare_text"":""\u20b912,272.88"",""source"":2,""route"":10,""scraped"":""2026-09-20T10:35:00+00:00"",""currency_seen"":""INR "",""availability"":""3 seats left""}",2026-09-20T10:35:00+00:00
839,10,3,Akasa Air,QP110,2026-09-20T04:40:00+00:00,2026-09-27,06:15:00,7,T+7,economy,,0,9 seats left,15608.14,12435.98,444.74,2350.77,376.65,,INR,observed,synthetic,"{""fare_text"":""\u20b915,608.14"",""source"":3,""route"":10,""scraped"":""2026-09-20T04:40:00+00:00"",""currency_seen"":""INR"",""availability"":""9 seats left""}",2026-09-20T04:40:00+00:00
840,10,5,Air India,AI203,2026-09-20T04:15:00+00:00,2026-09-27,08:40:00,7,T+7,economy,flexi,0,9 seats left,13017.53,8922.26,281.67,2203.73,324.17,285.7,INR,observed,synthetic,"{""fare_text"":""\u20b913,017.53"",""source"":5,""route"":10,""scraped"":""2026-09-20T04:15:00+00:00"",""currency_seen"":""INR"",""availability"":""9 seats left""}",2026-09-20T04:15:00+00:00
841,10,6,IndiGo,6E203,2026-09-20T03:00:00+00:00,2026-09-27,14:05:00,7,T+7,economy,saver,0,2 seats left,8751.78,6073.77,859.75,1439.56,273.75,104.95,INR,observed,synthetic,"{""fare_text"":""\u20b98,751.78"",""source"":6,""route"":10,""scraped"":""2026-09-20T03:00:00+00:00"",""currency_seen"":""INR"",""availability"":""2 seats left""}",2026-09-20T03:00:00+00:00
842,10,1,IndiGo,6E315,2026-09-12T05:45:00+00:00,2026-09-27,08:40:00,15,T+15,economy,saver,0,9 seats left,13449.49,9958.03,809.54,2259.35,422.57,,INR,observed,synthetic,"{""fare_text"":""\u20b913,449.49"",""source"":1,""route"":10,""scraped"":""2026-09-12T05:45:00+00:00"",""currency_seen"":""INR"",""availability"":""9 seats left""}",2026-09-12T05:45:00+00:00
843,10,3,Akasa Air,QP202,2026-09-12T03:00:00+00:00,2026-09-27,06:15:00,15,T+15,economy,flexi,0,5 seats left,11806.53,8917.0,504.89,1991.5,393.14,,INR,observed,synthetic,"{""fare_text"":""\u20b911,806.53"",""source"":3,""route"":10,""scraped"":""2026-09-12T03:00:00+00:00"",""currency_seen"":""INR"",""availability"":""5 seats left""}",2026-09-12T03:00:00+00:00
844,10,4,IndiGo,6E203,2026-09-12T05:50:00+00:00,2026-09-27,11:20:00,15,T+15,economy,refundable,0,Available,9513.26,6962.35,,1643.24,219.68,180.19,INR,observed,synthetic,"{""fare_text"":""\u20b99,513.26"",""source"":4,""route"":10,""scraped"":""2026-09-12T05:50:00+00:00"",""currency_seen"":""INR"",""availability"":""Available""}",2026-09-12T05:50:00+00:00
845,10,1,IndiGo,6E101,2026-08-28T04:45:00+00:00,2026-09-27,06:15:00,30,T+30,Economy,,0,,8105.18,5963.7,891.83,1072.27,177.38,,INR,observed,synthetic,"{""fare_text"":""\u20b98,105.18"",""source"":1,""route"":10,""scraped"":""2026-08-28T04:45:00+00:00"",""currency_seen"":""INR"",""availability"":"""",""debug"":""unexpected_field""}",2026-08-28T04:45:00+00:00
846,10,2,Air India,AI203,2026-08-28T14:50:00+00:00,2026-09-27,17:30:00,30,T+30,economy,refundable,0,,7300.59,4964.93,896.82,1152.53,286.31,,INR,observed,synthetic,"{""fare_text"":""\u20b97,300.59"",""source"":2,""route"":10,""scraped"":""2026-08-28T14:50:00+00:00"",""currency_seen"":""INR"",""availability"":""""}",2026-08-28T14:50:00+00:00
847,10,4,IndiGo,6E315,2026-08-28T14:40:00+00:00,2026-09-27,14:05:00,30,T+30,economy,,0,,8299.36,6168.7,427.1,1252.55,190.23,,INR,observed,synthetic,"{""fare_text"":""\u20b98,299.36"",""source"":4,""route"":10,""scraped"":""2026-08-28T14:40:00+00:00"",""currency_seen"":""INR"",""availability"":null}",2026-08-28T14:40:00+00:00
848,10,1,IndiGo,6E101,2026-08-13T07:15:00+00:00,2026-09-27,11:20:00,47,T+45,economy,,0,,7705.65,5711.38,336.83,1394.11,263.33,,INR,observed,synthetic,"{""fare_text"":""\u20b97,705.65"",""source"":1,""route"":10,""scraped"":""2026-08-13T07:15:00+00:00"",""currency_seen"":""INR"",""availability"":""""}",2026-08-13T07:15:00+00:00
849,10,2,Air India,AI315,2026-08-13T03:50:00+00:00,2026-09-27,20:45:00,45,T+45,economy,saver,0,,8628.79,6624.8,463.6,,181.56,,INR,observed,synthetic,"{""fare_text"":""\u20b98,628.79"",""source"":2,""route"":10,""scraped"":""2026-08-13T03:50:00+00:00"",""currency_seen"":""INR"",""availability"":""""}",2026-08-13T03:50:00+00:00
850,10,3,Akasa Air,QP110,2026-08-13T07:00:00+00:00,2026-09-27,17:30:00,45,T+45,economy,saver,0,two seats,7143.38,4934.83,769.5,,258.77,,INR,observed,synthetic,"{""fare_text"":""\u20b97,143.38"",""source"":3,""route"":10,""scraped"":""2026-08-13T07:00:00+00:00"",""currency_seen"":""INR"",""availability"":""two seats"",""price_raw"":""N/A""}",2026-08-13T07:00:00+00:00
851,10,5,Air India,AI203,2026-08-13T04:45:00+00:00,2026-09-27,20:45:00,45,T+45,economy,,0,9 seats left,13464.18,10209.9,,1639.64,,,INR,observed,synthetic,"{""fare_text"":""\u20b913,464.18"",""source"":5,""route"":10,""scraped"":""2026-08-13T04:45:00+00:00"",""currency_seen"":""INR"",""availability"":""9 seats left""}",2026-08-13T04:45:00+00:00
852,10,1,IndiGo,6E101,2026-10-03T02:35:00+00:00,2026-10-04,14:05:00,1,T+1,economy,flexi,0,,15390.29,12217.18,599.38,2016.4,557.33,,INR,sold_out,synthetic,"{""fare_text"":""\u20b915,390.29"",""source"":1,""route"":10,""scraped"":""2026-10-03T02:35:00+00:00"",""currency_seen"":""INR"",""availability"":""""}",2026-10-03T02:35:00+00:00
853,10,4,IndiGo,6E315,2026-10-03T07:00:00+00:00,2026-10-04,11:20:00,1,T+1,economy,saver,3,,10608.78,7821.94,512.61,1883.32,215.62,,INR,sold_out,synthetic,"{""fare_text"":""\u20b910,608.78"",""source"":4,""route"":10,""scraped"":""2026-10-03T07:00:00+00:00"",""currency_seen"":""INR"",""availability"":""""}",2026-10-03T07:00:00+00:00
854,10,5,Air India,AI203,2026-10-03T08:40:00+00:00,2026-10-04,20:45:00,1,T+1,economy,saver,0,3 seats left,9790.23,7247.47,678.72,1297.5,283.68,,INR,observed,synthetic,"{""fare_text"":""\u20b99,790.23"",""source"":5,""route"":10,""scraped"":""2026-10-03T08:40:00+00:00"",""currency_seen"":""INR"",""availability"":""3 seats left""}",2026-10-03T08:40:00+00:00
855,10,6,IndiGo,6E203,2026-10-03T14:30:00+00:00,2026-10-04,14:05:00,1,T+1,economy,saver,0,,12566.51,9723.84,266.45,2054.65,427.99,93.58,INR,observed,synthetic,"{""fare_text"":""\u20b912,566.51"",""source"":6,""route"":10,""scraped"":""2026-10-03T14:30:00+00:00"",""currency_seen"":""INR"",""availability"":null}",2026-10-03T14:30:00+00:00
856,10,1,IndiGo,6E101,2026-09-27T15:15:00+00:00,2026-10-04,20:45:00,7,T+7,economy,refundable,0,Available,11421.31,8470.94,619.99,2095.69,,,INR,observed,synthetic,"{""fare_text"":""\u20b911,421.31"",""source"":1,""route"":10,""scraped"":""2026-09-27T15:15:00+00:00"",""currency_seen"":""INR"",""availability"":""Available""}",2026-09-27T15:15:00+00:00
857,10,2,Air India,AI101,2026-09-27T13:00:00+00:00,2026-10-04,06:15:00,7,T+7,economy,refundable,0,3 seats left,10494.75,8448.3,284.11,1363.08,399.26,,INR,scrape_failed,synthetic,"{""fare_text"":""\u20b910,494.75"",""source"":2,""route"":10,""scraped"":""2026-09-27T13:00:00+00:00"",""currency_seen"":""INR"",""availability"":""3 seats left""}",2026-09-27T13:00:00+00:00
858,10,3,Akasa Air,QP318,2026-09-27T08:50:00+00:00,2026-10-04,08:40:00,7,T+7,economy,refundable,0,two seats,15366.63,12159.6,722.5,2115.59,368.94,,INR,observed,synthetic,"{""fare_text"":""\u20b915,366.63"",""source"":3,""route"":10,""scraped"":""2026-09-27T08:50:00+00:00"",""currency_seen"":""INR"",""availability"":""two seats""}",2026-09-27T08:50:00+00:00
859,10,4,IndiGo,6E101,2026-09-27T04:45:00+00:00,2026-10-04,14:05:00,7,T+7,economy,refundable,0,5 seats left,16690.39,13210.2,604.85,2250.62,381.1,243.62,INR,observed,synthetic,"{""fare_text"":""\u20b916,690.39"",""source"":4,""route"":10,""scraped"":""2026-09-27T04:45:00+00:00"",""currency_seen"":""INR"",""availability"":""5 seats left""}",2026-09-27T04:45:00+00:00
860,10,5,air india,AI203,2026-09-27T03:45:00+00:00,2026-10-04,08:40:00,7,T+7,economy,,0,2 seats left,11603.14,8598.29,301.95,2012.23,476.91,,INR,observed,synthetic,"{""fare_text"":""\u20b911,603.14"",""source"":5,""route"":10,""scraped"":""2026-09-27T03:45:00+00:00"",""currency_seen"":""INR"",""availability"":""2 seats left""}",2026-09-27T03:45:00+00:00
861,10,6,IndiGo,6E315,2026-09-27T03:15:00+00:00,2026-10-04,08:40:00,7,T+7,economy,saver,0,,14599.59,10819.38,,2500.41,416.17,,INR ,observed,synthetic,"{""fare_text"":""\u20b914,599.59"",""source"":6,""route"":10,""scraped"":""2026-09-27T03:15:00+00:00"",""currency_seen"":""INR "",""availability"":""""}",2026-09-27T03:15:00+00:00
862,10,2,Air India,AI315,2026-09-19T14:35:00+00:00,2026-10-04,06:15:00,15,T+15,economy,flexi,1,9 seats left,12352.69,9464.54,821.63,1609.5,457.02,,INR,observed,synthetic,"{""fare_text"":""\u20b912,352.69"",""source"":2,""route"":10,""scraped"":""2026-09-19T14:35:00+00:00"",""currency_seen"":""INR"",""availability"":""9 seats left"",""price_raw"":""N/A""}",2026-09-19T14:35:00+00:00
863,10,4,IndiGo,6E315,2026-09-19T06:30:00+00:00,2026-10-04,08:40:00,15,T+15,economy,,1,,11182.72,8039.54,,1778.72,,159.26,INR,observed,synthetic,"{""fare_text"":""\u20b911,182.72"",""source"":4,""route"":10,""scraped"":""2026-09-19T06:30:00+00:00"",""currency_seen"":""INR"",""availability"":""""}",2026-09-19T06:30:00+00:00
864,10,5,Air India,AI203,2026-09-19T14:30:00+00:00,2026-10-04,06:15:00,15,T+15,economy,,0,,10636.95,7624.28,692.65,1709.03,442.5,168.49,INR,observed,synthetic,"{""fare_text"":""\u20b910,636.95"",""source"":5,""route"":10,""scraped"":""2026-09-19T14:30:00+00:00"",""currency_seen"":""INR"",""availability"":""""}",2026-09-19T14:30:00+00:00
865,10,6,IndiGo,6E101,2026-09-19T07:15:00+00:00,2026-10-04,14:05:00,15,T+15,economy,,0,,11155.67,8100.49,874.16,1868.87,275.1,287.05,INR,observed,synthetic,"{""fare_text"":""\u20b911,155.67"",""source"":6,""route"":10,""scraped"":""2026-09-19T07:15:00+00:00"",""currency_seen"":""INR"",""availability"":null,""debug"":""unexpected_field""}",2026-09-19T07:15:00+00:00
866,10,2,Air India,AI101,2026-09-04T06:30:00+00:00,2026-10-04,20:45:00,30,T+30,economy,,0,3 seats left,9362.86,6897.91,744.79,1399.63,320.53,,INR,observed,synthetic,"{""fare_text"":""\u20b99,362.86"",""source"":2,""route"":10,""scraped"":""2026-09-04T06:30:00+00:00"",""currency_seen"":""INR"",""availability"":""3 seats left""}",2026-09-04T06:30:00+00:00
867,10,3,Akasa Air,QP318,2026-09-04T02:50:00+00:00,2026-10-04,06:15:00,30,T+30,economy,,0,3 seats left,8680.08,6429.55,768.5,1266.65,215.38,,INR,observed,synthetic,"{""fare_text"":""\u20b98,680.08"",""source"":3,""route"":10,""scraped"":""2026-09-04T02:50:00+00:00"",""currency_seen"":""INR"",""availability"":""3 seats left"",""debug"":""unexpected_field""}",2026-09-04T02:50:00+00:00
868,10,6,IndiGo,6E101,2026-09-04T04:15:00+00:00,2026-10-04,11:20:00,30,T+30,economy,saver,1,2 seats left,7068.79,5541.22,654.69,,,,INR,observed,synthetic,"{""fare_text"":""\u20b97,068.79"",""source"":6,""route"":10,""scraped"":""2026-09-04T04:15:00+00:00"",""currency_seen"":""INR"",""availability"":""2 seats left""}",2026-09-04T04:15:00+00:00
869,10,1,IndiGo,6E203,2026-08-20T03:45:00+00:00,2026-10-04,11:20:00,45,T+45,economy,,1,Available,9760.15,7244.78,740.09,1391.59,383.69,,INR,observed,synthetic,"{""fare_text"":""\u20b99,760.15"",""source"":1,""route"":10,""scraped"":""2026-08-20T03:45:00+00:00"",""currency_seen"":""INR"",""availability"":""Available""}",2026-08-20T03:45:00+00:00
870,10,2,Air India,AI315,2026-08-20T07:15:00+00:00,2026-10-04,20:45:00,45,T+45,economy,saver,0,,6556.2,5046.62,315.26,1033.98,160.34,,INR,observed,synthetic,"{""fare_text"":""\u20b96,556.20"",""source"":2,""route"":10,""scraped"":""2026-08-20T07:15:00+00:00"",""currency_seen"":""INR"",""availability"":null}",2026-08-20T07:15:00+00:00
871,10,5,Air India,AI203,2026-08-20T05:30:00+00:00,2026-10-04,11:20:00,45,T+45,economy,,0,,12909.9,9952.94,504.41,1877.0,349.83,225.72,INR,parse_error,synthetic,"{""fare_text"":""\u20b912,909.90"",""source"":5,""route"":10,""scraped"":""2026-08-20T05:30:00+00:00"",""currency_seen"":""INR"",""availability"":null}",2026-08-20T05:30:00+00:00
872,10,6,IndiGo,,2026-08-20T05:15:00+00:00,2026-10-04,08:40:00,45,T+45,economy,saver,0,,12914.84,9827.45,291.53,,282.43,247.0,INR,observed,synthetic,"{""fare_text"":""\u20b912,914.84"",""source"":6,""route"":10,""scraped"":""2026-08-20T05:15:00+00:00"",""currency_seen"":""INR"",""availability"":null}",2026-08-20T05:15:00+00:00
873,11,1,IndiGo,6E203,2026-09-19T14:45:00+00:00,2026-09-20,11:20:00,1,T+1,economy,,0,2 seats left,,9280.7,345.2,1979.76,301.99,,INR,sold_out,synthetic,"{""fare_text"":null,""source"":1,""route"":11,""scraped"":""2026-09-19T14:45:00+00:00"",""currency_seen"":""INR"",""availability"":""2 seats left""}",2026-09-19T14:45:00+00:00
874,11,2,Air India,AI101,2026-09-19T03:15:00+00:00,2026-09-20,20:45:00,1,T+1,Economy,flexi,0,3 seats left,9384.5,7127.66,,1400.11,408.86,,INR,observed,synthetic,"{""fare_text"":""\u20b99,384.50"",""source"":2,""route"":11,""scraped"":""2026-09-19T03:15:00+00:00"",""currency_seen"":""INR"",""availability"":""3 seats left""}",2026-09-19T03:15:00+00:00
875,11,3,Akasa Air,QP318,2026-09-19T06:50:00+00:00,2026-09-20,11:20:00,1,T+1,economy,,0,2 seats left,14344.08,11094.72,729.19,2192.21,327.96,,INR,observed,synthetic,"{""fare_text"":""\u20b914,344.08"",""source"":3,""route"":11,""scraped"":""2026-09-19T06:50:00+00:00"",""currency_seen"":""INR"",""availability"":""2 seats left""}",2026-09-19T06:50:00+00:00
876,11,4,IndiGo ,6E101,2026-09-19T05:50:00+00:00,2026-09-20,25:71:00,1,T+1,economy,,0,5 seats left,10251.96,7875.99,509.29,1468.78,249.21,,INR,observed,synthetic,"{""fare_text"":""\u20b910,251.96"",""source"":4,""route"":11,""scraped"":""2026-09-19T05:50:00+00:00"",""currency_seen"":""INR"",""availability"":""5 seats left""}",2026-09-19T05:50:00+00:00
877,11,6,IndiGo,6E101,2026-09-19T05:45:00+00:00,2026-09-20,11:20:00,1,T+1,economy,refundable,0,9 seats left,9870.35,7698.2,338.77,1402.72,302.88,127.78,INR,observed,synthetic,"{""fare_text"":""\u20b99,870.35"",""source"":6,""route"":11,""scraped"":""2026-09-19T05:45:00+00:00"",""currency_seen"":""INR"",""availability"":""9 seats left""}",2026-09-19T05:45:00+00:00
878,11,1,IndiGo,6E101,2026-09-13T02:50:00+00:00,2026-09-20,14:05:00,7,T+7,economy,saver,0,Available,12019.39,9596.0,407.88,1650.48,365.03,,INR,observed,synthetic,"{""fare_text"":""\u20b912,019.39"",""source"":1,""route"":11,""scraped"":""2026-09-13T02:50:00+00:00"",""currency_seen"":""INR"",""availability"":""Available""}",2026-09-13T02:50:00+00:00
879,11,2,Air India,AI203,2026-09-13T13:15:00+00:00,2026-09-20,14:05:00,7,T+7,economy,,0,,12379.54,8779.5,788.0,2169.63,317.41,,INR,observed,synthetic,"{""fare_text"":""\u20b912,379.54"",""source"":2,""route"":11,""scraped"":""2026-09-13T13:15:00+00:00"",""currency_seen"":""INR"",""availability"":""""}",2026-09-13T13:15:00+00:00
880,11,3,Akasa Air,QP202,2026-09-13T05:50:00+00:00,2026-09-20,20:45:00,7,T+7,economy,saver,0,2 seats left,7286.78,5259.44,510.89,1308.67,207.78,,INR,observed,synthetic,"{""fare_text"":""\u20b97,286.78"",""source"":3,""route"":11,""scraped"":""2026-09-13T05:50:00+00:00"",""currency_seen"":""INR"",""availability"":""2 seats left"",""price_raw"":""N/A""}",2026-09-13T05:50:00+00:00
881,11,4,IndiGo,6E315,2026-09-13T13:15:00+00:00,2026-09-20,14:05:00,7,T+7,economy,refundable,0,9 seats left,,8081.34,,1333.24,261.56,289.16,INR,observed,synthetic,"{""fare_text"":null,""source"":4,""route"":11,""scraped"":""2026-09-13T13:15:00+00:00"",""currency_seen"":""INR"",""availability"":""9 seats left""}",2026-09-13T13:15:00+00:00
882,11,5,Air India,,2026-09-13T14:30:00+00:00,2026-09-20,08:40:00,7,T+7,economy,flexi,0,,9158.95,5923.41,457.84,1421.92,245.59,110.19,INR,observed,synthetic,"{""fare_text"":""\u20b99,158.95"",""source"":5,""route"":11,""scraped"":""2026-09-13T14:30:00+00:00"",""currency_seen"":""INR"",""availability"":null}",2026-09-13T14:30:00+00:00
883,11,6,IndiGo,6E203,2026-09-13T04:45:00+00:00,2026-09-20,08:40:00,7,T+7,economy,refundable,0,,7692.21,5405.36,432.56,1253.54,,344.78,INR,observed,synthetic,"{""fare_text"":""\u20b97,692.21"",""source"":6,""route"":11,""scraped"":""2026-09-13T04:45:00+00:00"",""currency_seen"":""INR"",""availability"":""""}",2026-09-13T04:45:00+00:00
884,11,1,IndiGo,6E315,2026-09-05T04:35:00+00:00,2026-09-20,17:30:00,15,T+90,economy,refundable,0,Available,10722.64,8130.11,,1520.81,235.7,,INR,sold_out,synthetic,"{""fare_text"":""\u20b910,722.64"",""source"":1,""route"":11,""scraped"":""2026-09-05T04:35:00+00:00"",""currency_seen"":""INR"",""availability"":""Available""}",2026-09-05T04:35:00+00:00
885,11,2,Air India,AI315,2026-09-05T15:00:00+00:00,2026-09-20,20:45:00,15,T+15,economy,,0,Available,6438.7,4728.4,408.06,1106.94,195.3,,INR,sold_out,synthetic,"{""fare_text"":""\u20b96,438.70"",""source"":2,""route"":11,""scraped"":""2026-09-05T15:00:00+00:00"",""currency_seen"":""INR"",""availability"":""Available"",""debug"":""unexpected_field""}",2026-09-05T15:00:00+00:00
886,11,3,Akasa Air,QP318,2026-09-05T06:50:00+00:00,2026-09-20,06:15:00,15,T+15,economy,refundable,0,,9924.9,7509.3,852.38,1260.84,302.38,,INR,observed,synthetic,"{""fare_text"":""\u20b99,924.90"",""source"":3,""route"":11,""scraped"":""2026-09-05T06:50:00+00:00"",""currency_seen"":""INR"",""availability"":""""}",2026-09-05T06:50:00+00:00
887,11,4,IndiGo,6E101,2026-09-05T10:40:00+00:00,2026-09-20,11:20:00,15,T+15,economy,refundable,0,3 seats left,45768.13,7254.46,801.35,1351.72,377.46,,INR,scrape_failed,synthetic,"{""fare_text"":""\u20b945,768.13"",""source"":4,""route"":11,""scraped"":""2026-09-05T10:40:00+00:00"",""currency_seen"":""INR"",""availability"":""3 seats left""}",2026-09-05T10:40:00+00:00
888,11,5,Air India,AI203,2026-09-05T06:30:00+00:00,2026-09-20,14:05:00,15,T+15,economy,saver,0,3 seats left,7928.67,6111.07,287.85,1153.75,268.73,107.27,INR,scrape_failed,synthetic,"{""fare_text"":""\u20b97,928.67"",""source"":5,""route"":11,""scraped"":""2026-09-05T06:30:00+00:00"",""currency_seen"":""INR"",""availability"":""3 seats left""}",2026-09-05T06:30:00+00:00
889,11,6,IndiGo,6E315,2026-09-05T02:40:00+00:00,2026-09-20,08:40:00,15,T+15,economy,,0,,7498.3,5291.45,741.98,951.66,294.52,,INR,observed,synthetic,"{""fare_text"":""\u20b97,498.30"",""source"":6,""route"":11,""scraped"":""2026-09-05T02:40:00+00:00"",""currency_seen"":""INR"",""availability"":null}",2026-09-05T02:40:00+00:00
890,11,2,Air India,,2026-08-21T08:45:00+00:00,2026-09-20,17:30:00,30,T+30,economy,,0,9 seats left,8818.62,6452.49,611.11,,284.4,,INR,observed,synthetic,"{""fare_text"":""\u20b98,818.62"",""source"":2,""route"":11,""scraped"":""2026-08-21T08:45:00+00:00"",""currency_seen"":""INR"",""availability"":""9 seats left""}",2026-08-21T08:45:00+00:00
891,11,3,Akasa Air,QP202,2026-08-21T07:15:00+00:00,2026-09-20,17:30:00,30,T+30,economy,,0,,6651.85,4915.66,,1094.76,165.29,,INR,sold_out,synthetic,"{""fare_text"":""\u20b96,651.85"",""source"":3,""route"":11,""scraped"":""2026-08-21T07:15:00+00:00"",""currency_seen"":""INR"",""availability"":null}",2026-08-21T07:15:00+00:00
892,11,5,Air India,AI315,2026-08-21T06:15:00+00:00,2026-09-20,17:30:00,30,T+30,economy,,0,,35271.63,6334.06,,,,303.83,INR,scrape_failed,synthetic,"{""fare_text"":""\u20b935,271.63"",""source"":5,""route"":11,""scraped"":""2026-08-21T06:15:00+00:00"",""currency_seen"":""INR"",""availability"":""""}",2026-08-21T06:15:00+00:00
893,11,6,IndiGo,6E203,2026-08-21T10:45:00+00:00,2026-09-20,17:30:00,30,T+30,economy,,1,9 seats left,6934.09,5007.18,405.78,956.08,223.31,341.74,INR,observed,synthetic,"{""fare_text"":""\u20b96,934.09"",""source"":6,""route"":11,""scraped"":""2026-08-21T10:45:00+00:00"",""currency_seen"":""INR"",""availability"":""9 seats left""}",2026-08-21T10:45:00+00:00
894,11,1,IndiGo,6E315,2026-08-06T05:15:00+00:00,2026-09-20,11:20:00,45,T+45,economy,refundable,0,,8220.78,6034.99,,1267.73,,,INR ,observed,synthetic,"{""fare_text"":""\u20b98,220.78"",""source"":1,""route"":11,""scraped"":""2026-08-06T05:15:00+00:00"",""currency_seen"":""INR "",""availability"":null}",2026-08-06T05:15:00+00:00
895,11,3,Akasa Air,QP110,2026-08-06T10:45:00+00:00,2026-09-20,17:30:00,45,T+45,economy,,0,5 seats left,5974.58,4747.95,283.66,767.65,175.32,,INR,observed,synthetic,"{""fare_text"":""\u20b95,974.58"",""source"":3,""route"":11,""scraped"":""2026-08-06T10:45:00+00:00"",""currency_seen"":""INR"",""availability"":""5 seats left""}",2026-08-06T10:45:00+00:00
896,11,5,Air India,AI315,2026-08-06T05:00:00+00:00,2026-09-20,06:15:00,45,T+45,economy,,0,9 seats left,7162.19,5030.56,523.54,1120.57,156.08,,INR,observed,synthetic,"{""fare_text"":""\u20b97,162.19"",""source"":5,""route"":11,""scraped"":""2026-08-06T05:00:00+00:00"",""currency_seen"":""INR"",""availability"":""9 seats left""}",2026-08-06T05:00:00+00:00
897,11,6,IndiGo,6E101,2026-08-06T05:50:00+00:00,2026-09-20,14:05:00,45,T+45,economy,flexi,0,9 seats left,7482.25,5601.47,558.52,1017.9,195.83,108.53,INR,observed,synthetic,"{""fare_text"":""\u20b97,482.25"",""source"":6,""route"":11,""scraped"":""2026-08-06T05:50:00+00:00"",""currency_seen"":""INR"",""availability"":""9 seats left""}",2026-08-06T05:50:00+00:00
898,11,2,Air India,AI315,2026-09-22T04:35:00+00:00,2026-09-23,20:45:00,1,T+1,economy,saver,0,3 seats left,8130.07,6154.37,368.15,1128.2,304.35,,INR,observed,synthetic,"{""fare_text"":""\u20b98,130.07"",""source"":2,""route"":11,""scraped"":""2026-09-22T04:35:00+00:00"",""currency_seen"":""INR"",""availability"":""3 seats left""}",2026-09-22T04:35:00+00:00
899,11,3,Akasa Air,QP110,2026-09-22T05:40:00+00:00,2026-09-23,20:45:00,1,T+1,economy,,0,,10257.51,7674.58,856.77,1451.19,274.97,,INR,parse_error,synthetic,"{""fare_text"":""\u20b910,257.51"",""source"":3,""route"":11,""scraped"":""2026-09-22T05:40:00+00:00"",""currency_seen"":""INR"",""availability"":""""}",2026-09-22T05:40:00+00:00
900,11,4,IndiGo ,6E101,2026-09-22T02:40:00+00:00,2026-09-23,20:45:00,1,T+1,economy,,0,5 seats left,,9381.74,875.17,2297.27,319.8,161.54,INR,observed,synthetic,"{""fare_text"":null,""source"":4,""route"":11,""scraped"":""2026-09-22T02:40:00+00:00"",""currency_seen"":""INR"",""availability"":""5 seats left"",""price_raw"":""N/A""}",2026-09-22T02:40:00+00:00
901,11,5,air india,AI203,2026-09-22T06:35:00+00:00,2026-09-23,06:15:00,1,T+1,economy,saver,0,,14022.69,10409.76,774.16,2207.79,408.79,222.19,INR,observed,synthetic,"{""fare_text"":""\u20b914,022.69"",""source"":5,""route"":11,""scraped"":""2026-09-22T06:35:00+00:00"",""currency_seen"":""INR"",""availability"":"""",""debug"":""unexpected_field""}",2026-09-22T06:35:00+00:00
902,11,6,IndiGo,6E315,2026-09-22T03:15:00+00:00,2026-09-23,11:20:00,1,T+1,economy,flexi,0,5 seats left,,9500.92,555.72,2028.34,277.0,263.1,INR,observed,synthetic,"{""fare_text"":null,""source"":6,""route"":11,""scraped"":""2026-09-22T03:15:00+00:00"",""currency_seen"":""INR"",""availability"":""5 seats left""}",2026-09-22T03:15:00+00:00
903,11,1,IndiGo,6E315,2026-09-16T06:45:00+00:00,2026-09-23,14:05:00,7,T+7,economy,saver,0,9 seats left,3740.44,7378.05,261.25,1655.03,,,INR,observed,synthetic,"{""fare_text"":""\u20b93,740.44"",""source"":1,""route"":11,""scraped"":""2026-09-16T06:45:00+00:00"",""currency_seen"":""INR"",""availability"":""9 seats left""}",2026-09-16T06:45:00+00:00
904,11,2,Air India,AI315,2026-09-16T07:15:00+00:00,2026-09-23,11:20:00,7,T+7,economy,,0,,9446.66,7018.7,596.98,1536.57,294.41,,INR,observed,synthetic,"{""fare_text"":""\u20b99,446.66"",""source"":2,""route"":11,""scraped"":""2026-09-16T07:15:00+00:00"",""currency_seen"":""INR"",""availability"":null}",2026-09-16T07:15:00+00:00
905,11,3,Akasa Air,QP202,2026-09-16T13:00:00+00:00,2026-09-23,08:40:00,7,T+7,economy,,0,,10906.83,8315.67,323.42,,379.54,,INR,observed,synthetic,"{""fare_text"":""\u20b910,906.83"",""source"":3,""route"":11,""scraped"":""2026-09-16T13:00:00+00:00"",""currency_seen"":""INR"",""availability"":""""}",2026-09-16T13:00:00+00:00
906,11,4,IndiGo,6E203,2026-09-16T11:15:00+00:00,2026-09-23,06:15:00,7,T+7,economy,refundable,0,2 seats left,38354.52,4816.85,380.79,1020.36,242.61,190.26,INR,scrape_failed,synthetic,"{""fare_text"":""\u20b938,354.52"",""source"":4,""route"":11,""scraped"":""2026-09-16T11:15:00+00:00"",""currency_seen"":""INR"",""availability"":""2 seats left""}",2026-09-16T11:15:00+00:00
907,11,6,IndiGo,6E315,2026-09-16T05:15:00+00:00,2026-09-23,11:20:00,7,T+7,economy,saver,0,,9935.63,7804.52,,1310.91,337.95,297.58,INR,sold_out,synthetic,"{""fare_text"":""\u20b99,935.63"",""source"":6,""route"":11,""scraped"":""2026-09-16T05:15:00+00:00"",""currency_seen"":""INR"",""availability"":null,""price_raw"":""N/A""}",2026-09-16T05:15:00+00:00
908,11,3,Akasa Air,QP202,2026-09-08T02:30:00+00:00,2026-09-23,11:20:00,15,T+15,economy,flexi,0,,9785.45,7396.49,303.65,1832.81,252.5,,₹,observed,synthetic,"{""fare_text"":""\u20b99,785.45"",""source"":3,""route"":11,""scraped"":""2026-09-08T02:30:00+00:00"",""currency_seen"":""\u20b9"",""availability"":""""}",2026-09-08T02:30:00+00:00
909,11,5,Air India,AI203,2026-09-08T08:50:00+00:00,2026-09-23,14:05:00,15,T+15,economy,flexi,0,,,6586.02,455.09,1243.67,386.1,241.9,₹,observed,synthetic,"{""fare_text"":null,""source"":5,""route"":11,""scraped"":""2026-09-08T08:50:00+00:00"",""currency_seen"":""\u20b9"",""availability"":null}",2026-09-08T08:50:00+00:00
910,11,1,IndiGo,6E315,2026-08-24T11:00:00+00:00,2026-09-23,06:15:00,30,T+30,economy,saver,0,Available,7484.63,5334.22,521.64,1325.71,303.06,,INR,observed,synthetic,"{""fare_text"":""\u20b97,484.63"",""source"":1,""route"":11,""scraped"":""2026-08-24T11:00:00+00:00"",""currency_seen"":""INR"",""availability"":""Available"",""debug"":""unexpected_field""}",2026-08-24T11:00:00+00:00
911,11,2,Air India,AI203,2026-08-24T13:00:00+00:00,2026-09-23,20:45:00,30,T+30,economy,refundable,0,2 seats left,7580.74,5529.82,715.94,1095.76,239.22,,INR,observed,synthetic,"{""fare_text"":""\u20b97,580.74"",""source"":2,""route"":11,""scraped"":""2026-08-24T13:00:00+00:00"",""currency_seen"":""INR"",""availability"":""2 seats left""}",2026-08-24T13:00:00+00:00
912,11,3,Akasa Air,QP202,2026-08-24T13:00:00+00:00,2026-09-23,11:20:00,30,T+30,economy,flexi,0,,8636.7,6515.63,555.2,1337.71,228.16,,INR,observed,synthetic,"{""fare_text"":""\u20b98,636.70"",""source"":3,""route"":11,""scraped"":""2026-08-24T13:00:00+00:00"",""currency_seen"":""INR"",""availability"":""""}",2026-08-24T13:00:00+00:00
913,11,4,IndiGo,6E203,2026-08-24T08:45:00+00:00,2026-09-23,25:71:00,30,T+90,economy,refundable,0,Available,5443.97,3932.02,411.21,643.37,165.23,292.14,INR,observed,synthetic,"{""fare_text"":""\u20b95,443.97"",""source"":4,""route"":11,""scraped"":""2026-08-24T08:45:00+00:00"",""currency_seen"":""INR"",""availability"":""Available""}",2026-08-24T08:45:00+00:00
914,11,5,Air India,AI101,2026-08-24T04:50:00+00:00,2026-09-23,08:40:00,30,T+30,economy,,0,,7503.45,5284.8,743.24,1042.52,306.46,126.43,INR,observed,synthetic,"{""fare_text"":""\u20b97,503.45"",""source"":5,""route"":11,""scraped"":""2026-08-24T04:50:00+00:00"",""currency_seen"":""INR"",""availability"":null}",2026-08-24T04:50:00+00:00
915,11,6,IndiGo,6E203,2026-08-24T03:35:00+00:00,2026-09-23,11:20:00,30,T+30,economy,,0,,8003.81,5508.05,788.7,1180.22,215.12,311.72,INR,observed,synthetic,"{""fare_text"":""\u20b98,003.81"",""source"":6,""route"":11,""scraped"":""2026-08-24T03:35:00+00:00"",""currency_seen"":""INR"",""availability"":null}",2026-08-24T03:35:00+00:00
916,11,4,IndiGo,6E101,2026-08-09T02:30:00+00:00,2026-09-23,08:40:00,45,T+45,economy,,0,2 seats left,8118.48,5830.19,572.0,1208.31,258.68,249.3,INR,sold_out,synthetic,"{""fare_text"":""\u20b98,118.48"",""source"":4,""route"":11,""scraped"":""2026-08-09T02:30:00+00:00"",""currency_seen"":""INR"",""availability"":""2 seats left""}",2026-08-09T02:30:00+00:00
917,11,5,Air India,AI203,2026-08-09T04:30:00+00:00,2026-09-23,17:30:00,45,T+45,economy,saver,1,3 seats left,6955.52,5349.76,299.89,918.52,256.44,130.91,INR,observed,synthetic,"{""fare_text"":""\u20b96,955.52"",""source"":5,""route"":11,""scraped"":""2026-08-09T04:30:00+00:00"",""currency_seen"":""INR"",""availability"":""3 seats left""}",2026-08-09T04:30:00+00:00
918,11,2,Air India,AI101,2026-09-26T06:50:00+00:00,2026-09-27,06:15:00,1,T+1,economy,,3,3 seats left,11497.79,8512.69,,,425.0,,INR,observed,synthetic,"{""fare_text"":""\u20b911,497.79"",""source"":2,""route"":11,""scraped"":""2026-09-26T06:50:00+00:00"",""currency_seen"":""INR"",""availability"":""3 seats left""}",2026-09-26T06:50:00+00:00
919,11,3,Akasa Air,QP110,2026-09-26T04:40:00+00:00,2026-09-27,08:40:00,1,T+1,economy,saver,0,,7645.86,5928.05,390.73,1059.61,267.47,,INR,observed,synthetic,"{""fare_text"":""\u20b97,645.86"",""source"":3,""route"":11,""scraped"":""2026-09-26T04:40:00+00:00"",""currency_seen"":""INR"",""availability"":null}",2026-09-26T04:40:00+00:00
920,11,4,IndiGo,6E315,2026-09-26T06:30:00+00:00,2026-09-27,11:20:00,1,T+1,Economy,saver,0,5 seats left,10625.8,7461.59,748.29,1809.68,279.46,,INR,observed,synthetic,"{""fare_text"":""\u20b910,625.80"",""source"":4,""route"":11,""scraped"":""2026-09-26T06:30:00+00:00"",""currency_seen"":""INR"",""availability"":""5 seats left""}",2026-09-26T06:30:00+00:00
921,11,5,Air India,AI203,2026-09-26T08:45:00+00:00,2026-09-27,08:40:00,1,T+1,economy,,0,Available,10620.61,7962.38,385.13,1806.71,248.5,,INR,observed,synthetic,"{""fare_text"":""\u20b910,620.61"",""source"":5,""route"":11,""scraped"":""2026-09-26T08:45:00+00:00"",""currency_seen"":""INR"",""availability"":""Available""}",2026-09-26T08:45:00+00:00
922,11,6,IndiGo,6E203,2026-09-26T05:00:00+00:00,2026-09-27,06:15:00,1,T+1,economy,,0,3 seats left,9245.08,7095.04,549.53,,247.26,,INR,observed,synthetic,"{""fare_text"":""\u20b99,245.08"",""source"":6,""route"":11,""scraped"":""2026-09-26T05:00:00+00:00"",""currency_seen"":""INR"",""availability"":""3 seats left""}",2026-09-26T05:00:00+00:00
923,11,2,Air India,AI101,2026-09-20T03:35:00+00:00,2026-09-27,14:05:00,7,T+7,economy,,0,2 seats left,8026.93,5905.39,686.58,1197.97,236.99,,INR,scrape_failed,synthetic,"{""fare_text"":""\u20b98,026.93"",""source"":2,""route"":11,""scraped"":""2026-09-20T03:35:00+00:00"",""currency_seen"":""INR"",""availability"":""2 seats left""}",2026-09-20T03:35:00+00:00
924,11,3,Akasa Air,,2026-09-20T11:15:00+00:00,2026-09-27,17:30:00,7,T+7,economy,,0,,10068.76,7832.68,379.62,1500.81,,,INR,observed,synthetic,"{""fare_text"":""\u20b910,068.76"",""source"":3,""route"":11,""scraped"":""2026-09-20T11:15:00+00:00"",""currency_seen"":""INR"",""availability"":"""",""debug"":""unexpected_field""}",2026-09-20T11:15:00+00:00
925,11,4,IndiGo,6E101,2026-09-20T10:45:00+00:00,2026-09-27,11:20:00,7,T+7,economy,refundable,0,9 seats left,11434.68,8548.69,715.69,1682.42,249.42,238.46,INR,scrape_failed,synthetic,"{""fare_text"":""\u20b911,434.68"",""source"":4,""route"":11,""scraped"":""2026-09-20T10:45:00+00:00"",""currency_seen"":""INR"",""availability"":""9 seats left""}",2026-09-20T10:45:00+00:00
926,11,6,IndiGo,6E101,2026-09-20T06:30:00+00:00,2026-09-27,08:40:00,7,T+7,economy,saver,0,,8007.41,5678.12,715.2,1129.64,305.91,178.54,INR,observed,synthetic,"{""fare_text"":""\u20b98,007.41"",""source"":6,""route"":11,""scraped"":""2026-09-20T06:30:00+00:00"",""currency_seen"":""INR"",""availability"":null}",2026-09-20T06:30:00+00:00
927,11,4,indigo,6E101,2026-09-12T05:40:00+00:00,2026-09-27,06:15:00,15,T+15,economy,,0,3 seats left,10451.14,8073.5,584.91,1357.44,339.71,95.58,INR,observed,synthetic,"{""fare_text"":""\u20b910,451.14"",""source"":4,""route"":11,""scraped"":""2026-09-12T05:40:00+00:00"",""currency_seen"":""INR"",""availability"":""3 seats left"",""price_raw"":""N/A""}",2026-09-12T05:40:00+00:00
928,11,6,IndiGo,6E203,2026-09-12T10:30:00+00:00,2026-09-27,08:40:00,15,T+15,economy,refundable,0,3 seats left,11368.58,8390.95,743.88,1691.02,391.11,151.62,INR,observed,synthetic,"{""fare_text"":""\u20b911,368.58"",""source"":6,""route"":11,""scraped"":""2026-09-12T10:30:00+00:00"",""currency_seen"":""INR"",""availability"":""3 seats left""}",2026-09-12T10:30:00+00:00
929,11,1,IndiGo,6E315,2026-08-28T02:45:00+00:00,2026-09-27,08:40:00,30,T+30,economy,,0,Available,9277.6,6586.09,472.75,1629.67,264.09,,INR,observed,synthetic,"{""fare_text"":""\u20b99,277.60"",""source"":1,""route"":11,""scraped"":""2026-08-28T02:45:00+00:00"",""currency_seen"":""INR"",""availability"":""Available"",""price_raw"":""N/A""}",2026-08-28T02:45:00+00:00
930,11,2,Air India,AI203,2026-08-28T06:40:00+00:00,2026-09-27,17:30:00,30,T+30,economy,saver,1,2 seats left,6685.89,5093.28,,1042.98,185.54,,INR,observed,synthetic,"{""fare_text"":""\u20b96,685.89"",""source"":2,""route"":11,""scraped"":""2026-08-28T06:40:00+00:00"",""currency_seen"":""INR"",""availability"":""2 seats left""}",2026-08-28T06:40:00+00:00
931,11,4,IndiGo,6E101,2026-08-28T06:45:00+00:00,2026-09-27,20:45:00,30,T+30,economy,refundable,0,5 seats left,1893.03,4848.47,840.09,1003.91,207.21,83.86,INR,observed,synthetic,"{""fare_text"":""\u20b91,893.03"",""source"":4,""route"":11,""scraped"":""2026-08-28T06:45:00+00:00"",""currency_seen"":""INR"",""availability"":""5 seats left""}",2026-08-28T06:45:00+00:00
932,11,5,Air India,AI203,2026-08-28T08:50:00+00:00,2026-09-27,17:30:00,30,T+30,economy,flexi,0,2 seats left,8387.4,5827.29,749.42,1304.66,304.18,201.85,INR,observed,synthetic,"{""fare_text"":""\u20b98,387.40"",""source"":5,""route"":11,""scraped"":""2026-08-28T08:50:00+00:00"",""currency_seen"":""INR"",""availability"":""2 seats left""}",2026-08-28T08:50:00+00:00
933,11,1,IndiGo,6E315,2026-08-13T13:15:00+00:00,2026-09-27,20:45:00,45,T+45,economy,,0,,7978.62,5710.89,605.52,1316.96,,,INR,observed,synthetic,"{""fare_text"":""\u20b97,978.62"",""source"":1,""route"":11,""scraped"":""2026-08-13T13:15:00+00:00"",""currency_seen"":""INR"",""availability"":null}",2026-08-13T13:15:00+00:00
934,11,2,Air India,AI101,2026-08-13T12:30:00+00:00,2026-09-27,08:40:00,45,T+45,economy,refundable,0,,7559.01,5653.46,,1376.54,229.46,,INR,observed,synthetic,"{""fare_text"":""\u20b97,559.01"",""source"":2,""route"":11,""scraped"":""2026-08-13T12:30:00+00:00"",""currency_seen"":""INR"",""availability"":null,""debug"":""unexpected_field""}",2026-08-13T12:30:00+00:00
935,11,4,IndiGo,6E315,2026-08-13T15:00:00+00:00,2026-09-27,08:40:00,45,T+45,economy,Saver,0,2 seats left,5504.54,4141.83,291.92,,149.19,,INR,observed,synthetic,"{""fare_text"":""\u20b95,504.54"",""source"":4,""route"":11,""scraped"":""2026-08-13T15:00:00+00:00"",""currency_seen"":""INR"",""availability"":""2 seats left""}",2026-08-13T15:00:00+00:00
936,11,5,Air India,AI101,2026-08-13T10:35:00+00:00,2026-09-27,14:05:00,45,T+45,economy,,0,,5696.81,4168.74,269.96,986.31,165.73,,INR,observed,synthetic,"{""fare_text"":""\u20b95,696.81"",""source"":5,""route"":11,""scraped"":""2026-08-13T10:35:00+00:00"",""currency_seen"":""INR"",""availability"":""""}",2026-08-13T10:35:00+00:00
937,11,6,IndiGo,6E203,2026-08-13T05:40:00+00:00,2026-09-27,20:45:00,45,T+45,economy,saver,0,3 seats left,7250.76,5452.99,299.13,,276.77,175.85,INR,observed,synthetic,"{""fare_text"":""\u20b97,250.76"",""source"":6,""route"":11,""scraped"":""2026-08-13T05:40:00+00:00"",""currency_seen"":""INR"",""availability"":""3 seats left""}",2026-08-13T05:40:00+00:00
938,11,1,IndiGo,6E101,2026-10-03T05:30:00+00:00,2026-10-04,14:05:00,1,T+1,economy,,0,,12071.44,8810.84,,2165.72,,,INR,observed,synthetic,"{""fare_text"":""\u20b912,071.44"",""source"":1,""route"":11,""scraped"":""2026-10-03T05:30:00+00:00"",""currency_seen"":""INR"",""availability"":"""",""price_raw"":""N/A""}",2026-10-03T05:30:00+00:00
939,11,2,Air India,AI203,2026-10-03T12:50:00+00:00,2026-10-04,14:05:00,1,T+1,economy,flexi,0,,10961.83,8662.77,659.63,1392.92,,,INR,observed,synthetic,"{""fare_text"":""\u20b910,961.83"",""source"":2,""route"":11,""scraped"":""2026-10-03T12:50:00+00:00"",""currency_seen"":""INR"",""availability"":null}",2026-10-03T12:50:00+00:00
940,11,4,IndiGo,6E203,2026-10-03T12:40:00+00:00,2026-10-04,08:40:00,1,T+90,economy,refundable,0,9 seats left,15392.43,11152.92,850.52,2599.72,525.85,263.42,INR,sold_out,synthetic,"{""fare_text"":""\u20b915,392.43"",""source"":4,""route"":11,""scraped"":""2026-10-03T12:40:00+00:00"",""currency_seen"":""INR"",""availability"":""9 seats left""}",2026-10-03T12:40:00+00:00
941,11,6,IndiGo,6E203,2026-10-03T08:30:00+00:00,2026-10-04,20:45:00,1,T+1,economy,flexi,0,,9153.77,6819.87,797.68,1157.46,297.21,81.55,INR ,observed,synthetic,"{""fare_text"":""\u20b99,153.77"",""source"":6,""route"":11,""scraped"":""2026-10-03T08:30:00+00:00"",""currency_seen"":""INR "",""availability"":""""}",2026-10-03T08:30:00+00:00
942,11,4,IndiGo,6E315,2026-09-27T05:40:00+00:00,2026-10-04,17:30:00,7,T+7,economy,saver,0,9 seats left,28314.74,5855.48,782.84,1245.52,210.83,329.73,INR ,observed,synthetic,"{""fare_text"":""\u20b928,314.74"",""source"":4,""route"":11,""scraped"":""2026-09-27T05:40:00+00:00"",""currency_seen"":""INR "",""availability"":""9 seats left""}",2026-09-27T05:40:00+00:00
943,11,5,Air India,AI101,2026-09-27T08:45:00+00:00,2026-10-04,17:30:00,7,T+7,economy,,0,2 seats left,7736.03,6051.48,321.21,981.77,194.0,187.57,INR,observed,synthetic,"{""fare_text"":""\u20b97,736.03"",""source"":5,""route"":11,""scraped"":""2026-09-27T08:45:00+00:00"",""currency_seen"":""INR"",""availability"":""2 seats left""}",2026-09-27T08:45:00+00:00
944,11,1,IndiGo,6E101,2026-09-19T11:00:00+00:00,2026-10-04,08:40:00,15,T+15,economy,saver,1,5 seats left,12831.14,10029.11,733.76,1607.2,461.07,,INR,observed,synthetic,"{""fare_text"":""\u20b912,831.14"",""source"":1,""route"":11,""scraped"":""2026-09-19T11:00:00+00:00"",""currency_seen"":""INR"",""availability"":""5 seats left""}",2026-09-19T11:00:00+00:00
945,11,2,Air India,AI315,2026-09-19T04:15:00+00:00,2026-10-04,14:05:00,15,T+15,economy,,0,5 seats left,2818.77,6782.19,255.17,,323.56,,INR,observed,synthetic,"{""fare_text"":""\u20b92,818.77"",""source"":2,""route"":11,""scraped"":""2026-09-19T04:15:00+00:00"",""currency_seen"":""INR"",""availability"":""5 seats left""}",2026-09-19T04:15:00+00:00
946,11,3,Akasa Air,QP318,2026-09-19T13:00:00+00:00,2026-10-04,11:20:00,15,T+15,economy,,1,two seats,9336.74,6822.57,762.25,1539.75,212.17,,INR,observed,synthetic,"{""fare_text"":""\u20b99,336.74"",""source"":3,""route"":11,""scraped"":""2026-09-19T13:00:00+00:00"",""currency_seen"":""INR"",""availability"":""two seats"",""debug"":""unexpected_field""}",2026-09-19T13:00:00+00:00
947,11,4,IndiGo,6E101,2026-09-19T14:40:00+00:00,2026-10-04,17:30:00,15,T+15,economy,flexi,1,,6673.7,4761.83,255.84,1080.59,271.68,,INR,observed,synthetic,"{""fare_text"":""\u20b96,673.70"",""source"":4,""route"":11,""scraped"":""2026-09-19T14:40:00+00:00"",""currency_seen"":""INR"",""availability"":null}",2026-09-19T14:40:00+00:00
948,11,1,IndiGo,6E101,2026-09-04T05:15:00+00:00,2026-10-04,06:15:00,30,T+30,economy,,0,,8273.28,5931.15,897.59,1232.98,211.56,,INR,sold_out,synthetic,"{""fare_text"":""\u20b98,273.28"",""source"":1,""route"":11,""scraped"":""2026-09-04T05:15:00+00:00"",""currency_seen"":""INR"",""availability"":null}",2026-09-04T05:15:00+00:00
949,11,2,Air India,AI101,2026-09-04T06:45:00+00:00,2026-10-04,11:20:00,30,T+30,economy,,0,9 seats left,5546.89,3926.6,701.15,,223.88,,INR,observed,synthetic,"{""fare_text"":""\u20b95,546.89"",""source"":2,""route"":11,""scraped"":""2026-09-04T06:45:00+00:00"",""currency_seen"":""INR"",""availability"":""9 seats left""}",2026-09-04T06:45:00+00:00
950,11,4,IndiGo,6E101,2026-09-04T02:30:00+00:00,2026-10-04,17:30:00,30,T+30,economy,refundable,1,9 seats left,8584.59,6042.1,719.53,1253.19,,304.35,INR,observed,synthetic,"{""fare_text"":""\u20b98,584.59"",""source"":4,""route"":11,""scraped"":""2026-09-04T02:30:00+00:00"",""currency_seen"":""INR"",""availability"":""9 seats left""}",2026-09-04T02:30:00+00:00
951,11,6,IndiGo,6E315,2026-09-04T05:30:00+00:00,2026-10-04,14:05:00,30,T+30,economy,saver,0,,6388.31,4169.99,,976.98,255.32,103.6,INR,observed,synthetic,"{""fare_text"":""\u20b96,388.31"",""source"":6,""route"":11,""scraped"":""2026-09-04T05:30:00+00:00"",""currency_seen"":""INR"",""availability"":"""",""price_raw"":""N/A""}",2026-09-04T05:30:00+00:00
952,11,1,indigo,6E101,2026-08-20T09:15:00+00:00,2026-10-04,06:15:00,45,T+45,economy,,0,5 seats left,7448.17,5909.0,290.14,1027.32,221.71,,INR,observed,synthetic,"{""fare_text"":""\u20b97,448.17"",""source"":1,""route"":11,""scraped"":""2026-08-20T09:15:00+00:00"",""currency_seen"":""INR"",""availability"":""5 seats left""}",2026-08-20T09:15:00+00:00
953,11,2,Air India,AI203,2026-08-20T05:40:00+00:00,2026-10-04,06:15:00,45,T+45,economy,refundable,0,5 seats left,8595.7,6344.61,481.95,1559.3,209.84,,INR,observed,synthetic,"{""fare_text"":""\u20b98,595.70"",""source"":2,""route"":11,""scraped"":""2026-08-20T05:40:00+00:00"",""currency_seen"":""INR"",""availability"":""5 seats left""}",2026-08-20T05:40:00+00:00
954,11,3,Akasa Air,QP318,2026-08-20T12:50:00+00:00,2026-10-04,11:20:00,45,T+45,economy,,0,,,5864.89,,,323.75,,INR,observed,synthetic,"{""fare_text"":null,""source"":3,""route"":11,""scraped"":""2026-08-20T12:50:00+00:00"",""currency_seen"":""INR"",""availability"":""""}",2026-08-20T12:50:00+00:00
955,11,4,IndiGo,6E203,2026-08-20T12:45:00+00:00,2026-10-04,06:15:00,45,T+45,economy,flexi,0,2 seats left,6518.41,4530.98,730.54,,254.34,230.52,INR,observed,synthetic,"{""fare_text"":""\u20b96,518.41"",""source"":4,""route"":11,""scraped"":""2026-08-20T12:45:00+00:00"",""currency_seen"":""INR"",""availability"":""2 seats left"",""debug"":""unexpected_field""}",2026-08-20T12:45:00+00:00
956,11,5,Air India,AI203,2026-08-20T08:45:00+00:00,2026-10-04,17:30:00,45,T+45,economy,,0,,7150.66,5038.35,412.41,1163.89,,,INR ,observed,synthetic,"{""fare_text"":""\u20b97,150.66"",""source"":5,""route"":11,""scraped"":""2026-08-20T08:45:00+00:00"",""currency_seen"":""INR "",""availability"":""""}",2026-08-20T08:45:00+00:00
957,11,6,IndiGo,6E203,2026-08-20T13:00:00+00:00,2026-10-04,06:15:00,45,T+90,economy,,0,2 seats left,7283.71,4938.76,851.02,896.3,284.02,,INR,observed,synthetic,"{""fare_text"":""\u20b97,283.71"",""source"":6,""route"":11,""scraped"":""2026-08-20T13:00:00+00:00"",""currency_seen"":""INR"",""availability"":""2 seats left"",""debug"":""unexpected_field""}",2026-08-20T13:00:00+00:00
958,12,1,IndiGo,6E315,2026-09-19T09:15:00+00:00,2026-09-20,11:20:00,1,T+1,economy,saver,0,,9373.29,6272.35,394.09,1479.89,226.96,,INR,observed,synthetic,"{""fare_text"":""\u20b99,373.29"",""source"":1,""route"":12,""scraped"":""2026-09-19T09:15:00+00:00"",""currency_seen"":""INR"",""availability"":null}",2026-09-19T09:15:00+00:00
959,12,2,Air India,AI101,2026-09-19T05:15:00+00:00,2026-09-20,14:05:00,1,T+1,economy,refundable,0,3 seats left,12778.34,9641.51,280.8,2381.45,,,INR,observed,synthetic,"{""fare_text"":""\u20b912,778.34"",""source"":2,""route"":12,""scraped"":""2026-09-19T05:15:00+00:00"",""currency_seen"":""INR"",""availability"":""3 seats left""}",2026-09-19T05:15:00+00:00
960,12,1,IndiGo,6E101,2026-09-13T08:30:00+00:00,2026-09-20,11:20:00,7,T+7,economy,,0,9 seats left,10841.53,8061.74,307.65,1720.92,426.22,,INR,observed,synthetic,"{""fare_text"":""\u20b910,841.53"",""source"":1,""route"":12,""scraped"":""2026-09-13T08:30:00+00:00"",""currency_seen"":""INR"",""availability"":""9 seats left""}",2026-09-13T08:30:00+00:00
961,12,4,IndiGo,6E203,2026-09-13T03:45:00+00:00,2026-09-20,14:05:00,7,T+7,economy,flexi,0,Available,9174.06,6673.37,406.71,1616.33,309.96,,INR,observed,synthetic,"{""fare_text"":""\u20b99,174.06"",""source"":4,""route"":12,""scraped"":""2026-09-13T03:45:00+00:00"",""currency_seen"":""INR"",""availability"":""Available""}",2026-09-13T03:45:00+00:00
962,12,5,Air India,AI101,2026-09-13T03:00:00+00:00,2026-09-20,17:30:00,7,T+90,Economy,refundable,0,,9313.84,7144.21,378.49,,279.41,,INR,observed,synthetic,"{""fare_text"":""\u20b99,313.84"",""source"":5,""route"":12,""scraped"":""2026-09-13T03:00:00+00:00"",""currency_seen"":""INR"",""availability"":null}",2026-09-13T03:00:00+00:00
963,12,2,Air India,AI315,2026-09-05T08:30:00+00:00,2026-09-20,20:45:00,15,T+15,economy,refundable,0,2 seats left,7026.43,5454.88,311.52,947.36,312.67,,INR,observed,synthetic,"{""fare_text"":""\u20b97,026.43"",""source"":2,""route"":12,""scraped"":""2026-09-05T08:30:00+00:00"",""currency_seen"":""INR"",""availability"":""2 seats left""}",2026-09-05T08:30:00+00:00
964,12,3,Akasa Air,QP318,2026-09-05T14:40:00+00:00,2026-09-20,20:45:00,14,T+15,economy,saver,0,,9622.67,7492.05,432.39,1432.49,265.74,,INR,observed,synthetic,"{""fare_text"":""\u20b99,622.67"",""source"":3,""route"":12,""scraped"":""2026-09-05T14:40:00+00:00"",""currency_seen"":""INR"",""availability"":null}",2026-09-05T14:40:00+00:00
965,12,4,IndiGo,6E203,2026-09-05T10:30:00+00:00,2026-09-20,20:45:00,15,T+15,economy,refundable,0,two seats,10715.13,7545.28,680.73,1853.58,391.47,244.07,INR,observed,synthetic,"{""fare_text"":""\u20b910,715.13"",""source"":4,""route"":12,""scraped"":""2026-09-05T10:30:00+00:00"",""currency_seen"":""INR"",""availability"":""two seats""}",2026-09-05T10:30:00+00:00
966,12,5,Air India,AI203,2026-09-05T05:35:00+00:00,2026-09-20,14:05:00,17,T+15,economy,saver,0,2 seats left,9950.93,7728.52,321.73,1353.53,,,INR,observed,synthetic,"{""fare_text"":""\u20b99,950.93"",""source"":5,""route"":12,""scraped"":""2026-09-05T05:35:00+00:00"",""currency_seen"":""INR"",""availability"":""2 seats left"",""price_raw"":""N/A""}",2026-09-05T05:35:00+00:00
967,12,6,IndiGo,6E203,2026-09-05T02:50:00+00:00,2026-09-20,08:40:00,15,T+15,economy,refundable,0,9 seats left,8676.78,6055.84,694.77,1470.28,264.14,191.75,INR,observed,synthetic,"{""fare_text"":""\u20b98,676.78"",""source"":6,""route"":12,""scraped"":""2026-09-05T02:50:00+00:00"",""currency_seen"":""INR"",""availability"":""9 seats left""}",2026-09-05T02:50:00+00:00
968,12,1,indigo,6E203,2026-08-21T04:35:00+00:00,2026-09-20,08:40:00,30,T+30,economy,saver,0,,8461.85,6430.01,415.55,1430.13,186.16,,INR,observed,synthetic,"{""fare_text"":""\u20b98,461.85"",""source"":1,""route"":12,""scraped"":""2026-08-21T04:35:00+00:00"",""currency_seen"":""INR"",""availability"":""""}",2026-08-21T04:35:00+00:00
969,12,2,Air India,AI203,2026-08-21T04:00:00+00:00,2026-09-20,17:30:00,30,T+30,economy,,0,2 seats left,7540.07,5350.52,633.0,,228.07,,INR,observed,synthetic,"{""fare_text"":""\u20b97,540.07"",""source"":2,""route"":12,""scraped"":""2026-08-21T04:00:00+00:00"",""currency_seen"":""INR"",""availability"":""2 seats left""}",2026-08-21T04:00:00+00:00
970,12,3,Akasa Air,QP318,2026-08-21T04:45:00+00:00,2026-09-20,06:15:00,30,T+30,economy,saver,0,,6330.95,4721.35,534.99,861.25,213.36,,INR,observed,synthetic,"{""fare_text"":""\u20b96,330.95"",""source"":3,""route"":12,""scraped"":""2026-08-21T04:45:00+00:00"",""currency_seen"":""INR"",""availability"":"""",""debug"":""unexpected_field""}",2026-08-21T04:45:00+00:00
971,12,5,Air India,AI203,2026-08-21T14:30:00+00:00,2026-09-20,20:45:00,30,T+30,economy,saver,0,5 seats left,6754.03,4679.93,788.18,884.81,,208.42,INR,sold_out,synthetic,"{""fare_text"":""\u20b96,754.03"",""source"":5,""route"":12,""scraped"":""2026-08-21T14:30:00+00:00"",""currency_seen"":""INR"",""availability"":""5 seats left""}",2026-08-21T14:30:00+00:00
972,12,6,IndiGo,6E315,2026-08-21T03:45:00+00:00,2026-09-20,14:05:00,30,T+30,economy,flexi,0,,7616.14,5081.39,847.62,1085.11,274.94,327.08,INR,scrape_failed,synthetic,"{""fare_text"":""\u20b97,616.14"",""source"":6,""route"":12,""scraped"":""2026-08-21T03:45:00+00:00"",""currency_seen"":""INR"",""availability"":""""}",2026-08-21T03:45:00+00:00
973,12,1,IndiGo,6E203,2026-08-06T03:30:00+00:00,2026-09-20,06:15:00,45,T+45,economy,,0,2 seats left,7605.1,5798.82,488.61,1155.05,162.62,,INR,observed,synthetic,"{""fare_text"":""\u20b97,605.10"",""source"":1,""route"":12,""scraped"":""2026-08-06T03:30:00+00:00"",""currency_seen"":""INR"",""availability"":""2 seats left"",""debug"":""unexpected_field""}",2026-08-06T03:30:00+00:00
974,12,2,Air India,AI203,2026-08-06T06:40:00+00:00,2026-09-20,08:40:00,45,T+45,economy,refundable,1,Available,7994.23,5771.22,853.21,,323.06,,INR,observed,synthetic,"{""fare_text"":""\u20b97,994.23"",""source"":2,""route"":12,""scraped"":""2026-08-06T06:40:00+00:00"",""currency_seen"":""INR"",""availability"":""Available""}",2026-08-06T06:40:00+00:00
975,12,3,Akasa Air,QP318,2026-08-06T05:40:00+00:00,2026-09-20,25:71:00,45,T+45,economy,refundable,0,2 seats left,6754.79,4783.08,784.58,960.43,226.7,,INR,observed,synthetic,"{""fare_text"":""\u20b96,754.79"",""source"":3,""route"":12,""scraped"":""2026-08-06T05:40:00+00:00"",""currency_seen"":""INR"",""availability"":""2 seats left""}",2026-08-06T05:40:00+00:00
976,12,1,IndiGo,6E101,2026-09-22T03:45:00+00:00,2026-09-23,17:30:00,1,T+1,economy,,0,5 seats left,8461.35,6518.87,444.29,1300.8,,,INR,observed,synthetic,"{""fare_text"":""\u20b98,461.35"",""source"":1,""route"":12,""scraped"":""2026-09-22T03:45:00+00:00"",""currency_seen"":""INR"",""availability"":""5 seats left""}",2026-09-22T03:45:00+00:00
977,12,2,Air India ,AI315,2026-09-22T03:50:00+00:00,2026-09-23,17:30:00,1,T+1,economy,,0,,9993.38,6673.66,838.61,1251.09,,,INR,observed,synthetic,"{""fare_text"":""\u20b99,993.38"",""source"":2,""route"":12,""scraped"":""2026-09-22T03:50:00+00:00"",""currency_seen"":""INR"",""availability"":""""}",2026-09-22T03:50:00+00:00
978,12,3,Akasa Air,QP110,2026-09-22T08:40:00+00:00,2026-09-23,20:45:00,1,T+1,economy,,1,9 seats left,8013.78,5706.04,806.1,1303.67,197.97,,INR,parse_error,synthetic,"{""fare_text"":""\u20b98,013.78"",""source"":3,""route"":12,""scraped"":""2026-09-22T08:40:00+00:00"",""currency_seen"":""INR"",""availability"":""9 seats left""}",2026-09-22T08:40:00+00:00
979,12,4,IndiGo,6E203,2026-09-22T04:35:00+00:00,2026-09-23,11:20:00,1,T+1,economy,flexi,0,2 seats left,8194.88,6058.13,,1177.87,289.73,250.74,INR,observed,synthetic,"{""fare_text"":""\u20b98,194.88"",""source"":4,""route"":12,""scraped"":""2026-09-22T04:35:00+00:00"",""currency_seen"":""INR"",""availability"":""2 seats left""}",2026-09-22T04:35:00+00:00
980,12,5,Air India,AI315,2026-09-22T14:45:00+00:00,2026-09-23,08:40:00,1,T+1,economy,,0,2 seats left,8166.59,5849.42,352.96,1368.41,250.63,345.17,INR,observed,synthetic,"{""fare_text"":""\u20b98,166.59"",""source"":5,""route"":12,""scraped"":""2026-09-22T14:45:00+00:00"",""currency_seen"":""INR"",""availability"":""2 seats left""}",2026-09-22T14:45:00+00:00
981,12,2,Air India,AI101,2026-09-16T05:15:00+00:00,2026-09-23,08:40:00,7,T+7,economy,refundable,1,,11504.34,8573.2,458.01,2094.69,378.44,,INR,observed,synthetic,"{""fare_text"":""\u20b911,504.34"",""source"":2,""route"":12,""scraped"":""2026-09-16T05:15:00+00:00"",""currency_seen"":""INR"",""availability"":"""",""price_raw"":""N/A""}",2026-09-16T05:15:00+00:00
982,12,4,IndiGo,6E203,2026-09-16T06:00:00+00:00,2026-09-23,20:45:00,7,T+90,economy,,0,5 seats left,11461.73,8378.9,852.47,1577.53,,,INR,observed,synthetic,"{""fare_text"":""\u20b911,461.73"",""source"":4,""route"":12,""scraped"":""2026-09-16T06:00:00+00:00"",""currency_seen"":""INR"",""availability"":""5 seats left""}",2026-09-16T06:00:00+00:00
983,12,6,IndiGo,6E315,2026-09-16T04:50:00+00:00,2026-09-23,14:05:00,7,T+7,economy,flexi,0,,7895.31,5829.44,270.95,,317.44,295.18,INR,observed,synthetic,"{""fare_text"":""\u20b97,895.31"",""source"":6,""route"":12,""scraped"":""2026-09-16T04:50:00+00:00"",""currency_seen"":""INR"",""availability"":null}",2026-09-16T04:50:00+00:00
984,12,1,IndiGo,6E315,2026-09-08T11:15:00+00:00,2026-09-23,06:15:00,15,T+15,economy,flexi,0,,9053.47,6902.58,469.21,1368.19,313.49,,INR,observed,synthetic,"{""fare_text"":""\u20b99,053.47"",""source"":1,""route"":12,""scraped"":""2026-09-08T11:15:00+00:00"",""currency_seen"":""INR"",""availability"":null,""debug"":""unexpected_field""}",2026-09-08T11:15:00+00:00
985,12,3,Akasa Air,QP110,2026-09-08T14:40:00+00:00,2026-09-23,20:45:00,15,T+15,economy,saver,0,Available,9781.41,7094.64,779.89,1526.04,380.84,,INR,observed,synthetic,"{""fare_text"":""\u20b99,781.41"",""source"":3,""route"":12,""scraped"":""2026-09-08T14:40:00+00:00"",""currency_seen"":""INR"",""availability"":""Available""}",2026-09-08T14:40:00+00:00
986,12,4,IndiGo,6E101,2026-09-08T02:45:00+00:00,2026-09-23,11:20:00,15,T+15,economy,,0,Available,6745.3,4626.33,668.78,964.3,193.88,292.01,INR,observed,synthetic,"{""fare_text"":""\u20b96,745.30"",""source"":4,""route"":12,""scraped"":""2026-09-08T02:45:00+00:00"",""currency_seen"":""INR"",""availability"":""Available""}",2026-09-08T02:45:00+00:00
987,12,5,Air India,AI203,2026-09-08T04:00:00+00:00,2026-09-23,06:15:00,15,T+15,economy,,1,,8459.14,5888.11,683.77,1308.23,,334.58,INR,sold_out,synthetic,"{""fare_text"":""\u20b98,459.14"",""source"":5,""route"":12,""scraped"":""2026-09-08T04:00:00+00:00"",""currency_seen"":""INR"",""availability"":""""}",2026-09-08T04:00:00+00:00
988,12,1,IndiGo,6E203,2026-08-24T10:45:00+00:00,2026-09-23,20:45:00,30,T+30,economy,,0,,7210.11,5413.55,718.31,,192.17,,INR,observed,synthetic,"{""fare_text"":""\u20b97,210.11"",""source"":1,""route"":12,""scraped"":""2026-08-24T10:45:00+00:00"",""currency_seen"":""INR"",""availability"":""""}",2026-08-24T10:45:00+00:00
989,12,2,Air India,AI101,2026-08-24T10:45:00+00:00,2026-09-23,14:05:00,30,T+30,economy,,0,,8186.15,6529.32,270.14,1076.28,310.41,,INR,observed,synthetic,"{""fare_text"":""\u20b98,186.15"",""source"":2,""route"":12,""scraped"":""2026-08-24T10:45:00+00:00"",""currency_seen"":""INR"",""availability"":null}",2026-08-24T10:45:00+00:00
990,12,3,Akasa Air,QP110,2026-08-24T14:45:00+00:00,2026-09-23,08:40:00,30,T+30,economy,,0,5 seats left,7184.65,5370.86,578.85,1077.34,157.6,,INR,observed,synthetic,"{""fare_text"":""\u20b97,184.65"",""source"":3,""route"":12,""scraped"":""2026-08-24T14:45:00+00:00"",""currency_seen"":""INR"",""availability"":""5 seats left""}",2026-08-24T14:45:00+00:00
991,12,4,IndiGo,6E101,2026-08-24T12:40:00+00:00,2026-09-23,08:40:00,30,T+30,economy,Saver,0,,7863.12,5464.74,861.84,1001.37,277.35,257.82,INR,observed,synthetic,"{""fare_text"":""\u20b97,863.12"",""source"":4,""route"":12,""scraped"":""2026-08-24T12:40:00+00:00"",""currency_seen"":""INR"",""availability"":null}",2026-08-24T12:40:00+00:00
992,12,6,IndiGo,6E315,2026-08-24T10:45:00+00:00,2026-09-23,06:15:00,30,T+30,economy,flexi,0,,8113.7,6091.68,698.84,1367.44,,213.35,INR ,observed,synthetic,"{""fare_text"":""\u20b98,113.70"",""source"":6,""route"":12,""scraped"":""2026-08-24T10:45:00+00:00"",""currency_seen"":""INR "",""availability"":""""}",2026-08-24T10:45:00+00:00
993,12,1,IndiGo,6E101,2026-08-09T03:00:00+00:00,2026-09-23,11:20:00,45,T+45,economy,,0,,7904.86,5474.69,775.99,,318.92,,INR,observed,synthetic,"{""fare_text"":""\u20b97,904.86"",""source"":1,""route"":12,""scraped"":""2026-08-09T03:00:00+00:00"",""currency_seen"":""INR"",""availability"":""""}",2026-08-09T03:00:00+00:00
994,12,2,Air India,AI203,2026-08-09T04:45:00+00:00,2026-09-23,20:45:00,45,T+45,economy,,0,3 seats left,7817.76,5893.9,460.85,1173.46,289.55,,INR,observed,synthetic,"{""fare_text"":""\u20b97,817.76"",""source"":2,""route"":12,""scraped"":""2026-08-09T04:45:00+00:00"",""currency_seen"":""INR"",""availability"":""3 seats left""}",2026-08-09T04:45:00+00:00
995,12,3,Akasa Air,QP202,2026-08-09T05:15:00+00:00,2026-09-23,06:15:00,45,T+45,economy,saver,0,3 seats left,,5147.43,702.21,918.1,296.64,,INR,observed,synthetic,"{""fare_text"":null,""source"":3,""route"":12,""scraped"":""2026-08-09T05:15:00+00:00"",""currency_seen"":""INR"",""availability"":""3 seats left""}",2026-08-09T05:15:00+00:00
996,12,2,Air India,AI101,2026-09-26T06:45:00+00:00,2026-09-27,14:05:00,1,T+1,economy,saver,0,,6715.51,4910.2,,994.67,150.84,,INR,observed,synthetic,"{""fare_text"":""\u20b96,715.51"",""source"":2,""route"":12,""scraped"":""2026-09-26T06:45:00+00:00"",""currency_seen"":""INR"",""availability"":null}",2026-09-26T06:45:00+00:00
997,12,5,Air India,AI315,2026-09-26T05:50:00+00:00,2026-09-27,08:40:00,1,T+1,economy,,0,5 seats left,8441.96,6231.29,457.34,1250.6,265.3,,INR,observed,synthetic,"{""fare_text"":""\u20b98,441.96"",""source"":5,""route"":12,""scraped"":""2026-09-26T05:50:00+00:00"",""currency_seen"":""INR"",""availability"":""5 seats left""}",2026-09-26T05:50:00+00:00
998,12,1,IndiGo,6E315,2026-09-20T04:00:00+00:00,2026-09-27,08:40:00,7,T+7,economy,,0,Available,8392.65,5982.36,762.62,1403.87,,,INR,observed,synthetic,"{""fare_text"":""\u20b98,392.65"",""source"":1,""route"":12,""scraped"":""2026-09-20T04:00:00+00:00"",""currency_seen"":""INR"",""availability"":""Available""}",2026-09-20T04:00:00+00:00
999,12,2,air india,AI203,2026-09-20T03:30:00+00:00,2026-09-27,14:05:00,7,T+7,economy,,0,,7662.24,5281.55,889.72,,244.17,,₹,observed,synthetic,"{""fare_text"":""\u20b97,662.24"",""source"":2,""route"":12,""scraped"":""2026-09-20T03:30:00+00:00"",""currency_seen"":""\u20b9"",""availability"":null}",2026-09-20T03:30:00+00:00
1000,12,3,Akasa Air,QP318,2026-09-20T06:45:00+00:00,2026-09-27,17:30:00,7,T+7,economy,saver,0,,7746.48,5702.91,583.46,1159.32,300.79,,INR,observed,synthetic,"{""fare_text"":""\u20b97,746.48"",""source"":3,""route"":12,""scraped"":""2026-09-20T06:45:00+00:00"",""currency_seen"":""INR"",""availability"":""""}",2026-09-20T06:45:00+00:00
1001,12,4,IndiGo,6E315,2026-09-20T05:15:00+00:00,2026-09-27,11:20:00,7,T+7,economy,refundable,0,,8495.6,6315.88,,,347.32,295.69,INR,observed,synthetic,"{""fare_text"":""\u20b98,495.60"",""source"":4,""route"":12,""scraped"":""2026-09-20T05:15:00+00:00"",""currency_seen"":""INR"",""availability"":null}",2026-09-20T05:15:00+00:00
1002,12,5,Air India,AI315,2026-09-20T08:45:00+00:00,2026-09-27,11:20:00,7,T+7,economy,,0,3 seats left,11922.01,8781.32,743.37,2064.61,,86.7,INR,sold_out,synthetic,"{""fare_text"":""\u20b911,922.01"",""source"":5,""route"":12,""scraped"":""2026-09-20T08:45:00+00:00"",""currency_seen"":""INR"",""availability"":""3 seats left""}",2026-09-20T08:45:00+00:00
1003,12,1,IndiGo,6E315,2026-09-12T12:30:00+00:00,2026-09-27,08:40:00,13,T+15,Economy,saver,0,2 seats left,9022.61,6246.66,829.79,1560.6,,,INR,observed,synthetic,"{""fare_text"":""\u20b99,022.61"",""source"":1,""route"":12,""scraped"":""2026-09-12T12:30:00+00:00"",""currency_seen"":""INR"",""availability"":""2 seats left"",""debug"":""unexpected_field""}",2026-09-12T12:30:00+00:00
1004,12,2,Air India,AI203,2026-09-12T08:30:00+00:00,2026-09-27,17:30:00,15,T+15,economy,,0,Available,2444.1,4999.79,491.15,938.98,296.77,,INR,observed,synthetic,"{""fare_text"":""\u20b92,444.10"",""source"":2,""route"":12,""scraped"":""2026-09-12T08:30:00+00:00"",""currency_seen"":""INR"",""availability"":""Available""}",2026-09-12T08:30:00+00:00
1005,12,4,IndiGo,6E101,2026-09-12T06:50:00+00:00,2026-09-27,20:45:00,15,T+90,economy,,0,5 seats left,9949.25,7615.52,550.35,1387.43,228.75,167.2,INR,observed,synthetic,"{""fare_text"":""\u20b99,949.25"",""source"":4,""route"":12,""scraped"":""2026-09-12T06:50:00+00:00"",""currency_seen"":""INR"",""availability"":""5 seats left""}",2026-09-12T06:50:00+00:00
1006,12,5,Air India,,2026-09-12T02:40:00+00:00,2026-09-27,08:40:00,15,T+15,economy,saver,0,2 seats left,9059.25,6616.02,570.96,1370.06,381.88,120.33,INR,observed,synthetic,"{""fare_text"":""\u20b99,059.25"",""source"":5,""route"":12,""scraped"":""2026-09-12T02:40:00+00:00"",""currency_seen"":""INR"",""availability"":""2 seats left""}",2026-09-12T02:40:00+00:00
1007,12,6,IndiGo,6E203,2026-09-12T15:15:00+00:00,2026-09-27,11:20:00,17,T+15,economy,refundable,0,3 seats left,7974.71,5787.41,658.5,1149.17,321.96,307.67,INR,observed,synthetic,"{""fare_text"":""\u20b97,974.71"",""source"":6,""route"":12,""scraped"":""2026-09-12T15:15:00+00:00"",""currency_seen"":""INR"",""availability"":""3 seats left""}",2026-09-12T15:15:00+00:00
1008,12,1,IndiGo,6E101,2026-08-28T12:30:00+00:00,2026-09-27,06:15:00,30,T+30,economy,saver,0,9 seats left,8333.74,6136.03,587.02,1440.37,170.32,,INR,observed,synthetic,"{""fare_text"":""\u20b98,333.74"",""source"":1,""route"":12,""scraped"":""2026-08-28T12:30:00+00:00"",""currency_seen"":""INR"",""availability"":""9 seats left""}",2026-08-28T12:30:00+00:00
1009,12,2,Air India,AI315,2026-08-28T02:35:00+00:00,2026-09-27,08:40:00,30,T+30,economy,refundable,0,9 seats left,7536.03,5250.58,874.48,1069.46,166.51,,INR,observed,synthetic,"{""fare_text"":""\u20b97,536.03"",""source"":2,""route"":12,""scraped"":""2026-08-28T02:35:00+00:00"",""currency_seen"":""INR"",""availability"":""9 seats left""}",2026-08-28T02:35:00+00:00
1010,12,4,IndiGo,6E315,2026-08-28T08:30:00+00:00,2026-09-27,08:40:00,30,T+30,economy,,0,9 seats left,8426.52,6244.28,482.07,1154.14,285.78,260.25,INR,observed,synthetic,"{""fare_text"":""\u20b98,426.52"",""source"":4,""route"":12,""scraped"":""2026-08-28T08:30:00+00:00"",""currency_seen"":""INR"",""availability"":""9 seats left""}",2026-08-28T08:30:00+00:00
1011,12,5,Air India,AI101,2026-08-28T10:35:00+00:00,2026-09-27,14:05:00,30,T+30,economy,flexi,0,9 seats left,6338.64,4226.2,662.36,969.79,239.74,240.55,INR,sold_out,synthetic,"{""fare_text"":""\u20b96,338.64"",""source"":5,""route"":12,""scraped"":""2026-08-28T10:35:00+00:00"",""currency_seen"":""INR"",""availability"":""9 seats left""}",2026-08-28T10:35:00+00:00
1012,12,6,IndiGo,6E101,2026-08-28T05:50:00+00:00,2026-09-27,11:20:00,30,T+30,economy,refundable,0,2 seats left,8085.87,5424.61,884.83,1133.82,320.12,322.49,INR,scrape_failed,synthetic,"{""fare_text"":""\u20b98,085.87"",""source"":6,""route"":12,""scraped"":""2026-08-28T05:50:00+00:00"",""currency_seen"":""INR"",""availability"":""2 seats left""}",2026-08-28T05:50:00+00:00
1013,12,1,IndiGo,6E101,2026-08-13T04:35:00+00:00,2026-09-27,20:45:00,45,T+45,economy,,1,,6532.77,4917.78,629.02,825.6,160.37,,INR,observed,synthetic,"{""fare_text"":""\u20b96,532.77"",""source"":1,""route"":12,""scraped"":""2026-08-13T04:35:00+00:00"",""currency_seen"":""INR"",""availability"":null}",2026-08-13T04:35:00+00:00
1014,12,2,Air India,AI101,2026-08-13T06:35:00+00:00,2026-09-27,14:05:00,45,T+45,economy,,0,5 seats left,6246.61,4433.07,853.72,742.98,216.84,,INR,scrape_failed,synthetic,"{""fare_text"":""\u20b96,246.61"",""source"":2,""route"":12,""scraped"":""2026-08-13T06:35:00+00:00"",""currency_seen"":""INR"",""availability"":""5 seats left""}",2026-08-13T06:35:00+00:00
1015,12,3,Akasa Air,QP318,2026-08-13T04:35:00+00:00,2026-09-27,06:15:00,45,T+45,economy,,0,,7845.09,5997.16,,1226.7,235.7,,INR ,parse_error,synthetic,"{""fare_text"":""\u20b97,845.09"",""source"":3,""route"":12,""scraped"":""2026-08-13T04:35:00+00:00"",""currency_seen"":""INR "",""availability"":null}",2026-08-13T04:35:00+00:00
1016,12,5,Air India,AI203,2026-08-13T04:40:00+00:00,2026-09-27,08:40:00,45,T+45,economy,,0,5 seats left,,3890.28,622.36,774.29,221.71,206.74,INR ,observed,synthetic,"{""fare_text"":null,""source"":5,""route"":12,""scraped"":""2026-08-13T04:40:00+00:00"",""currency_seen"":""INR "",""availability"":""5 seats left""}",2026-08-13T04:40:00+00:00
1017,12,6,IndiGo,6E101,2026-08-13T14:35:00+00:00,2026-09-27,20:45:00,45,T+45,economy,refundable,0,,6187.29,4396.62,,909.57,239.52,257.56,INR,observed,synthetic,"{""fare_text"":""\u20b96,187.29"",""source"":6,""route"":12,""scraped"":""2026-08-13T14:35:00+00:00"",""currency_seen"":""INR"",""availability"":null}",2026-08-13T14:35:00+00:00
1018,12,1,IndiGo,6E315,2026-10-03T05:40:00+00:00,2026-10-04,17:30:00,1,T+1,economy,saver,0,,11379.64,9097.88,401.84,1506.67,,,INR,observed,synthetic,"{""fare_text"":""\u20b911,379.64"",""source"":1,""route"":12,""scraped"":""2026-10-03T05:40:00+00:00"",""currency_seen"":""INR"",""availability"":""""}",2026-10-03T05:40:00+00:00
1019,12,2,Air India,AI315,2026-10-03T05:50:00+00:00,2026-10-04,06:15:00,1,T+1,economy,saver,1,2 seats left,10510.77,7465.23,,,441.61,,INR,sold_out,synthetic,"{""fare_text"":""\u20b910,510.77"",""source"":2,""route"":12,""scraped"":""2026-10-03T05:50:00+00:00"",""currency_seen"":""INR"",""availability"":""2 seats left"",""debug"":""unexpected_field"",""price_raw"":""N/A""}",2026-10-03T05:50:00+00:00
1020,12,5,Air India,AI101,2026-10-03T12:45:00+00:00,2026-10-04,20:45:00,1,T+1,economy,flexi,0,9 seats left,11041.71,8061.13,809.38,1591.64,316.37,,INR,observed,synthetic,"{""fare_text"":""\u20b911,041.71"",""source"":5,""route"":12,""scraped"":""2026-10-03T12:45:00+00:00"",""currency_seen"":""INR"",""availability"":""9 seats left""}",2026-10-03T12:45:00+00:00
1021,12,2,Air India ,AI101,2026-09-27T07:00:00+00:00,2026-10-04,08:40:00,7,T+7,economy,,0,2 seats left,8178.35,5986.2,658.31,1367.05,166.79,,INR,observed,synthetic,"{""fare_text"":""\u20b98,178.35"",""source"":2,""route"":12,""scraped"":""2026-09-27T07:00:00+00:00"",""currency_seen"":""INR"",""availability"":""2 seats left""}",2026-09-27T07:00:00+00:00
1022,12,1,IndiGo,6E203,2026-09-19T03:40:00+00:00,2026-10-04,06:15:00,15,T+15,economy,,0,2 seats left,8063.44,6050.44,437.96,1320.91,,,INR,observed,synthetic,"{""fare_text"":""\u20b98,063.44"",""source"":1,""route"":12,""scraped"":""2026-09-19T03:40:00+00:00"",""currency_seen"":""INR"",""availability"":""2 seats left"",""debug"":""unexpected_field""}",2026-09-19T03:40:00+00:00
1023,12,2,Air India,AI203,2026-09-19T08:30:00+00:00,2026-10-04,17:30:00,15,T+15,economy,saver,0,,9528.63,7269.23,,1650.02,198.51,,INR,observed,synthetic,"{""fare_text"":""\u20b99,528.63"",""source"":2,""route"":12,""scraped"":""2026-09-19T08:30:00+00:00"",""currency_seen"":""INR"",""availability"":"""",""debug"":""unexpected_field""}",2026-09-19T08:30:00+00:00
1024,12,3,Akasa Air,QP110,2026-09-19T08:35:00+00:00,2026-10-04,17:30:00,15,T+15,economy,refundable,0,9 seats left,8622.75,6192.39,761.59,1339.2,329.57,,₹,observed,synthetic,"{""fare_text"":""\u20b98,622.75"",""source"":3,""route"":12,""scraped"":""2026-09-19T08:35:00+00:00"",""currency_seen"":""\u20b9"",""availability"":""9 seats left""}",2026-09-19T08:35:00+00:00
1025,12,4,IndiGo,6E203,2026-09-19T10:35:00+00:00,2026-10-04,14:05:00,15,T+15,Economy,,0,9 seats left,7479.31,5147.7,673.94,1147.12,,336.74,₹,observed,synthetic,"{""fare_text"":""\u20b97,479.31"",""source"":4,""route"":12,""scraped"":""2026-09-19T10:35:00+00:00"",""currency_seen"":""\u20b9"",""availability"":""9 seats left""}",2026-09-19T10:35:00+00:00
1026,12,6,IndiGo,6E101,2026-09-19T06:40:00+00:00,2026-10-04,14:05:00,15,T+15,economy,flexi,0,9 seats left,8340.56,6188.5,351.26,1380.54,202.1,,INR ,observed,synthetic,"{""fare_text"":""\u20b98,340.56"",""source"":6,""route"":12,""scraped"":""2026-09-19T06:40:00+00:00"",""currency_seen"":""INR "",""availability"":""9 seats left""}",2026-09-19T06:40:00+00:00
1027,12,3,Akasa Air,QP202,2026-09-04T07:15:00+00:00,2026-10-04,08:40:00,30,T+30,economy,refundable,0,9 seats left,5376.55,3669.38,600.88,888.69,217.6,,INR,observed,synthetic,"{""fare_text"":""\u20b95,376.55"",""source"":3,""route"":12,""scraped"":""2026-09-04T07:15:00+00:00"",""currency_seen"":""INR"",""availability"":""9 seats left""}",2026-09-04T07:15:00+00:00
1028,12,4,IndiGo,6E203,2026-09-04T03:45:00+00:00,2026-10-04,08:40:00,30,T+30,economy,saver,0,9 seats left,10315.91,7529.81,827.18,1606.03,,87.55,INR,observed,synthetic,"{""fare_text"":""\u20b910,315.91"",""source"":4,""route"":12,""scraped"":""2026-09-04T03:45:00+00:00"",""currency_seen"":""INR"",""availability"":""9 seats left"",""debug"":""unexpected_field""}",2026-09-04T03:45:00+00:00
1029,12,5,Air India,AI101,2026-09-04T05:30:00+00:00,2026-10-04,14:05:00,30,T+30,economy,,0,Available,8326.36,5932.02,807.9,1179.31,304.28,102.85,INR,observed,synthetic,"{""fare_text"":""\u20b98,326.36"",""source"":5,""route"":12,""scraped"":""2026-09-04T05:30:00+00:00"",""currency_seen"":""INR"",""availability"":""Available""}",2026-09-04T05:30:00+00:00
1030,12,6,IndiGo,6E315,2026-09-04T12:45:00+00:00,2026-10-04,06:15:00,30,T+30,economy,,0,,6227.38,4122.28,880.78,963.07,177.65,83.6,INR,scrape_failed,synthetic,"{""fare_text"":""\u20b96,227.38"",""source"":6,""route"":12,""scraped"":""2026-09-04T12:45:00+00:00"",""currency_seen"":""INR"",""availability"":null}",2026-09-04T12:45:00+00:00
1031,12,1,IndiGo,6E203,2026-08-20T04:45:00+00:00,2026-10-04,06:15:00,45,T+45,economy,,0,3 seats left,7775.91,5570.0,,,,,INR,observed,synthetic,"{""fare_text"":""\u20b97,775.91"",""source"":1,""route"":12,""scraped"":""2026-08-20T04:45:00+00:00"",""currency_seen"":""INR"",""availability"":""3 seats left""}",2026-08-20T04:45:00+00:00
1032,12,2,Air India,AI203,2026-08-20T05:50:00+00:00,2026-10-04,08:40:00,45,T+45,economy,,0,,7749.39,5808.68,504.24,1114.13,322.34,,INR,observed,synthetic,"{""fare_text"":""\u20b97,749.39"",""source"":2,""route"":12,""scraped"":""2026-08-20T05:50:00+00:00"",""currency_seen"":""INR"",""availability"":null}",2026-08-20T05:50:00+00:00
1033,12,4,IndiGo,6E101,2026-08-20T10:40:00+00:00,2026-10-04,17:30:00,45,T+45,economy,refundable,0,5 seats left,8428.58,6163.33,311.74,1403.81,242.06,307.64,INR,observed,synthetic,"{""fare_text"":""\u20b98,428.58"",""source"":4,""route"":12,""scraped"":""2026-08-20T10:40:00+00:00"",""currency_seen"":""INR"",""availability"":""5 seats left""}",2026-08-20T10:40:00+00:00
1034,12,6,IndiGo,6E203,2026-08-20T04:30:00+00:00,2026-10-04,06:15:00,45,T+45,economy,saver,0,,9253.37,6495.6,707.64,1376.69,390.42,,INR,observed,synthetic,"{""fare_text"":""\u20b99,253.37"",""source"":6,""route"":12,""scraped"":""2026-08-20T04:30:00+00:00"",""currency_seen"":""INR"",""availability"":""""}",2026-08-20T04:30:00+00:00
1035,13,1,IndiGo,6E315,2026-09-19T05:50:00+00:00,2026-09-20,14:05:00,1,T+1,economy,,0,5 seats left,6664.25,4878.44,689.75,802.1,293.96,,INR,observed,synthetic,"{""fare_text"":""\u20b96,664.25"",""source"":1,""route"":13,""scraped"":""2026-09-19T05:50:00+00:00"",""currency_seen"":""INR"",""availability"":""5 seats left""}",2026-09-19T05:50:00+00:00
1036,13,2,Air India,AI315,2026-09-19T11:15:00+00:00,2026-09-20,11:20:00,1,T+90,economy,flexi,0,3 seats left,8530.62,6280.33,,,241.88,,INR,observed,synthetic,"{""fare_text"":""\u20b98,530.62"",""source"":2,""route"":13,""scraped"":""2026-09-19T11:15:00+00:00"",""currency_seen"":""INR"",""availability"":""3 seats left""}",2026-09-19T11:15:00+00:00
1037,13,3,Akasa Air,QP318,2026-09-19T13:00:00+00:00,2026-09-20,20:45:00,1,T+1,economy,,0,3 seats left,8127.15,6022.18,,1108.04,350.16,,INR,observed,synthetic,"{""fare_text"":""\u20b98,127.15"",""source"":3,""route"":13,""scraped"":""2026-09-19T13:00:00+00:00"",""currency_seen"":""INR"",""availability"":""3 seats left""}",2026-09-19T13:00:00+00:00
1038,13,1,IndiGo,6E315,2026-09-13T14:45:00+00:00,2026-09-20,08:40:00,7,T+7,economy,flexi,0,,6665.67,5171.77,291.26,1060.68,141.96,,INR,sold_out,synthetic,"{""fare_text"":""\u20b96,665.67"",""source"":1,""route"":13,""scraped"":""2026-09-13T14:45:00+00:00"",""currency_seen"":""INR"",""availability"":null}",2026-09-13T14:45:00+00:00
1039,13,6,IndiGo,6E203,2026-09-13T14:30:00+00:00,2026-09-20,14:05:00,7,T+7,economy,flexi,0,2 seats left,11089.71,8139.04,426.87,1911.99,351.1,260.71,INR,observed,synthetic,"{""fare_text"":""\u20b911,089.71"",""source"":6,""route"":13,""scraped"":""2026-09-13T14:30:00+00:00"",""currency_seen"":""INR"",""availability"":""2 seats left"",""price_raw"":""N/A""}",2026-09-13T14:30:00+00:00
1040,13,1,IndiGo,6E101,2026-09-05T04:30:00+00:00,2026-09-20,08:40:00,15,T+15,economy,flexi,0,9 seats left,7053.01,5193.88,420.44,1283.21,,,INR,observed,synthetic,"{""fare_text"":""\u20b97,053.01"",""source"":1,""route"":13,""scraped"":""2026-09-05T04:30:00+00:00"",""currency_seen"":""INR"",""availability"":""9 seats left""}",2026-09-05T04:30:00+00:00
1041,13,2,air india,AI101,2026-09-05T08:50:00+00:00,2026-09-20,06:15:00,15,T+15,economy,saver,0,9 seats left,6912.99,5097.91,508.66,1099.59,206.83,,INR,observed,synthetic,"{""fare_text"":""\u20b96,912.99"",""source"":2,""route"":13,""scraped"":""2026-09-05T08:50:00+00:00"",""currency_seen"":""INR"",""availability"":""9 seats left""}",2026-09-05T08:50:00+00:00
1042,13,3,Akasa Air,QP110,2026-09-05T06:30:00+00:00,2026-09-20,11:20:00,15,T+15,economy,flexi,0,,6970.18,5048.15,592.59,1036.81,292.63,,INR,observed,synthetic,"{""fare_text"":""\u20b96,970.18"",""source"":3,""route"":13,""scraped"":""2026-09-05T06:30:00+00:00"",""currency_seen"":""INR"",""availability"":""""}",2026-09-05T06:30:00+00:00
1043,13,4,IndiGo,6E101,2026-09-05T05:40:00+00:00,2026-09-20,25:71:00,15,T+15,economy,flexi,0,Available,5446.2,3887.42,483.43,,168.17,197.45,INR,observed,synthetic,"{""fare_text"":""\u20b95,446.20"",""source"":4,""route"":13,""scraped"":""2026-09-05T05:40:00+00:00"",""currency_seen"":""INR"",""availability"":""Available""}",2026-09-05T05:40:00+00:00
1044,13,5,Air India,AI101,2026-09-05T05:15:00+00:00,2026-09-20,06:15:00,15,T+15,economy,refundable,1,3 seats left,5452.64,3667.31,774.29,649.13,204.1,157.81,INR,observed,synthetic,"{""fare_text"":""\u20b95,452.64"",""source"":5,""route"":13,""scraped"":""2026-09-05T05:15:00+00:00"",""currency_seen"":""INR"",""availability"":""3 seats left"",""debug"":""unexpected_field""}",2026-09-05T05:15:00+00:00
1045,13,6,IndiGo,6E203,2026-09-05T02:40:00+00:00,2026-09-20,11:20:00,15,T+15,economy,saver,0,9 seats left,6089.01,4350.21,592.61,,227.4,222.38,INR,observed,synthetic,"{""fare_text"":""\u20b96,089.01"",""source"":6,""route"":13,""scraped"":""2026-09-05T02:40:00+00:00"",""currency_seen"":""INR"",""availability"":""9 seats left"",""price_raw"":""N/A""}",2026-09-05T02:40:00+00:00
1046,13,1,IndiGo,6E315,2026-08-21T06:50:00+00:00,2026-09-20,08:40:00,30,T+30,economy,refundable,0,9 seats left,7070.94,5519.12,469.26,894.33,188.23,,INR,observed,synthetic,"{""fare_text"":""\u20b97,070.94"",""source"":1,""route"":13,""scraped"":""2026-08-21T06:50:00+00:00"",""currency_seen"":""INR"",""availability"":""9 seats left"",""price_raw"":""N/A""}",2026-08-21T06:50:00+00:00
1047,13,2,Air India,AI315,2026-08-21T08:35:00+00:00,2026-09-20,20:45:00,30,T+30,economy,refundable,0,,6476.29,4484.6,,953.14,257.72,,INR,observed,synthetic,"{""fare_text"":""\u20b96,476.29"",""source"":2,""route"":13,""scraped"":""2026-08-21T08:35:00+00:00"",""currency_seen"":""INR"",""availability"":""""}",2026-08-21T08:35:00+00:00
1048,13,3,Akasa Air,QP110,2026-08-21T04:30:00+00:00,2026-09-20,06:15:00,30,T+30,Economy,saver,0,,5952.65,4583.33,287.75,921.03,160.54,,INR,observed,synthetic,"{""fare_text"":""\u20b95,952.65"",""source"":3,""route"":13,""scraped"":""2026-08-21T04:30:00+00:00"",""currency_seen"":""INR"",""availability"":null}",2026-08-21T04:30:00+00:00
1049,13,4,IndiGo,6E101,2026-08-21T08:45:00+00:00,2026-09-20,25:71:00,28,T+30,economy,flexi,0,3 seats left,7255.91,5071.51,662.01,1265.96,155.11,101.32,INR,observed,synthetic,"{""fare_text"":""\u20b97,255.91"",""source"":4,""route"":13,""scraped"":""2026-08-21T08:45:00+00:00"",""currency_seen"":""INR"",""availability"":""3 seats left""}",2026-08-21T08:45:00+00:00
1050,13,5,Air India,AI203,2026-08-21T15:15:00+00:00,2026-09-20,08:40:00,30,T+30,economy,,0,,6182.21,4191.77,782.42,759.53,,289.35,INR,observed,synthetic,"{""fare_text"":""\u20b96,182.21"",""source"":5,""route"":13,""scraped"":""2026-08-21T15:15:00+00:00"",""currency_seen"":""INR"",""availability"":null}",2026-08-21T15:15:00+00:00
1051,13,6,IndiGo,6E315,2026-08-21T07:00:00+00:00,2026-09-20,11:20:00,30,T+30,economy,,0,2 seats left,8229.32,5767.5,777.4,,322.01,229.95,INR,observed,synthetic,"{""fare_text"":""\u20b98,229.32"",""source"":6,""route"":13,""scraped"":""2026-08-21T07:00:00+00:00"",""currency_seen"":""INR"",""availability"":""2 seats left""}",2026-08-21T07:00:00+00:00
1052,13,2,Air India,AI101,2026-08-06T04:15:00+00:00,2026-09-20,14:05:00,45,T+45,economy,saver,1,Available,7385.57,5279.44,697.7,1161.96,,,₹,sold_out,synthetic,"{""fare_text"":""\u20b97,385.57"",""source"":2,""route"":13,""scraped"":""2026-08-06T04:15:00+00:00"",""currency_seen"":""\u20b9"",""availability"":""Available""}",2026-08-06T04:15:00+00:00
1053,13,3,Akasa Air,QP318,2026-08-06T03:50:00+00:00,2026-09-20,08:40:00,43,T+45,economy,,0,,5688.92,3991.72,849.47,657.92,,,INR,observed,synthetic,"{""fare_text"":""\u20b95,688.92"",""source"":3,""route"":13,""scraped"":""2026-08-06T03:50:00+00:00"",""currency_seen"":""INR"",""availability"":""""}",2026-08-06T03:50:00+00:00
1054,13,5,Air India,AI315,2026-08-06T12:30:00+00:00,2026-09-20,11:20:00,45,T+45,economy,Saver,1,5 seats left,6287.39,4643.19,343.87,1050.73,139.39,,INR,observed,synthetic,"{""fare_text"":""\u20b96,287.39"",""source"":5,""route"":13,""scraped"":""2026-08-06T12:30:00+00:00"",""currency_seen"":""INR"",""availability"":""5 seats left""}",2026-08-06T12:30:00+00:00
1055,13,6,IndiGo,6E101,2026-08-06T05:35:00+00:00,2026-09-20,17:30:00,45,T+45,economy,refundable,0,Available,40821.93,3528.13,841.28,790.32,203.79,242.67,INR,parse_error,synthetic,"{""fare_text"":""\u20b940,821.93"",""source"":6,""route"":13,""scraped"":""2026-08-06T05:35:00+00:00"",""currency_seen"":""INR"",""availability"":""Available""}",2026-08-06T05:35:00+00:00
1056,13,1,IndiGo ,6E315,2026-09-22T09:00:00+00:00,2026-09-23,11:20:00,1,T+1,economy,refundable,0,Available,6291.54,4577.05,535.08,1037.62,141.79,,INR,observed,synthetic,"{""fare_text"":""\u20b96,291.54"",""source"":1,""route"":13,""scraped"":""2026-09-22T09:00:00+00:00"",""currency_seen"":""INR"",""availability"":""Available""}",2026-09-22T09:00:00+00:00
1057,13,2,Air India,AI315,2026-09-22T05:15:00+00:00,2026-09-23,20:45:00,1,T+1,economy,saver,0,9 seats left,8319.8,6145.39,757.81,1196.96,219.64,,INR ,observed,synthetic,"{""fare_text"":""\u20b98,319.80"",""source"":2,""route"":13,""scraped"":""2026-09-22T05:15:00+00:00"",""currency_seen"":""INR "",""availability"":""9 seats left""}",2026-09-22T05:15:00+00:00
1058,13,3,Akasa Air,QP318,2026-09-22T06:15:00+00:00,2026-09-23,20:45:00,1,T+1,economy,,0,,8363.8,5966.76,755.28,1471.42,170.34,,INR,observed,synthetic,"{""fare_text"":""\u20b98,363.80"",""source"":3,""route"":13,""scraped"":""2026-09-22T06:15:00+00:00"",""currency_seen"":""INR"",""availability"":null}",2026-09-22T06:15:00+00:00
1059,13,5,Air India,AI101,2026-09-22T06:50:00+00:00,2026-09-23,06:15:00,1,T+1,economy,flexi,0,,9980.27,7484.09,474.75,1497.66,421.53,102.24,INR,sold_out,synthetic,"{""fare_text"":""\u20b99,980.27"",""source"":5,""route"":13,""scraped"":""2026-09-22T06:50:00+00:00"",""currency_seen"":""INR"",""availability"":""""}",2026-09-22T06:50:00+00:00
1060,13,6,IndiGo,6E203,2026-09-22T11:00:00+00:00,2026-09-23,20:45:00,1,T+1,economy,,0,2 seats left,5296.21,3858.4,510.58,664.2,152.7,110.33,INR,observed,synthetic,"{""fare_text"":""\u20b95,296.21"",""source"":6,""route"":13,""scraped"":""2026-09-22T11:00:00+00:00"",""currency_seen"":""INR"",""availability"":""2 seats left""}",2026-09-22T11:00:00+00:00
1061,13,1,IndiGo,6E315,2026-09-16T02:45:00+00:00,2026-09-23,08:40:00,7,T+7,economy,saver,0,,7675.84,5890.69,398.29,1183.18,203.68,,INR ,observed,synthetic,"{""fare_text"":""\u20b97,675.84"",""source"":1,""route"":13,""scraped"":""2026-09-16T02:45:00+00:00"",""currency_seen"":""INR "",""availability"":""""}",2026-09-16T02:45:00+00:00
1062,13,2,Air India,AI101,2026-09-16T10:30:00+00:00,2026-09-23,11:20:00,7,T+7,economy,,0,,8775.44,6385.19,663.7,1508.74,217.81,,INR,scrape_failed,synthetic,"{""fare_text"":""\u20b98,775.44"",""source"":2,""route"":13,""scraped"":""2026-09-16T10:30:00+00:00"",""currency_seen"":""INR"",""availability"":""""}",2026-09-16T10:30:00+00:00
1063,13,3,Akasa Air,QP110,2026-09-16T14:50:00+00:00,2026-09-23,14:05:00,7,T+7,economy,saver,0,,5605.68,3964.99,760.87,674.87,204.95,,INR,observed,synthetic,"{""fare_text"":""\u20b95,605.68"",""source"":3,""route"":13,""scraped"":""2026-09-16T14:50:00+00:00"",""currency_seen"":""INR"",""availability"":""""}",2026-09-16T14:50:00+00:00
1064,13,4,IndiGo,6E203,2026-09-16T14:45:00+00:00,2026-09-23,17:30:00,7,T+7,Economy,,0,,7989.97,5716.06,,1186.94,284.54,,INR,observed,synthetic,"{""fare_text"":""\u20b97,989.97"",""source"":4,""route"":13,""scraped"":""2026-09-16T14:45:00+00:00"",""currency_seen"":""INR"",""availability"":null}",2026-09-16T14:45:00+00:00
1065,13,5,Air India,AI315,2026-09-16T11:00:00+00:00,2026-09-23,17:30:00,7,T+7,economy,refundable,0,,8401.81,6043.51,470.76,1363.59,354.49,169.46,INR ,observed,synthetic,"{""fare_text"":""\u20b98,401.81"",""source"":5,""route"":13,""scraped"":""2026-09-16T11:00:00+00:00"",""currency_seen"":""INR "",""availability"":null}",2026-09-16T11:00:00+00:00
1066,13,6,IndiGo,6E203,2026-09-16T09:15:00+00:00,2026-09-23,06:15:00,7,T+7,economy,,0,,8147.14,5818.76,646.96,1005.35,326.36,349.71,INR,observed,synthetic,"{""fare_text"":""\u20b98,147.14"",""source"":6,""route"":13,""scraped"":""2026-09-16T09:15:00+00:00"",""currency_seen"":""INR"",""availability"":""""}",2026-09-16T09:15:00+00:00
1067,13,1,IndiGo,6E315,2026-09-08T04:00:00+00:00,2026-09-23,11:20:00,15,T+15,economy,flexi,0,Available,46286.45,5119.66,601.85,933.08,268.07,,INR,observed,synthetic,"{""fare_text"":""\u20b946,286.45"",""source"":1,""route"":13,""scraped"":""2026-09-08T04:00:00+00:00"",""currency_seen"":""INR"",""availability"":""Available"",""debug"":""unexpected_field""}",2026-09-08T04:00:00+00:00
1068,13,2,Air India,AI203,2026-09-08T06:45:00+00:00,2026-09-23,11:20:00,15,T+15,economy,,1,5 seats left,5895.59,4130.41,642.87,827.74,119.57,,INR,observed,synthetic,"{""fare_text"":""\u20b95,895.59"",""source"":2,""route"":13,""scraped"":""2026-09-08T06:45:00+00:00"",""currency_seen"":""INR"",""availability"":""5 seats left""}",2026-09-08T06:45:00+00:00
1069,13,3,Akasa Air,QP318,2026-09-08T04:45:00+00:00,2026-09-23,20:45:00,15,T+15,economy,,0,Available,4926.24,3832.47,,674.1,135.1,,INR,observed,synthetic,"{""fare_text"":""\u20b94,926.24"",""source"":3,""route"":13,""scraped"":""2026-09-08T04:45:00+00:00"",""currency_seen"":""INR"",""availability"":""Available""}",2026-09-08T04:45:00+00:00
1070,13,4,IndiGo ,6E315,2026-09-08T08:50:00+00:00,2026-09-23,11:20:00,15,T+15,economy,flexi,0,,5712.4,3970.36,565.22,866.95,,,INR,observed,synthetic,"{""fare_text"":""\u20b95,712.40"",""source"":4,""route"":13,""scraped"":""2026-09-08T08:50:00+00:00"",""currency_seen"":""INR"",""availability"":null}",2026-09-08T08:50:00+00:00
1071,13,5,Air India,AI315,2026-09-08T15:00:00+00:00,2026-09-23,17:30:00,15,T+15,economy,,0,,7034.12,4853.93,802.07,800.32,235.78,,INR,observed,synthetic,"{""fare_text"":""\u20b97,034.12"",""source"":5,""route"":13,""scraped"":""2026-09-08T15:00:00+00:00"",""currency_seen"":""INR"",""availability"":"""",""debug"":""unexpected_field""}",2026-09-08T15:00:00+00:00
1072,13,6,IndiGo,6E315,2026-09-08T06:40:00+00:00,2026-09-23,08:40:00,15,T+15,economy,saver,0,2 seats left,5012.2,3487.67,308.31,,107.71,251.71,INR,observed,synthetic,"{""fare_text"":""\u20b95,012.20"",""source"":6,""route"":13,""scraped"":""2026-09-08T06:40:00+00:00"",""currency_seen"":""INR"",""availability"":""2 seats left""}",2026-09-08T06:40:00+00:00
1073,13,1,IndiGo,6E203,2026-08-24T13:15:00+00:00,2026-09-23,06:15:00,30,T+30,economy,,0,,5576.49,4028.94,541.73,,169.67,,INR,observed,synthetic,"{""fare_text"":""\u20b95,576.49"",""source"":1,""route"":13,""scraped"":""2026-08-24T13:15:00+00:00"",""currency_seen"":""INR"",""availability"":""""}",2026-08-24T13:15:00+00:00
1074,13,2,Air India,AI101,2026-08-24T05:00:00+00:00,2026-09-23,17:30:00,30,T+30,economy,,0,,6443.68,4539.55,778.06,,163.31,,INR,observed,synthetic,"{""fare_text"":""\u20b96,443.68"",""source"":2,""route"":13,""scraped"":""2026-08-24T05:00:00+00:00"",""currency_seen"":""INR"",""availability"":null}",2026-08-24T05:00:00+00:00
1075,13,3,Akasa Air,QP318,2026-08-24T08:30:00+00:00,2026-09-23,14:05:00,30,T+30,economy,refundable,0,,5843.55,4278.46,858.01,926.14,,,INR,sold_out,synthetic,"{""fare_text"":""\u20b95,843.55"",""source"":3,""route"":13,""scraped"":""2026-08-24T08:30:00+00:00"",""currency_seen"":""INR"",""availability"":null}",2026-08-24T08:30:00+00:00
1076,13,4,IndiGo,6E101,2026-08-24T13:00:00+00:00,2026-09-23,11:20:00,30,T+30,economy,refundable,0,5 seats left,7032.39,4676.77,739.54,815.88,142.49,332.71,INR,observed,synthetic,"{""fare_text"":""\u20b97,032.39"",""source"":4,""route"":13,""scraped"":""2026-08-24T13:00:00+00:00"",""currency_seen"":""INR"",""availability"":""5 seats left""}",2026-08-24T13:00:00+00:00
1077,13,5,Air India,AI101,2026-08-24T04:40:00+00:00,2026-09-23,20:45:00,30,T+30,economy,saver,3,,6171.43,4414.38,471.34,1008.42,158.87,118.42,INR,observed,synthetic,"{""fare_text"":""\u20b96,171.43"",""source"":5,""route"":13,""scraped"":""2026-08-24T04:40:00+00:00"",""currency_seen"":""INR"",""availability"":null}",2026-08-24T04:40:00+00:00
1078,13,1,IndiGo,6E203,2026-08-09T05:40:00+00:00,2026-09-23,14:05:00,45,T+45,economy,refundable,0,,5910.4,4319.88,311.05,1059.8,219.67,,INR,observed,synthetic,"{""fare_text"":""\u20b95,910.40"",""source"":1,""route"":13,""scraped"":""2026-08-09T05:40:00+00:00"",""currency_seen"":""INR"",""availability"":"""",""price_raw"":""N/A""}",2026-08-09T05:40:00+00:00
1079,13,2,Air India,AI203,2026-08-09T09:00:00+00:00,2026-09-23,14:05:00,45,T+45,economy,saver,0,,6266.22,4755.78,377.92,969.29,163.23,,INR,observed,synthetic,"{""fare_text"":""\u20b96,266.22"",""source"":2,""route"":13,""scraped"":""2026-08-09T09:00:00+00:00"",""currency_seen"":""INR"",""availability"":null,""debug"":""unexpected_field""}",2026-08-09T09:00:00+00:00
1080,13,3,Akasa Air,QP110,2026-08-09T10:50:00+00:00,2026-09-23,08:40:00,45,T+45,economy,,0,,4396.68,3263.92,309.74,,95.57,,INR,observed,synthetic,"{""fare_text"":""\u20b94,396.68"",""source"":3,""route"":13,""scraped"":""2026-08-09T10:50:00+00:00"",""currency_seen"":""INR"",""availability"":null}",2026-08-09T10:50:00+00:00
1081,13,4,IndiGo,6E203,2026-08-09T02:45:00+00:00,2026-09-23,20:45:00,45,T+45,economy,saver,0,3 seats left,7642.41,4953.62,422.39,795.06,,,INR,observed,synthetic,"{""fare_text"":""\u20b97,642.41"",""source"":4,""route"":13,""scraped"":""2026-08-09T02:45:00+00:00"",""currency_seen"":""INR"",""availability"":""3 seats left""}",2026-08-09T02:45:00+00:00
1082,13,5,Air India,AI101,2026-08-09T04:35:00+00:00,2026-09-23,17:30:00,45,T+45,economy,saver,0,3 seats left,4917.5,3495.81,353.39,611.69,158.71,,INR,observed,synthetic,"{""fare_text"":""\u20b94,917.50"",""source"":5,""route"":13,""scraped"":""2026-08-09T04:35:00+00:00"",""currency_seen"":""INR"",""availability"":""3 seats left"",""debug"":""unexpected_field""}",2026-08-09T04:35:00+00:00
1083,13,6,IndiGo,6E203,2026-08-09T11:15:00+00:00,2026-09-23,08:40:00,45,T+45,economy,,0,5 seats left,5454.48,3895.05,325.14,,185.8,226.14,INR,observed,synthetic,"{""fare_text"":""\u20b95,454.48"",""source"":6,""route"":13,""scraped"":""2026-08-09T11:15:00+00:00"",""currency_seen"":""INR"",""availability"":""5 seats left""}",2026-08-09T11:15:00+00:00
1084,13,4,IndiGo,6E101,2026-09-26T04:30:00+00:00,2026-09-27,25:71:00,1,T+90,economy,saver,0,3 seats left,11678.18,8612.09,519.42,1833.66,488.12,,INR,observed,synthetic,"{""fare_text"":""\u20b911,678.18"",""source"":4,""route"":13,""scraped"":""2026-09-26T04:30:00+00:00"",""currency_seen"":""INR"",""availability"":""3 seats left"",""price_raw"":""N/A""}",2026-09-26T04:30:00+00:00
1085,13,5,Air India,AI315,2026-09-26T14:40:00+00:00,2026-09-27,14:05:00,1,T+1,economy,,0,5 seats left,7499.79,5335.54,480.4,1272.11,181.73,230.01,INR,observed,synthetic,"{""fare_text"":""\u20b97,499.79"",""source"":5,""route"":13,""scraped"":""2026-09-26T14:40:00+00:00"",""currency_seen"":""INR"",""availability"":""5 seats left""}",2026-09-26T14:40:00+00:00
1086,13,6,IndiGo,6E203,2026-09-26T04:00:00+00:00,2026-09-27,14:05:00,1,T+1,economy,flexi,0,,,5163.57,866.81,954.38,191.8,276.17,INR,observed,synthetic,"{""fare_text"":null,""source"":6,""route"":13,""scraped"":""2026-09-26T04:00:00+00:00"",""currency_seen"":""INR"",""availability"":null}",2026-09-26T04:00:00+00:00
1087,13,1,IndiGo,6E315,2026-09-20T02:50:00+00:00,2026-09-27,14:05:00,7,T+7,economy,flexi,0,,6095.38,4624.6,540.73,753.27,176.78,,INR,observed,synthetic,"{""fare_text"":""\u20b96,095.38"",""source"":1,""route"":13,""scraped"":""2026-09-20T02:50:00+00:00"",""currency_seen"":""INR"",""availability"":"""",""debug"":""unexpected_field""}",2026-09-20T02:50:00+00:00
1088,13,2,Air India,AI203,2026-09-20T08:35:00+00:00,2026-09-27,06:15:00,7,T+7,economy,,0,9 seats left,7802.3,5422.69,733.26,1315.87,,,INR,observed,synthetic,"{""fare_text"":""\u20b97,802.30"",""source"":2,""route"":13,""scraped"":""2026-09-20T08:35:00+00:00"",""currency_seen"":""INR"",""availability"":""9 seats left""}",2026-09-20T08:35:00+00:00
1089,13,4,IndiGo,6E203,2026-09-20T14:40:00+00:00,2026-09-27,08:40:00,7,T+7,economy,refundable,0,5 seats left,6782.82,4485.31,879.13,1073.22,,103.61,INR,observed,synthetic,"{""fare_text"":""\u20b96,782.82"",""source"":4,""route"":13,""scraped"":""2026-09-20T14:40:00+00:00"",""currency_seen"":""INR"",""availability"":""5 seats left""}",2026-09-20T14:40:00+00:00
1090,13,6,IndiGo,6E315,2026-09-20T11:15:00+00:00,2026-09-27,20:45:00,7,T+7,economy,,0,9 seats left,57329.9,6061.1,341.45,1435.21,222.51,238.3,INR,parse_error,synthetic,"{""fare_text"":""\u20b957,329.90"",""source"":6,""route"":13,""scraped"":""2026-09-20T11:15:00+00:00"",""currency_seen"":""INR"",""availability"":""9 seats left""}",2026-09-20T11:15:00+00:00
1091,13,1,IndiGo,6E203,2026-09-12T08:50:00+00:00,2026-09-27,14:05:00,15,T+15,Economy,flexi,0,,7800.73,5442.85,841.7,1344.4,,,INR,observed,synthetic,"{""fare_text"":""\u20b97,800.73"",""source"":1,""route"":13,""scraped"":""2026-09-12T08:50:00+00:00"",""currency_seen"":""INR"",""availability"":""""}",2026-09-12T08:50:00+00:00
1092,13,3,Akasa Air,QP110,2026-09-12T10:45:00+00:00,2026-09-27,06:15:00,15,T+15,economy,flexi,1,,7725.95,5363.41,821.35,1272.31,268.88,,INR,scrape_failed,synthetic,"{""fare_text"":""\u20b97,725.95"",""source"":3,""route"":13,""scraped"":""2026-09-12T10:45:00+00:00"",""currency_seen"":""INR"",""availability"":null}",2026-09-12T10:45:00+00:00
1093,13,5,Air India,AI101,2026-09-12T13:15:00+00:00,2026-09-27,17:30:00,15,T+15,economy,Saver,0,3 seats left,6610.32,4346.57,814.02,912.3,,,INR,observed,synthetic,"{""fare_text"":""\u20b96,610.32"",""source"":5,""route"":13,""scraped"":""2026-09-12T13:15:00+00:00"",""currency_seen"":""INR"",""availability"":""3 seats left""}",2026-09-12T13:15:00+00:00
1094,13,6,IndiGo,6E315,2026-09-12T04:00:00+00:00,2026-09-27,17:30:00,15,T+15,economy,refundable,0,,7289.61,5001.74,886.74,856.22,293.28,251.63,INR,observed,synthetic,"{""fare_text"":""\u20b97,289.61"",""source"":6,""route"":13,""scraped"":""2026-09-12T04:00:00+00:00"",""currency_seen"":""INR"",""availability"":null}",2026-09-12T04:00:00+00:00
1095,13,1,IndiGo,6E315,2026-08-28T03:40:00+00:00,2026-09-27,20:45:00,30,T+30,economy,saver,0,,6739.74,4986.36,320.22,1245.63,187.53,,INR,observed,synthetic,"{""fare_text"":""\u20b96,739.74"",""source"":1,""route"":13,""scraped"":""2026-08-28T03:40:00+00:00"",""currency_seen"":""INR"",""availability"":null}",2026-08-28T03:40:00+00:00
1096,13,3,Akasa Air,QP318,2026-08-28T05:40:00+00:00,2026-09-27,11:20:00,30,T+30,economy,saver,1,,6847.06,5097.29,486.89,1060.43,202.45,,INR,observed,synthetic,"{""fare_text"":""\u20b96,847.06"",""source"":3,""route"":13,""scraped"":""2026-08-28T05:40:00+00:00"",""currency_seen"":""INR"",""availability"":null}",2026-08-28T05:40:00+00:00
1097,13,4,IndiGo,6E101,2026-08-28T14:45:00+00:00,2026-09-27,17:30:00,30,T+30,economy,,0,9 seats left,5495.09,3738.22,613.65,736.59,177.91,,INR,observed,synthetic,"{""fare_text"":""\u20b95,495.09"",""source"":4,""route"":13,""scraped"":""2026-08-28T14:45:00+00:00"",""currency_seen"":""INR"",""availability"":""9 seats left""}",2026-08-28T14:45:00+00:00
1098,13,5,Air India,AI101,2026-08-28T04:45:00+00:00,2026-09-27,06:15:00,30,T+30,economy,,0,,5325.8,4108.72,405.95,855.79,199.05,256.29,INR,observed,synthetic,"{""fare_text"":""\u20b95,325.80"",""source"":5,""route"":13,""scraped"":""2026-08-28T04:45:00+00:00"",""currency_seen"":""INR"",""availability"":""""}",2026-08-28T04:45:00+00:00
1099,13,6,IndiGo,6E101,2026-08-28T04:45:00+00:00,2026-09-27,17:30:00,30,T+30,economy,,3,,5476.56,3827.32,278.41,888.52,201.11,281.2,INR,observed,synthetic,"{""fare_text"":""\u20b95,476.56"",""source"":6,""route"":13,""scraped"":""2026-08-28T04:45:00+00:00"",""currency_seen"":""INR"",""availability"":null}",2026-08-28T04:45:00+00:00
1100,13,1,IndiGo,6E315,2026-08-13T05:15:00+00:00,2026-09-27,11:20:00,45,T+45,Economy,flexi,1,3 seats left,8707.52,6152.64,,,,,INR,observed,synthetic,"{""fare_text"":""\u20b98,707.52"",""source"":1,""route"":13,""scraped"":""2026-08-13T05:15:00+00:00"",""currency_seen"":""INR"",""availability"":""3 seats left""}",2026-08-13T05:15:00+00:00
1101,13,3,Akasa Air,QP202,2026-08-13T05:50:00+00:00,2026-09-27,20:45:00,45,T+45,economy,,0,5 seats left,4846.68,3217.26,716.55,752.31,,,INR,observed,synthetic,"{""fare_text"":""\u20b94,846.68"",""source"":3,""route"":13,""scraped"":""2026-08-13T05:50:00+00:00"",""currency_seen"":""INR"",""availability"":""5 seats left""}",2026-08-13T05:50:00+00:00
1102,13,4,IndiGo,6E101,2026-08-13T06:50:00+00:00,2026-09-27,17:30:00,45,T+45,economy,saver,0,Available,8573.09,6210.26,822.86,1244.48,204.2,,INR,observed,synthetic,"{""fare_text"":""\u20b98,573.09"",""source"":4,""route"":13,""scraped"":""2026-08-13T06:50:00+00:00"",""currency_seen"":""INR"",""availability"":""Available"",""debug"":""unexpected_field""}",2026-08-13T06:50:00+00:00
1103,13,5,Air India,AI101,2026-08-13T12:40:00+00:00,2026-09-27,25:71:00,45,T+45,economy,flexi,0,,8896.46,6529.63,372.76,1576.11,176.85,,INR,observed,synthetic,"{""fare_text"":""\u20b98,896.46"",""source"":5,""route"":13,""scraped"":""2026-08-13T12:40:00+00:00"",""currency_seen"":""INR"",""availability"":null,""debug"":""unexpected_field""}",2026-08-13T12:40:00+00:00
1104,13,6,IndiGo,6E203,2026-08-13T08:40:00+00:00,2026-09-27,14:05:00,45,T+45,economy,flexi,0,,5698.64,4014.17,739.2,666.05,179.41,99.81,INR,observed,synthetic,"{""fare_text"":""\u20b95,698.64"",""source"":6,""route"":13,""scraped"":""2026-08-13T08:40:00+00:00"",""currency_seen"":""INR"",""availability"":null,""debug"":""unexpected_field""}",2026-08-13T08:40:00+00:00
1105,13,2,Air India,AI101,2026-10-03T06:30:00+00:00,2026-10-04,11:20:00,1,T+1,economy,Saver,0,,6922.51,5178.62,605.8,943.58,194.51,,INR,observed,synthetic,"{""fare_text"":""\u20b96,922.51"",""source"":2,""route"":13,""scraped"":""2026-10-03T06:30:00+00:00"",""currency_seen"":""INR"",""availability"":null}",2026-10-03T06:30:00+00:00
1106,13,3,Akasa Air,QP110,2026-10-03T14:30:00+00:00,2026-10-04,14:05:00,1,T+1,economy,flexi,0,3 seats left,5597.77,4206.96,464.2,747.1,179.51,,INR,observed,synthetic,"{""fare_text"":""\u20b95,597.77"",""source"":3,""route"":13,""scraped"":""2026-10-03T14:30:00+00:00"",""currency_seen"":""INR"",""availability"":""3 seats left""}",2026-10-03T14:30:00+00:00
1107,13,4,IndiGo,6E203,2026-10-03T05:30:00+00:00,2026-10-04,08:40:00,1,T+1,economy,,0,3 seats left,11368.46,8833.89,506.26,1418.83,511.76,97.72,INR,observed,synthetic,"{""fare_text"":""\u20b911,368.46"",""source"":4,""route"":13,""scraped"":""2026-10-03T05:30:00+00:00"",""currency_seen"":""INR"",""availability"":""3 seats left""}",2026-10-03T05:30:00+00:00
1108,13,6,IndiGo,6E203,2026-10-03T04:35:00+00:00,2026-10-04,25:71:00,1,T+90,economy,,0,3 seats left,10369.17,7348.49,577.44,,282.86,344.72,INR,observed,synthetic,"{""fare_text"":""\u20b910,369.17"",""source"":6,""route"":13,""scraped"":""2026-10-03T04:35:00+00:00"",""currency_seen"":""INR"",""availability"":""3 seats left""}",2026-10-03T04:35:00+00:00
1109,13,3,Akasa Air,QP202,2026-09-27T02:35:00+00:00,2026-10-04,20:45:00,7,T+7,economy,flexi,0,5 seats left,9260.73,6243.41,,1165.97,,,INR,observed,synthetic,"{""fare_text"":""\u20b99,260.73"",""source"":3,""route"":13,""scraped"":""2026-09-27T02:35:00+00:00"",""currency_seen"":""INR"",""availability"":""5 seats left""}",2026-09-27T02:35:00+00:00
1110,13,4,IndiGo,6E315,2026-09-27T11:15:00+00:00,2026-10-04,17:30:00,7,T+7,economy,refundable,0,9 seats left,7323.72,5673.13,308.6,1011.08,205.26,125.65,INR,observed,synthetic,"{""fare_text"":""\u20b97,323.72"",""source"":4,""route"":13,""scraped"":""2026-09-27T11:15:00+00:00"",""currency_seen"":""INR"",""availability"":""9 seats left""}",2026-09-27T11:15:00+00:00
1111,13,6,IndiGo,6E203,2026-09-27T03:15:00+00:00,2026-10-04,08:40:00,7,T+7,economy,flexi,0,5 seats left,10143.13,6694.08,376.64,1453.8,282.38,336.23,INR,observed,synthetic,"{""fare_text"":""\u20b910,143.13"",""source"":6,""route"":13,""scraped"":""2026-09-27T03:15:00+00:00"",""currency_seen"":""INR"",""availability"":""5 seats left"",""price_raw"":""N/A""}",2026-09-27T03:15:00+00:00
1112,13,1,IndiGo,6E101,2026-09-19T14:45:00+00:00,2026-10-04,17:30:00,15,T+15,economy,,0,Available,6809.66,4790.33,,988.66,296.66,,INR,observed,synthetic,"{""fare_text"":""\u20b96,809.66"",""source"":1,""route"":13,""scraped"":""2026-09-19T14:45:00+00:00"",""currency_seen"":""INR"",""availability"":""Available""}",2026-09-19T14:45:00+00:00
1113,13,2,Air India,,2026-09-19T02:40:00+00:00,2026-10-04,17:30:00,15,T+15,economy,flexi,0,,5547.1,3868.96,831.01,668.54,178.59,,INR,observed,synthetic,"{""fare_text"":""\u20b95,547.10"",""source"":2,""route"":13,""scraped"":""2026-09-19T02:40:00+00:00"",""currency_seen"":""INR"",""availability"":null,""price_raw"":""N/A""}",2026-09-19T02:40:00+00:00
1114,13,3,Akasa Air,QP318,2026-09-19T03:35:00+00:00,2026-10-04,20:45:00,15,T+15,economy,saver,0,,6379.02,4753.88,536.27,849.79,,,INR,observed,synthetic,"{""fare_text"":""\u20b96,379.02"",""source"":3,""route"":13,""scraped"":""2026-09-19T03:35:00+00:00"",""currency_seen"":""INR"",""availability"":null}",2026-09-19T03:35:00+00:00
1115,13,4,IndiGo,6E101,2026-09-19T10:40:00+00:00,2026-10-04,17:30:00,15,T+15,economy,saver,0,,7168.81,5023.74,586.1,1085.32,,300.21,INR,observed,synthetic,"{""fare_text"":""\u20b97,168.81"",""source"":4,""route"":13,""scraped"":""2026-09-19T10:40:00+00:00"",""currency_seen"":""INR"",""availability"":null}",2026-09-19T10:40:00+00:00
1116,13,5,Air India,AI101,2026-09-19T14:40:00+00:00,2026-10-04,14:05:00,15,T+15,economy,saver,0,9 seats left,9039.18,6463.32,640.63,1426.52,375.99,132.72,INR,scrape_failed,synthetic,"{""fare_text"":""\u20b99,039.18"",""source"":5,""route"":13,""scraped"":""2026-09-19T14:40:00+00:00"",""currency_seen"":""INR"",""availability"":""9 seats left""}",2026-09-19T14:40:00+00:00
1117,13,1,IndiGo,6E203,2026-09-04T09:15:00+00:00,2026-10-04,08:40:00,30,T+30,economy,refundable,0,2 seats left,7105.4,4916.32,887.06,958.68,168.34,,INR,scrape_failed,synthetic,"{""fare_text"":""\u20b97,105.40"",""source"":1,""route"":13,""scraped"":""2026-09-04T09:15:00+00:00"",""currency_seen"":""INR"",""availability"":""2 seats left""}",2026-09-04T09:15:00+00:00
1118,13,6,IndiGo,6E315,2026-09-04T10:35:00+00:00,2026-10-04,14:05:00,30,T+30,economy,refundable,0,5 seats left,8582.06,6009.0,703.67,1328.64,272.03,268.72,INR,observed,synthetic,"{""fare_text"":""\u20b98,582.06"",""source"":6,""route"":13,""scraped"":""2026-09-04T10:35:00+00:00"",""currency_seen"":""INR"",""availability"":""5 seats left""}",2026-09-04T10:35:00+00:00
1119,13,2,Air India,AI203,2026-08-20T14:35:00+00:00,2026-10-04,08:40:00,45,T+45,economy,saver,0,,1149.76,3266.49,,555.55,207.03,,INR,observed,synthetic,"{""fare_text"":""\u20b91,149.76"",""source"":2,""route"":13,""scraped"":""2026-08-20T14:35:00+00:00"",""currency_seen"":""INR"",""availability"":null}",2026-08-20T14:35:00+00:00
1120,13,3,Akasa Air,QP110,2026-08-20T11:15:00+00:00,2026-10-04,08:40:00,47,T+45,economy,flexi,1,,7793.77,5447.32,783.0,1341.03,222.42,,INR,observed,synthetic,"{""fare_text"":""\u20b97,793.77"",""source"":3,""route"":13,""scraped"":""2026-08-20T11:15:00+00:00"",""currency_seen"":""INR"",""availability"":""""}",2026-08-20T11:15:00+00:00
1121,13,4,IndiGo,6E315,2026-08-20T02:35:00+00:00,2026-10-04,25:71:00,45,T+45,economy,flexi,0,3 seats left,6128.65,4109.71,850.99,719.47,248.37,200.11,INR,sold_out,synthetic,"{""fare_text"":""\u20b96,128.65"",""source"":4,""route"":13,""scraped"":""2026-08-20T02:35:00+00:00"",""currency_seen"":""INR"",""availability"":""3 seats left""}",2026-08-20T02:35:00+00:00
1122,13,5,Air India,AI315,2026-08-20T12:40:00+00:00,2026-10-04,11:20:00,45,T+45,economy,refundable,0,,5186.83,3890.92,318.93,639.22,204.28,,INR,observed,synthetic,"{""fare_text"":""\u20b95,186.83"",""source"":5,""route"":13,""scraped"":""2026-08-20T12:40:00+00:00"",""currency_seen"":""INR"",""availability"":null}",2026-08-20T12:40:00+00:00
1123,13,6,IndiGo,6E101,2026-08-20T04:50:00+00:00,2026-10-04,17:30:00,45,T+45,economy,refundable,0,5 seats left,7247.02,5270.04,581.83,977.71,239.97,177.47,INR,observed,synthetic,"{""fare_text"":""\u20b97,247.02"",""source"":6,""route"":13,""scraped"":""2026-08-20T04:50:00+00:00"",""currency_seen"":""INR"",""availability"":""5 seats left""}",2026-08-20T04:50:00+00:00
1124,14,1,IndiGo,6E315,2026-09-19T13:15:00+00:00,2026-09-20,11:20:00,1,T+1,economy,flexi,1,,5584.88,3692.83,872.78,607.89,236.38,,INR,observed,synthetic,"{""fare_text"":""\u20b95,584.88"",""source"":1,""route"":14,""scraped"":""2026-09-19T13:15:00+00:00"",""currency_seen"":""INR"",""availability"":null}",2026-09-19T13:15:00+00:00
1125,14,2,Air India,AI315,2026-09-19T05:30:00+00:00,2026-09-20,08:40:00,1,T+1,economy,,0,9 seats left,4722.91,3128.94,,764.67,171.33,,INR,sold_out,synthetic,"{""fare_text"":""\u20b94,722.91"",""source"":2,""route"":14,""scraped"":""2026-09-19T05:30:00+00:00"",""currency_seen"":""INR"",""availability"":""9 seats left""}",2026-09-19T05:30:00+00:00
1126,14,3,Akasa Air,QP318,2026-09-19T08:35:00+00:00,2026-09-20,20:45:00,1,T+1,economy,,1,,7751.25,5623.29,784.2,1096.64,247.12,,INR,observed,synthetic,"{""fare_text"":""\u20b97,751.25"",""source"":3,""route"":14,""scraped"":""2026-09-19T08:35:00+00:00"",""currency_seen"":""INR"",""availability"":null}",2026-09-19T08:35:00+00:00
1127,14,4,IndiGo,6E101,2026-09-19T05:00:00+00:00,2026-09-20,17:30:00,1,T+1,economy,,0,,7104.84,4956.28,850.91,1019.96,175.52,102.17,INR,observed,synthetic,"{""fare_text"":""\u20b97,104.84"",""source"":4,""route"":14,""scraped"":""2026-09-19T05:00:00+00:00"",""currency_seen"":""INR"",""availability"":null,""debug"":""unexpected_field"",""price_raw"":""N/A""}",2026-09-19T05:00:00+00:00
1128,14,5,Air India,AI315,2026-09-19T08:50:00+00:00,2026-09-20,06:15:00,1,T+1,economy,,0,,7580.52,5619.82,356.27,1074.96,237.19,,INR,observed,synthetic,"{""fare_text"":""\u20b97,580.52"",""source"":5,""route"":14,""scraped"":""2026-09-19T08:50:00+00:00"",""currency_seen"":""INR"",""availability"":"""",""debug"":""unexpected_field""}",2026-09-19T08:50:00+00:00
1129,14,1,IndiGo,6E101,2026-09-13T04:40:00+00:00,2026-09-20,11:20:00,7,T+7,economy,,0,9 seats left,27254.57,4811.71,,1192.11,158.31,,INR,observed,synthetic,"{""fare_text"":""\u20b927,254.57"",""source"":1,""route"":14,""scraped"":""2026-09-13T04:40:00+00:00"",""currency_seen"":""INR"",""availability"":""9 seats left"",""debug"":""unexpected_field""}",2026-09-13T04:40:00+00:00
1130,14,2,Air India,AI315,2026-09-13T04:15:00+00:00,2026-09-20,17:30:00,7,T+7,economy,saver,1,,6513.16,5050.18,360.96,850.78,,,INR,observed,synthetic,"{""fare_text"":""\u20b96,513.16"",""source"":2,""route"":14,""scraped"":""2026-09-13T04:15:00+00:00"",""currency_seen"":""INR"",""availability"":null}",2026-09-13T04:15:00+00:00
1131,14,4,IndiGo,6E101,2026-09-13T06:45:00+00:00,2026-09-20,14:05:00,7,T+7,economy,refundable,0,5 seats left,6447.28,4442.61,416.85,1102.79,215.59,269.44,INR,observed,synthetic,"{""fare_text"":""\u20b96,447.28"",""source"":4,""route"":14,""scraped"":""2026-09-13T06:45:00+00:00"",""currency_seen"":""INR"",""availability"":""5 seats left""}",2026-09-13T06:45:00+00:00
1132,14,5,Air India,AI101,2026-09-13T05:15:00+00:00,2026-09-20,14:05:00,7,T+7,economy,saver,0,2 seats left,5595.56,3951.4,523.28,,225.95,,INR ,observed,synthetic,"{""fare_text"":""\u20b95,595.56"",""source"":5,""route"":14,""scraped"":""2026-09-13T05:15:00+00:00"",""currency_seen"":""INR "",""availability"":""2 seats left""}",2026-09-13T05:15:00+00:00
1133,14,2,Air India,AI315,2026-09-05T05:35:00+00:00,2026-09-20,20:45:00,15,T+15,economy,flexi,0,2 seats left,2420.68,4600.24,590.16,832.5,182.95,,INR ,observed,synthetic,"{""fare_text"":""\u20b92,420.68"",""source"":2,""route"":14,""scraped"":""2026-09-05T05:35:00+00:00"",""currency_seen"":""INR "",""availability"":""2 seats left"",""debug"":""unexpected_field""}",2026-09-05T05:35:00+00:00
1134,14,5,Air India,,2026-09-05T12:40:00+00:00,2026-09-20,08:40:00,15,T+90,economy,,0,Available,5924.47,3884.97,800.13,883.69,126.59,229.09,INR,observed,synthetic,"{""fare_text"":""\u20b95,924.47"",""source"":5,""route"":14,""scraped"":""2026-09-05T12:40:00+00:00"",""currency_seen"":""INR"",""availability"":""Available""}",2026-09-05T12:40:00+00:00
1135,14,6,IndiGo,6E203,2026-09-05T03:15:00+00:00,2026-09-20,08:40:00,15,T+15,economy,saver,0,Available,7451.31,5053.61,751.36,1172.18,300.11,174.05,INR,observed,synthetic,"{""fare_text"":""\u20b97,451.31"",""source"":6,""route"":14,""scraped"":""2026-09-05T03:15:00+00:00"",""currency_seen"":""INR"",""availability"":""Available""}",2026-09-05T03:15:00+00:00
1136,14,1,IndiGo,6E315,2026-08-21T04:00:00+00:00,2026-09-20,17:30:00,30,T+30,economy,,1,,6192.14,4177.56,820.65,969.91,,,INR,sold_out,synthetic,"{""fare_text"":""\u20b96,192.14"",""source"":1,""route"":14,""scraped"":""2026-08-21T04:00:00+00:00"",""currency_seen"":""INR"",""availability"":null}",2026-08-21T04:00:00+00:00
1137,14,2,Air India,AI203,2026-08-21T15:00:00+00:00,2026-09-20,06:15:00,30,T+30,economy,saver,0,3 seats left,5129.81,3284.78,867.53,778.09,199.41,,INR,observed,synthetic,"{""fare_text"":""\u20b95,129.81"",""source"":2,""route"":14,""scraped"":""2026-08-21T15:00:00+00:00"",""currency_seen"":""INR"",""availability"":""3 seats left""}",2026-08-21T15:00:00+00:00
1138,14,4,IndiGo,6E101,2026-08-21T06:40:00+00:00,2026-09-20,17:30:00,31,T+30,Economy,,1,,3446.75,2246.64,392.86,551.15,80.39,175.71,INR,observed,synthetic,"{""fare_text"":""\u20b93,446.75"",""source"":4,""route"":14,""scraped"":""2026-08-21T06:40:00+00:00"",""currency_seen"":""INR"",""availability"":null}",2026-08-21T06:40:00+00:00
1139,14,5,Air India,AI315,2026-08-21T13:00:00+00:00,2026-09-20,20:45:00,30,T+30,economy,,0,3 seats left,5555.33,3678.06,759.59,909.61,125.01,,INR,observed,synthetic,"{""fare_text"":""\u20b95,555.33"",""source"":5,""route"":14,""scraped"":""2026-08-21T13:00:00+00:00"",""currency_seen"":""INR"",""availability"":""3 seats left""}",2026-08-21T13:00:00+00:00
1140,14,6,IndiGo,6E101,2026-08-21T05:15:00+00:00,2026-09-20,06:15:00,30,T+30,economy,,1,3 seats left,5496.23,3383.46,784.06,815.29,,,INR,observed,synthetic,"{""fare_text"":""\u20b95,496.23"",""source"":6,""route"":14,""scraped"":""2026-08-21T05:15:00+00:00"",""currency_seen"":""INR"",""availability"":""3 seats left""}",2026-08-21T05:15:00+00:00
1141,14,1,IndiGo,6E315,2026-08-06T10:45:00+00:00,2026-09-20,14:05:00,45,T+45,economy,saver,0,3 seats left,4418.83,3414.6,262.21,,99.15,,INR,observed,synthetic,"{""fare_text"":""\u20b94,418.83"",""source"":1,""route"":14,""scraped"":""2026-08-06T10:45:00+00:00"",""currency_seen"":""INR"",""availability"":""3 seats left""}",2026-08-06T10:45:00+00:00
1142,14,2,Air India,AI203,2026-08-06T06:30:00+00:00,2026-09-20,11:20:00,45,T+45,economy,,1,9 seats left,4079.16,2643.1,,,,,INR,observed,synthetic,"{""fare_text"":""\u20b94,079.16"",""source"":2,""route"":14,""scraped"":""2026-08-06T06:30:00+00:00"",""currency_seen"":""INR"",""availability"":""9 seats left"",""price_raw"":""N/A""}",2026-08-06T06:30:00+00:00
1143,14,4,IndiGo,6E315,2026-08-06T03:30:00+00:00,2026-09-20,20:45:00,45,T+45,economy,,0,2 seats left,4749.16,3200.24,460.52,651.71,187.3,249.39,INR,observed,synthetic,"{""fare_text"":""\u20b94,749.16"",""source"":4,""route"":14,""scraped"":""2026-08-06T03:30:00+00:00"",""currency_seen"":""INR"",""availability"":""2 seats left""}",2026-08-06T03:30:00+00:00
1144,14,5,Air India ,AI203,2026-08-06T06:45:00+00:00,2026-09-20,08:40:00,45,T+45,economy,flexi,0,3 seats left,4139.72,2880.1,301.76,,,85.06,INR,observed,synthetic,"{""fare_text"":""\u20b94,139.72"",""source"":5,""route"":14,""scraped"":""2026-08-06T06:45:00+00:00"",""currency_seen"":""INR"",""availability"":""3 seats left""}",2026-08-06T06:45:00+00:00
1145,14,1,IndiGo,6E203,2026-09-22T06:30:00+00:00,2026-09-23,06:15:00,1,T+1,economy,,0,,5952.39,4273.01,,988.18,122.25,,INR,observed,synthetic,"{""fare_text"":""\u20b95,952.39"",""source"":1,""route"":14,""scraped"":""2026-09-22T06:30:00+00:00"",""currency_seen"":""INR"",""availability"":""""}",2026-09-22T06:30:00+00:00
1146,14,2,Air India,AI101,2026-09-22T03:15:00+00:00,2026-09-23,17:30:00,1,T+1,Economy,,0,,7727.76,5680.0,780.8,1084.08,182.88,,INR,observed,synthetic,"{""fare_text"":""\u20b97,727.76"",""source"":2,""route"":14,""scraped"":""2026-09-22T03:15:00+00:00"",""currency_seen"":""INR"",""availability"":""""}",2026-09-22T03:15:00+00:00
1147,14,3,Akasa Air,QP202,2026-09-22T11:15:00+00:00,2026-09-23,14:05:00,1,T+1,economy,,0,5 seats left,4833.51,3389.78,510.37,730.45,202.91,,INR,observed,synthetic,"{""fare_text"":""\u20b94,833.51"",""source"":3,""route"":14,""scraped"":""2026-09-22T11:15:00+00:00"",""currency_seen"":""INR"",""availability"":""5 seats left""}",2026-09-22T11:15:00+00:00
1148,14,4,IndiGo,6E203,2026-09-22T05:45:00+00:00,2026-09-23,17:30:00,1,T+1,economy,flexi,0,9 seats left,7718.66,5775.61,329.6,,,215.01,INR,parse_error,synthetic,"{""fare_text"":""\u20b97,718.66"",""source"":4,""route"":14,""scraped"":""2026-09-22T05:45:00+00:00"",""currency_seen"":""INR"",""availability"":""9 seats left""}",2026-09-22T05:45:00+00:00
1149,14,5,Air India,AI101,2026-09-22T04:00:00+00:00,2026-09-23,20:45:00,1,T+1,economy,flexi,0,two seats,4975.62,3532.83,321.0,,136.97,254.0,INR,observed,synthetic,"{""fare_text"":""\u20b94,975.62"",""source"":5,""route"":14,""scraped"":""2026-09-22T04:00:00+00:00"",""currency_seen"":""INR"",""availability"":""two seats""}",2026-09-22T04:00:00+00:00
1150,14,2,Air India,AI101,2026-09-16T11:15:00+00:00,2026-09-23,17:30:00,7,T+7,economy,,0,2 seats left,6620.45,5254.49,653.43,935.06,277.47,,INR,observed,synthetic,"{""fare_text"":""\u20b96,620.45"",""source"":2,""route"":14,""scraped"":""2026-09-16T11:15:00+00:00"",""currency_seen"":""INR"",""availability"":""2 seats left""}",2026-09-16T11:15:00+00:00
1151,14,3,Akasa Air,QP202,2026-09-16T02:35:00+00:00,2026-09-23,20:45:00,7,T+7,economy,saver,0,,2384.15,4695.15,553.35,1055.47,152.9,,INR,observed,synthetic,"{""fare_text"":""\u20b92,384.15"",""source"":3,""route"":14,""scraped"":""2026-09-16T02:35:00+00:00"",""currency_seen"":""INR"",""availability"":"""",""price_raw"":""N/A""}",2026-09-16T02:35:00+00:00
1152,14,4,IndiGo,6E203,2026-09-16T05:45:00+00:00,2026-09-23,17:30:00,7,T+7,economy,,1,9 seats left,5699.84,3725.92,605.36,891.3,142.66,,INR,observed,synthetic,"{""fare_text"":""\u20b95,699.84"",""source"":4,""route"":14,""scraped"":""2026-09-16T05:45:00+00:00"",""currency_seen"":""INR"",""availability"":""9 seats left""}",2026-09-16T05:45:00+00:00
1153,14,1,IndiGo,6E101,2026-09-08T14:30:00+00:00,2026-09-23,20:45:00,15,T+15,economy,,0,3 seats left,5333.44,3675.61,805.29,679.79,172.75,,INR,sold_out,synthetic,"{""fare_text"":""\u20b95,333.44"",""source"":1,""route"":14,""scraped"":""2026-09-08T14:30:00+00:00"",""currency_seen"":""INR"",""availability"":""3 seats left"",""price_raw"":""N/A""}",2026-09-08T14:30:00+00:00
1154,14,2,Air India,AI101,2026-09-08T02:30:00+00:00,2026-09-23,08:40:00,15,T+15,economy,refundable,0,,4890.77,3327.7,713.12,668.98,180.97,,INR,observed,synthetic,"{""fare_text"":""\u20b94,890.77"",""source"":2,""route"":14,""scraped"":""2026-09-08T02:30:00+00:00"",""currency_seen"":""INR"",""availability"":null}",2026-09-08T02:30:00+00:00
1155,14,4,IndiGo,6E203,2026-09-08T02:30:00+00:00,2026-09-23,17:30:00,15,T+15,economy,refundable,0,,6107.62,4046.44,607.96,914.88,198.46,339.88,INR,observed,synthetic,"{""fare_text"":""\u20b96,107.62"",""source"":4,""route"":14,""scraped"":""2026-09-08T02:30:00+00:00"",""currency_seen"":""INR"",""availability"":null}",2026-09-08T02:30:00+00:00
1156,14,5,Air India,AI101,2026-09-08T08:45:00+00:00,2026-09-23,11:20:00,15,T+15,economy,refundable,0,two seats,6610.91,4935.91,,1039.21,155.97,105.91,INR,sold_out,synthetic,"{""fare_text"":""\u20b96,610.91"",""source"":5,""route"":14,""scraped"":""2026-09-08T08:45:00+00:00"",""currency_seen"":""INR"",""availability"":""two seats""}",2026-09-08T08:45:00+00:00
1157,14,6,IndiGo,6E203,2026-09-08T13:15:00+00:00,2026-09-23,20:45:00,15,T+15,economy,,0,,,4283.74,859.55,697.65,,187.35,INR,observed,synthetic,"{""fare_text"":null,""source"":6,""route"":14,""scraped"":""2026-09-08T13:15:00+00:00"",""currency_seen"":""INR"",""availability"":""""}",2026-09-08T13:15:00+00:00
1158,14,1,IndiGo,6E101,2026-08-24T03:00:00+00:00,2026-09-23,20:45:00,30,T+30,economy,,1,3 seats left,3878.52,2639.38,519.53,596.87,122.74,,INR,sold_out,synthetic,"{""fare_text"":""\u20b93,878.52"",""source"":1,""route"":14,""scraped"":""2026-08-24T03:00:00+00:00"",""currency_seen"":""INR"",""availability"":""3 seats left"",""debug"":""unexpected_field""}",2026-08-24T03:00:00+00:00
1159,14,2,Air India,AI101,2026-08-24T12:30:00+00:00,2026-09-23,08:40:00,30,T+30,economy,,0,,3994.77,2907.99,326.92,651.94,107.92,,INR,observed,synthetic,"{""fare_text"":""\u20b93,994.77"",""source"":2,""route"":14,""scraped"":""2026-08-24T12:30:00+00:00"",""currency_seen"":""INR"",""availability"":null,""debug"":""unexpected_field""}",2026-08-24T12:30:00+00:00
1160,14,3,Akasa Air,QP318,2026-08-24T12:40:00+00:00,2026-09-23,14:05:00,30,T+30,economy,refundable,0,Available,4736.42,3032.7,843.89,717.84,141.99,,INR,observed,synthetic,"{""fare_text"":""\u20b94,736.42"",""source"":3,""route"":14,""scraped"":""2026-08-24T12:40:00+00:00"",""currency_seen"":""INR"",""availability"":""Available""}",2026-08-24T12:40:00+00:00
1161,14,4,IndiGo,6E203,2026-08-24T02:40:00+00:00,2026-09-23,20:45:00,30,T+30,economy,refundable,0,5 seats left,865.1,2321.45,582.69,475.34,103.98,208.63,INR,observed,synthetic,"{""fare_text"":""\u20b9865.10"",""source"":4,""route"":14,""scraped"":""2026-08-24T02:40:00+00:00"",""currency_seen"":""INR"",""availability"":""5 seats left""}",2026-08-24T02:40:00+00:00
1162,14,6,IndiGo,6E101,2026-08-24T05:35:00+00:00,2026-09-23,06:15:00,30,T+30,economy,,0,2 seats left,5724.65,3556.83,797.6,842.3,237.27,,INR,observed,synthetic,"{""fare_text"":""\u20b95,724.65"",""source"":6,""route"":14,""scraped"":""2026-08-24T05:35:00+00:00"",""currency_seen"":""INR"",""availability"":""2 seats left""}",2026-08-24T05:35:00+00:00
1163,14,1,IndiGo,6E203,2026-08-09T03:00:00+00:00,2026-09-23,20:45:00,45,T+45,economy,saver,0,,4102.68,2802.78,469.15,665.15,165.6,,INR,observed,synthetic,"{""fare_text"":""\u20b94,102.68"",""source"":1,""route"":14,""scraped"":""2026-08-09T03:00:00+00:00"",""currency_seen"":""INR"",""availability"":null}",2026-08-09T03:00:00+00:00
1164,14,2,Air India,AI315,2026-08-09T05:50:00+00:00,2026-09-23,11:20:00,45,T+45,economy,refundable,0,9 seats left,5785.62,3620.37,875.84,826.54,137.87,,INR,sold_out,synthetic,"{""fare_text"":""\u20b95,785.62"",""source"":2,""route"":14,""scraped"":""2026-08-09T05:50:00+00:00"",""currency_seen"":""INR"",""availability"":""9 seats left""}",2026-08-09T05:50:00+00:00
1165,14,3,Akasa Air,QP110,2026-08-09T04:40:00+00:00,2026-09-23,06:15:00,45,T+45,economy,flexi,0,2 seats left,4857.51,3443.63,657.37,552.54,203.97,,INR,observed,synthetic,"{""fare_text"":""\u20b94,857.51"",""source"":3,""route"":14,""scraped"":""2026-08-09T04:40:00+00:00"",""currency_seen"":""INR"",""availability"":""2 seats left""}",2026-08-09T04:40:00+00:00
1166,14,4,IndiGo,,2026-08-09T12:30:00+00:00,2026-09-23,06:15:00,45,T+45,economy,,3,3 seats left,3728.65,2545.64,,589.78,87.6,83.89,INR,observed,synthetic,"{""fare_text"":""\u20b93,728.65"",""source"":4,""route"":14,""scraped"":""2026-08-09T12:30:00+00:00"",""currency_seen"":""INR"",""availability"":""3 seats left""}",2026-08-09T12:30:00+00:00
1167,14,5,Air India,AI315,2026-08-09T06:45:00+00:00,2026-09-23,11:20:00,45,T+45,economy,saver,0,9 seats left,5197.59,3507.93,636.87,783.21,,101.55,INR,observed,synthetic,"{""fare_text"":""\u20b95,197.59"",""source"":5,""route"":14,""scraped"":""2026-08-09T06:45:00+00:00"",""currency_seen"":""INR"",""availability"":""9 seats left""}",2026-08-09T06:45:00+00:00
1168,14,6,IndiGo,6E101,2026-08-09T05:40:00+00:00,2026-09-23,06:15:00,45,T+45,economy,,0,3 seats left,5414.15,3434.65,800.48,831.24,122.41,225.37,INR,observed,synthetic,"{""fare_text"":""\u20b95,414.15"",""source"":6,""route"":14,""scraped"":""2026-08-09T05:40:00+00:00"",""currency_seen"":""INR"",""availability"":""3 seats left""}",2026-08-09T05:40:00+00:00
1169,14,1,IndiGo,6E203,2026-09-26T15:00:00+00:00,2026-09-27,14:05:00,1,T+1,economy,flexi,0,2 seats left,6163.03,4449.07,414.7,1080.58,218.68,,INR,observed,synthetic,"{""fare_text"":""\u20b96,163.03"",""source"":1,""route"":14,""scraped"":""2026-09-26T15:00:00+00:00"",""currency_seen"":""INR"",""availability"":""2 seats left"",""debug"":""unexpected_field""}",2026-09-26T15:00:00+00:00
1170,14,3,Akasa Air,QP318,2026-09-26T03:00:00+00:00,2026-09-27,11:20:00,1,T+1,economy,,0,9 seats left,9923.16,6986.53,,1658.58,408.25,,INR,observed,synthetic,"{""fare_text"":""\u20b99,923.16"",""source"":3,""route"":14,""scraped"":""2026-09-26T03:00:00+00:00"",""currency_seen"":""INR"",""availability"":""9 seats left"",""price_raw"":""N/A""}",2026-09-26T03:00:00+00:00
1171,14,5,Air India,AI203,2026-09-26T08:50:00+00:00,2026-09-27,06:15:00,1,T+1,Economy,,0,9 seats left,5685.23,3954.92,673.12,794.55,181.56,81.08,INR,observed,synthetic,"{""fare_text"":""\u20b95,685.23"",""source"":5,""route"":14,""scraped"":""2026-09-26T08:50:00+00:00"",""currency_seen"":""INR"",""availability"":""9 seats left""}",2026-09-26T08:50:00+00:00
1172,14,2,Air India,AI101,2026-09-20T04:30:00+00:00,2026-09-27,11:20:00,7,T+7,economy,flexi,0,,5931.5,4777.24,439.1,1075.06,140.1,,INR,sold_out,synthetic,"{""fare_text"":""\u20b95,931.50"",""source"":2,""route"":14,""scraped"":""2026-09-20T04:30:00+00:00"",""currency_seen"":""INR"",""availability"":null}",2026-09-20T04:30:00+00:00
1173,14,3,Akasa Air,,2026-09-20T04:30:00+00:00,2026-09-27,11:20:00,7,T+7,economy,,0,9 seats left,6950.08,5370.03,369.9,987.87,222.28,,INR ,sold_out,synthetic,"{""fare_text"":""\u20b96,950.08"",""source"":3,""route"":14,""scraped"":""2026-09-20T04:30:00+00:00"",""currency_seen"":""INR "",""availability"":""9 seats left""}",2026-09-20T04:30:00+00:00
1174,14,4,IndiGo,6E101,2026-09-20T04:40:00+00:00,2026-09-27,11:20:00,7,T+7,economy,,0,,4885.55,3224.84,768.89,526.71,200.69,,INR,observed,synthetic,"{""fare_text"":""\u20b94,885.55"",""source"":4,""route"":14,""scraped"":""2026-09-20T04:40:00+00:00"",""currency_seen"":""INR"",""availability"":null}",2026-09-20T04:40:00+00:00
1175,14,5,Air India,AI101,2026-09-20T03:30:00+00:00,2026-09-27,08:40:00,7,T+7,economy,,0,Available,5474.44,3964.74,427.01,691.08,205.28,186.33,INR,scrape_failed,synthetic,"{""fare_text"":""\u20b95,474.44"",""source"":5,""route"":14,""scraped"":""2026-09-20T03:30:00+00:00"",""currency_seen"":""INR"",""availability"":""Available""}",2026-09-20T03:30:00+00:00
1176,14,3,Akasa Air,QP318,2026-09-12T02:50:00+00:00,2026-09-27,14:05:00,15,T+15,economy,flexi,0,Available,4520.81,3372.46,459.43,547.86,141.06,,INR,observed,synthetic,"{""fare_text"":""\u20b94,520.81"",""source"":3,""route"":14,""scraped"":""2026-09-12T02:50:00+00:00"",""currency_seen"":""INR"",""availability"":""Available""}",2026-09-12T02:50:00+00:00
1177,14,4,IndiGo,6E101,2026-09-12T04:35:00+00:00,2026-09-27,17:30:00,15,T+15,economy,,0,,5176.53,3787.19,720.97,762.18,211.93,194.26,INR,observed,synthetic,"{""fare_text"":""\u20b95,176.53"",""source"":4,""route"":14,""scraped"":""2026-09-12T04:35:00+00:00"",""currency_seen"":""INR"",""availability"":"""",""price_raw"":""N/A""}",2026-09-12T04:35:00+00:00
1178,14,6,IndiGo,6E101,2026-09-12T03:35:00+00:00,2026-09-27,11:20:00,15,T+15,economy,refundable,0,3 seats left,4576.94,3131.09,404.24,664.59,176.48,200.54,INR,scrape_failed,synthetic,"{""fare_text"":""\u20b94,576.94"",""source"":6,""route"":14,""scraped"":""2026-09-12T03:35:00+00:00"",""currency_seen"":""INR"",""availability"":""3 seats left""}",2026-09-12T03:35:00+00:00
1179,14,2,Air India,AI101,2026-08-28T03:40:00+00:00,2026-09-27,17:30:00,30,T+30,economy,saver,0,,3456.49,2499.43,357.87,,78.88,,INR,observed,synthetic,"{""fare_text"":""\u20b93,456.49"",""source"":2,""route"":14,""scraped"":""2026-08-28T03:40:00+00:00"",""currency_seen"":""INR"",""availability"":null,""debug"":""unexpected_field""}",2026-08-28T03:40:00+00:00
1180,14,3,Akasa Air,QP318,2026-08-28T03:00:00+00:00,2026-09-27,17:30:00,30,T+30,economy,flexi,0,9 seats left,5411.64,3654.29,,726.31,222.1,,INR,observed,synthetic,"{""fare_text"":""\u20b95,411.64"",""source"":3,""route"":14,""scraped"":""2026-08-28T03:00:00+00:00"",""currency_seen"":""INR"",""availability"":""9 seats left""}",2026-08-28T03:00:00+00:00
1181,14,4,IndiGo,6E203,2026-08-28T10:35:00+00:00,2026-09-27,25:71:00,30,T+30,economy,refundable,0,2 seats left,4945.71,3461.89,396.78,698.21,127.54,261.29,INR,observed,synthetic,"{""fare_text"":""\u20b94,945.71"",""source"":4,""route"":14,""scraped"":""2026-08-28T10:35:00+00:00"",""currency_seen"":""INR"",""availability"":""2 seats left""}",2026-08-28T10:35:00+00:00
1182,14,5,Air India,AI203,2026-08-28T04:45:00+00:00,2026-09-27,08:40:00,30,T+30,economy,refundable,0,Available,18645.84,3989.87,837.78,740.75,225.27,345.33,INR,observed,synthetic,"{""fare_text"":""\u20b918,645.84"",""source"":5,""route"":14,""scraped"":""2026-08-28T04:45:00+00:00"",""currency_seen"":""INR"",""availability"":""Available""}",2026-08-28T04:45:00+00:00
1183,14,6,IndiGo,6E315,2026-08-28T10:40:00+00:00,2026-09-27,08:40:00,30,T+30,economy,,1,5 seats left,25782.36,2783.57,,541.0,,107.3,INR,observed,synthetic,"{""fare_text"":""\u20b925,782.36"",""source"":6,""route"":14,""scraped"":""2026-08-28T10:40:00+00:00"",""currency_seen"":""INR"",""availability"":""5 seats left""}",2026-08-28T10:40:00+00:00
1184,14,1,IndiGo,6E101,2026-08-13T02:30:00+00:00,2026-09-27,06:15:00,45,T+45,economy,flexi,0,3 seats left,3680.55,2570.1,419.87,,158.09,,₹,observed,synthetic,"{""fare_text"":""\u20b93,680.55"",""source"":1,""route"":14,""scraped"":""2026-08-13T02:30:00+00:00"",""currency_seen"":""\u20b9"",""availability"":""3 seats left""}",2026-08-13T02:30:00+00:00
1185,14,2,Air India,AI315,2026-08-13T05:50:00+00:00,2026-09-27,17:30:00,45,T+45,economy,flexi,0,3 seats left,4555.84,3144.58,630.68,614.46,,,INR,observed,synthetic,"{""fare_text"":""\u20b94,555.84"",""source"":2,""route"":14,""scraped"":""2026-08-13T05:50:00+00:00"",""currency_seen"":""INR"",""availability"":""3 seats left""}",2026-08-13T05:50:00+00:00
1186,14,3,Akasa Air,QP318,2026-08-13T13:00:00+00:00,2026-09-27,17:30:00,45,T+45,economy,flexi,0,,6629.24,4663.29,,919.62,217.88,,INR,observed,synthetic,"{""fare_text"":""\u20b96,629.24"",""source"":3,""route"":14,""scraped"":""2026-08-13T13:00:00+00:00"",""currency_seen"":""INR"",""availability"":""""}",2026-08-13T13:00:00+00:00
1187,14,5,Air India,AI315,2026-08-13T06:40:00+00:00,2026-09-27,20:45:00,45,T+45,economy,refundable,0,5 seats left,5457.86,3793.37,471.52,835.77,192.43,,INR,observed,synthetic,"{""fare_text"":""\u20b95,457.86"",""source"":5,""route"":14,""scraped"":""2026-08-13T06:40:00+00:00"",""currency_seen"":""INR"",""availability"":""5 seats left""}",2026-08-13T06:40:00+00:00
1188,14,1,IndiGo,6E315,2026-10-03T09:15:00+00:00,2026-10-04,14:05:00,1,T+1,economy,refundable,0,,5859.67,3489.85,,759.84,168.2,,₹,observed,synthetic,"{""fare_text"":""\u20b95,859.67"",""source"":1,""route"":14,""scraped"":""2026-10-03T09:15:00+00:00"",""currency_seen"":""\u20b9"",""availability"":""""}",2026-10-03T09:15:00+00:00
1189,14,2,Air India,AI101,2026-10-03T02:40:00+00:00,2026-10-04,17:30:00,1,T+1,economy,flexi,0,5 seats left,7468.44,5059.04,885.03,1199.92,324.45,,INR,observed,synthetic,"{""fare_text"":""\u20b97,468.44"",""source"":2,""route"":14,""scraped"":""2026-10-03T02:40:00+00:00"",""currency_seen"":""INR"",""availability"":""5 seats left""}",2026-10-03T02:40:00+00:00
1190,14,3,Akasa Air,QP110,2026-10-03T04:40:00+00:00,2026-10-04,06:15:00,1,T+1,economy,saver,0,5 seats left,6475.27,4550.58,859.7,770.31,294.68,,INR,observed,synthetic,"{""fare_text"":""\u20b96,475.27"",""source"":3,""route"":14,""scraped"":""2026-10-03T04:40:00+00:00"",""currency_seen"":""INR"",""availability"":""5 seats left""}",2026-10-03T04:40:00+00:00
1191,14,5,Air India,AI203,2026-10-03T02:35:00+00:00,2026-10-04,08:40:00,-1,T+1,economy,,0,5 seats left,5951.22,4095.47,865.17,678.76,166.57,145.25,INR,observed,synthetic,"{""fare_text"":""\u20b95,951.22"",""source"":5,""route"":14,""scraped"":""2026-10-03T02:35:00+00:00"",""currency_seen"":""INR"",""availability"":""5 seats left""}",2026-10-03T02:35:00+00:00
1192,14,2,Air India,,2026-09-27T10:45:00+00:00,2026-10-04,11:20:00,7,T+7,economy,flexi,0,3 seats left,5130.42,3891.62,360.39,732.15,146.26,,INR,observed,synthetic,"{""fare_text"":""\u20b95,130.42"",""source"":2,""route"":14,""scraped"":""2026-09-27T10:45:00+00:00"",""currency_seen"":""INR"",""availability"":""3 seats left""}",2026-09-27T10:45:00+00:00
1193,14,3,Akasa Air,QP202,2026-09-27T12:30:00+00:00,2026-10-04,20:45:00,7,T+7,economy,saver,0,3 seats left,6320.13,4236.12,807.86,,217.51,,INR,observed,synthetic,"{""fare_text"":""\u20b96,320.13"",""source"":3,""route"":14,""scraped"":""2026-09-27T12:30:00+00:00"",""currency_seen"":""INR"",""availability"":""3 seats left""}",2026-09-27T12:30:00+00:00
1194,14,4,IndiGo,6E203,2026-09-27T04:00:00+00:00,2026-10-04,08:40:00,7,T+7,economy,,0,,4566.45,3206.17,,636.3,121.21,228.18,INR,observed,synthetic,"{""fare_text"":""\u20b94,566.45"",""source"":4,""route"":14,""scraped"":""2026-09-27T04:00:00+00:00"",""currency_seen"":""INR"",""availability"":""""}",2026-09-27T04:00:00+00:00
1195,14,5,Air India,AI203,2026-09-27T04:00:00+00:00,2026-10-04,20:45:00,7,T+7,economy,refundable,0,2 seats left,5597.33,4076.37,545.13,751.16,123.18,101.49,INR,observed,synthetic,"{""fare_text"":""\u20b95,597.33"",""source"":5,""route"":14,""scraped"":""2026-09-27T04:00:00+00:00"",""currency_seen"":""INR"",""availability"":""2 seats left"",""debug"":""unexpected_field""}",2026-09-27T04:00:00+00:00
1196,14,6,IndiGo,6E203,2026-09-27T03:15:00+00:00,2026-10-04,20:45:00,7,T+7,economy,saver,0,9 seats left,4831.24,3461.39,738.67,821.75,,,INR,observed,synthetic,"{""fare_text"":""\u20b94,831.24"",""source"":6,""route"":14,""scraped"":""2026-09-27T03:15:00+00:00"",""currency_seen"":""INR"",""availability"":""9 seats left""}",2026-09-27T03:15:00+00:00
1197,14,1,IndiGo,6E203,2026-09-19T14:35:00+00:00,2026-10-04,11:20:00,15,T+15,economy,flexi,0,5 seats left,5834.75,4445.47,364.3,879.18,145.8,,INR,observed,synthetic,"{""fare_text"":""\u20b95,834.75"",""source"":1,""route"":14,""scraped"":""2026-09-19T14:35:00+00:00"",""currency_seen"":""INR"",""availability"":""5 seats left""}",2026-09-19T14:35:00+00:00
1198,14,2,Air India,AI315,2026-09-19T05:50:00+00:00,2026-10-04,14:05:00,15,T+15,economy,,0,3 seats left,,3838.83,728.72,711.37,,,INR,observed,synthetic,"{""fare_text"":null,""source"":2,""route"":14,""scraped"":""2026-09-19T05:50:00+00:00"",""currency_seen"":""INR"",""availability"":""3 seats left"",""debug"":""unexpected_field""}",2026-09-19T05:50:00+00:00
1199,14,3,Akasa Air,QP110,2026-09-19T03:45:00+00:00,2026-10-04,20:45:00,15,T+15,economy,refundable,1,,,3614.64,764.74,800.46,,,INR,scrape_failed,synthetic,"{""fare_text"":null,""source"":3,""route"":14,""scraped"":""2026-09-19T03:45:00+00:00"",""currency_seen"":""INR"",""availability"":"""",""price_raw"":""N/A""}",2026-09-19T03:45:00+00:00
1200,14,5,Air India,AI203,2026-09-19T08:40:00+00:00,2026-10-04,08:40:00,15,T+15,economy,,1,9 seats left,5349.42,3945.07,,681.48,111.96,86.16,INR,observed,synthetic,"{""fare_text"":""\u20b95,349.42"",""source"":5,""route"":14,""scraped"":""2026-09-19T08:40:00+00:00"",""currency_seen"":""INR"",""availability"":""9 seats left"",""debug"":""unexpected_field""}",2026-09-19T08:40:00+00:00
1201,14,6,IndiGo,6E101,2026-09-19T11:00:00+00:00,2026-10-04,20:45:00,15,T+15,economy,saver,0,2 seats left,6650.54,4990.65,253.02,1135.1,,,INR,observed,synthetic,"{""fare_text"":""\u20b96,650.54"",""source"":6,""route"":14,""scraped"":""2026-09-19T11:00:00+00:00"",""currency_seen"":""INR"",""availability"":""2 seats left"",""debug"":""unexpected_field""}",2026-09-19T11:00:00+00:00
1202,14,1,IndiGo,6E101,2026-09-04T06:45:00+00:00,2026-10-04,14:05:00,30,T+30,economy,flexi,0,,4560.25,2906.97,846.45,687.93,118.9,,INR,sold_out,synthetic,"{""fare_text"":""\u20b94,560.25"",""source"":1,""route"":14,""scraped"":""2026-09-04T06:45:00+00:00"",""currency_seen"":""INR"",""availability"":""""}",2026-09-04T06:45:00+00:00
1203,14,2,Air India,AI315,2026-09-04T14:35:00+00:00,2026-10-04,20:45:00,30,T+30,economy,saver,0,5 seats left,6963.42,4987.91,606.41,1136.04,233.06,,INR,observed,synthetic,"{""fare_text"":""\u20b96,963.42"",""source"":2,""route"":14,""scraped"":""2026-09-04T14:35:00+00:00"",""currency_seen"":""INR"",""availability"":""5 seats left"",""price_raw"":""N/A""}",2026-09-04T14:35:00+00:00
1204,14,3,Akasa Air,QP110,2026-09-04T12:30:00+00:00,2026-10-04,14:05:00,30,T+30,economy,,0,9 seats left,3301.66,2402.19,274.51,521.22,,,INR,observed,synthetic,"{""fare_text"":""\u20b93,301.66"",""source"":3,""route"":14,""scraped"":""2026-09-04T12:30:00+00:00"",""currency_seen"":""INR"",""availability"":""9 seats left""}",2026-09-04T12:30:00+00:00
1205,14,4,IndiGo,6E203,2026-09-04T07:00:00+00:00,2026-10-04,08:40:00,30,T+30,economy,,0,5 seats left,21896.23,2795.41,476.66,642.8,117.68,,INR,observed,synthetic,"{""fare_text"":""\u20b921,896.23"",""source"":4,""route"":14,""scraped"":""2026-09-04T07:00:00+00:00"",""currency_seen"":""INR"",""availability"":""5 seats left""}",2026-09-04T07:00:00+00:00
1206,14,6,IndiGo,6E101,2026-09-04T05:45:00+00:00,2026-10-04,20:45:00,30,T+30,economy,Saver,0,5 seats left,5632.8,3477.58,,790.75,190.84,328.87,INR,observed,synthetic,"{""fare_text"":""\u20b95,632.80"",""source"":6,""route"":14,""scraped"":""2026-09-04T05:45:00+00:00"",""currency_seen"":""INR"",""availability"":""5 seats left""}",2026-09-04T05:45:00+00:00
1207,14,2,Air India,AI203,2026-08-20T08:30:00+00:00,2026-10-04,11:20:00,45,T+45,economy,flexi,0,Available,3737.09,2480.26,650.5,,145.7,,INR,observed,synthetic,"{""fare_text"":""\u20b93,737.09"",""source"":2,""route"":14,""scraped"":""2026-08-20T08:30:00+00:00"",""currency_seen"":""INR"",""availability"":""Available""}",2026-08-20T08:30:00+00:00
1208,14,3,Akasa Air,QP110,2026-08-20T10:30:00+00:00,2026-10-04,25:71:00,45,T+45,economy,refundable,1,2 seats left,6183.3,4240.79,715.88,,228.87,,INR,observed,synthetic,"{""fare_text"":""\u20b96,183.30"",""source"":3,""route"":14,""scraped"":""2026-08-20T10:30:00+00:00"",""currency_seen"":""INR"",""availability"":""2 seats left""}",2026-08-20T10:30:00+00:00
1209,14,4,IndiGo,6E101,2026-08-20T05:15:00+00:00,2026-10-04,11:20:00,45,T+45,economy,flexi,0,9 seats left,6905.31,4655.02,820.02,955.13,251.61,223.53,INR,observed,synthetic,"{""fare_text"":""\u20b96,905.31"",""source"":4,""route"":14,""scraped"":""2026-08-20T05:15:00+00:00"",""currency_seen"":""INR"",""availability"":""9 seats left""}",2026-08-20T05:15:00+00:00
1210,14,5,Air India ,AI315,2026-08-20T07:00:00+00:00,2026-10-04,06:15:00,45,T+45,economy,refundable,3,2 seats left,4687.17,2854.07,782.42,605.85,118.71,326.12,INR,observed,synthetic,"{""fare_text"":""\u20b94,687.17"",""source"":5,""route"":14,""scraped"":""2026-08-20T07:00:00+00:00"",""currency_seen"":""INR"",""availability"":""2 seats left"",""debug"":""unexpected_field""}",2026-08-20T07:00:00+00:00
1211,14,6,IndiGo,6E203,2026-08-20T04:40:00+00:00,2026-10-04,06:15:00,45,T+45,economy,,0,9 seats left,5112.51,3571.71,,781.92,136.25,86.57,₹,observed,synthetic,"{""fare_text"":""\u20b95,112.51"",""source"":6,""route"":14,""scraped"":""2026-08-20T04:40:00+00:00"",""currency_seen"":""\u20b9"",""availability"":""9 seats left""}",2026-08-20T04:40:00+00:00
1212,15,1,IndiGo,6E203,2026-09-19T14:35:00+00:00,2026-09-20,11:20:00,1,T+1,economy,,0,5 seats left,11160.65,8837.1,565.03,1937.25,321.27,,INR,observed,synthetic,"{""fare_text"":""\u20b911,160.65"",""source"":1,""route"":15,""scraped"":""2026-09-19T14:35:00+00:00"",""currency_seen"":""INR"",""availability"":""5 seats left"",""debug"":""unexpected_field""}",2026-09-19T14:35:00+00:00
1213,15,2,Air India,AI315,2026-09-19T02:40:00+00:00,2026-09-20,14:05:00,1,T+1,economy,refundable,0,9 seats left,12461.99,9876.68,407.06,1659.16,519.09,,INR,observed,synthetic,"{""fare_text"":""\u20b912,461.99"",""source"":2,""route"":15,""scraped"":""2026-09-19T02:40:00+00:00"",""currency_seen"":""INR"",""availability"":""9 seats left""}",2026-09-19T02:40:00+00:00
1214,15,3,Akasa Air,QP110,2026-09-19T14:45:00+00:00,2026-09-20,08:40:00,1,T+1,economy,flexi,0,3 seats left,12429.92,9496.1,565.27,1903.67,464.88,,INR,observed,synthetic,"{""fare_text"":""\u20b912,429.92"",""source"":3,""route"":15,""scraped"":""2026-09-19T14:45:00+00:00"",""currency_seen"":""INR"",""availability"":""3 seats left""}",2026-09-19T14:45:00+00:00
1215,15,5,Air India,AI101,2026-09-19T05:35:00+00:00,2026-09-20,14:05:00,1,T+1,economy,,1,5 seats left,13463.88,9667.84,,2347.3,484.06,184.1,₹,observed,synthetic,"{""fare_text"":""\u20b913,463.88"",""source"":5,""route"":15,""scraped"":""2026-09-19T05:35:00+00:00"",""currency_seen"":""\u20b9"",""availability"":""5 seats left""}",2026-09-19T05:35:00+00:00
1216,15,1,indigo,6E315,2026-09-13T06:35:00+00:00,2026-09-20,11:20:00,7,T+7,economy,,1,5 seats left,14446.17,9886.19,692.61,2366.01,501.36,,INR,observed,synthetic,"{""fare_text"":""\u20b914,446.17"",""source"":1,""route"":15,""scraped"":""2026-09-13T06:35:00+00:00"",""currency_seen"":""INR"",""availability"":""5 seats left""}",2026-09-13T06:35:00+00:00
1217,15,2,Air India,AI315,2026-09-13T10:50:00+00:00,2026-09-20,17:30:00,7,T+7,Economy,refundable,0,9 seats left,11743.36,9093.4,521.81,1789.92,338.23,,INR,observed,synthetic,"{""fare_text"":""\u20b911,743.36"",""source"":2,""route"":15,""scraped"":""2026-09-13T10:50:00+00:00"",""currency_seen"":""INR"",""availability"":""9 seats left""}",2026-09-13T10:50:00+00:00
1218,15,3,Akasa Air,QP318,2026-09-13T07:00:00+00:00,2026-09-20,20:45:00,7,T+7,economy,,0,,16402.19,12410.77,731.38,2725.95,,,INR,observed,synthetic,"{""fare_text"":""\u20b916,402.19"",""source"":3,""route"":15,""scraped"":""2026-09-13T07:00:00+00:00"",""currency_seen"":""INR"",""availability"":null}",2026-09-13T07:00:00+00:00
1219,15,4,IndiGo,6E101,2026-09-13T06:00:00+00:00,2026-09-20,20:45:00,7,T+7,economy,refundable,0,,14660.22,10956.68,797.77,2436.76,333.37,135.64,INR,observed,synthetic,"{""fare_text"":""\u20b914,660.22"",""source"":4,""route"":15,""scraped"":""2026-09-13T06:00:00+00:00"",""currency_seen"":""INR"",""availability"":null,""price_raw"":""N/A""}",2026-09-13T06:00:00+00:00
1220,15,5,Air India,AI203,2026-09-13T12:30:00+00:00,2026-09-20,20:45:00,7,T+7,economy,,0,5 seats left,63464.45,7340.96,605.45,1257.52,352.69,288.58,INR,parse_error,synthetic,"{""fare_text"":""\u20b963,464.45"",""source"":5,""route"":15,""scraped"":""2026-09-13T12:30:00+00:00"",""currency_seen"":""INR"",""availability"":""5 seats left""}",2026-09-13T12:30:00+00:00
1221,15,3,Akasa Air,QP318,2026-09-05T10:30:00+00:00,2026-09-20,17:30:00,15,T+15,economy,flexi,0,,7816.16,5442.09,760.04,1313.03,301.0,,INR,observed,synthetic,"{""fare_text"":""\u20b97,816.16"",""source"":3,""route"":15,""scraped"":""2026-09-05T10:30:00+00:00"",""currency_seen"":""INR"",""availability"":null}",2026-09-05T10:30:00+00:00
1222,15,5,Air India,AI101,2026-09-05T08:40:00+00:00,2026-09-20,20:45:00,15,T+15,economy,saver,0,2 seats left,11077.95,8025.7,840.79,1637.76,,,INR,observed,synthetic,"{""fare_text"":""\u20b911,077.95"",""source"":5,""route"":15,""scraped"":""2026-09-05T08:40:00+00:00"",""currency_seen"":""INR"",""availability"":""2 seats left""}",2026-09-05T08:40:00+00:00
1223,15,6,IndiGo,6E315,2026-09-05T03:45:00+00:00,2026-09-20,11:20:00,15,T+15,economy,refundable,0,Available,13589.61,10305.74,252.1,2290.01,530.16,,INR,observed,synthetic,"{""fare_text"":""\u20b913,589.61"",""source"":6,""route"":15,""scraped"":""2026-09-05T03:45:00+00:00"",""currency_seen"":""INR"",""availability"":""Available""}",2026-09-05T03:45:00+00:00
1224,15,1,IndiGo,6E315,2026-08-06T04:00:00+00:00,2026-09-20,17:30:00,45,T+45,economy,flexi,0,,7379.3,5457.96,719.42,994.59,207.33,,INR,observed,synthetic,"{""fare_text"":""\u20b97,379.30"",""source"":1,""route"":15,""scraped"":""2026-08-06T04:00:00+00:00"",""currency_seen"":""INR"",""availability"":""""}",2026-08-06T04:00:00+00:00
1225,15,2,Air India,AI101,2026-08-06T06:30:00+00:00,2026-09-20,08:40:00,45,T+90,economy,,0,,8925.93,6806.31,585.57,1320.29,213.76,,INR,scrape_failed,synthetic,"{""fare_text"":""\u20b98,925.93"",""source"":2,""route"":15,""scraped"":""2026-08-06T06:30:00+00:00"",""currency_seen"":""INR"",""availability"":""""}",2026-08-06T06:30:00+00:00
1226,15,3,Akasa Air,QP202,2026-08-06T02:35:00+00:00,2026-09-20,08:40:00,45,T+45,economy,refundable,0,,7258.09,5141.54,772.16,1127.49,216.9,,INR,observed,synthetic,"{""fare_text"":""\u20b97,258.09"",""source"":3,""route"":15,""scraped"":""2026-08-06T02:35:00+00:00"",""currency_seen"":""INR"",""availability"":""""}",2026-08-06T02:35:00+00:00
1227,15,4,IndiGo,6E203,2026-08-06T10:50:00+00:00,2026-09-20,14:05:00,45,T+45,economy,saver,0,Available,7924.39,5877.85,443.6,1049.25,256.26,,INR,observed,synthetic,"{""fare_text"":""\u20b97,924.39"",""source"":4,""route"":15,""scraped"":""2026-08-06T10:50:00+00:00"",""currency_seen"":""INR"",""availability"":""Available""}",2026-08-06T10:50:00+00:00
1228,15,5,Air India,AI315,2026-08-06T10:40:00+00:00,2026-09-20,14:05:00,45,T+45,economy,,0,5 seats left,60517.11,7697.19,409.97,1638.85,360.77,,INR,observed,synthetic,"{""fare_text"":""\u20b960,517.11"",""source"":5,""route"":15,""scraped"":""2026-08-06T10:40:00+00:00"",""currency_seen"":""INR"",""availability"":""5 seats left""}",2026-08-06T10:40:00+00:00
1229,15,6,IndiGo,6E315,2026-08-06T06:00:00+00:00,2026-09-20,11:20:00,45,T+45,economy,saver,0,two seats,9104.04,6556.94,392.44,1570.16,,329.43,INR,observed,synthetic,"{""fare_text"":""\u20b99,104.04"",""source"":6,""route"":15,""scraped"":""2026-08-06T06:00:00+00:00"",""currency_seen"":""INR"",""availability"":""two seats"",""debug"":""unexpected_field""}",2026-08-06T06:00:00+00:00
1230,15,3,Akasa Air,QP110,2026-09-22T05:00:00+00:00,2026-09-23,17:30:00,1,T+1,economy,,0,5 seats left,14555.61,10930.29,753.1,2328.69,543.53,,INR,observed,synthetic,"{""fare_text"":""\u20b914,555.61"",""source"":3,""route"":15,""scraped"":""2026-09-22T05:00:00+00:00"",""currency_seen"":""INR"",""availability"":""5 seats left"",""debug"":""unexpected_field""}",2026-09-22T05:00:00+00:00
1231,15,4,IndiGo,6E315,2026-09-22T12:45:00+00:00,2026-09-23,17:30:00,1,T+1,economy,refundable,0,,11428.91,8456.74,517.42,2111.21,255.42,,INR,observed,synthetic,"{""fare_text"":""\u20b911,428.91"",""source"":4,""route"":15,""scraped"":""2026-09-22T12:45:00+00:00"",""currency_seen"":""INR"",""availability"":""""}",2026-09-22T12:45:00+00:00
1232,15,1,IndiGo,6E101,2026-09-16T05:50:00+00:00,2026-09-23,11:20:00,7,T+7,economy,saver,0,Available,14646.54,11399.09,473.53,2444.38,329.54,,INR,observed,synthetic,"{""fare_text"":""\u20b914,646.54"",""source"":1,""route"":15,""scraped"":""2026-09-16T05:50:00+00:00"",""currency_seen"":""INR"",""availability"":""Available"",""price_raw"":""N/A""}",2026-09-16T05:50:00+00:00
1233,15,2,Air India,AI203,2026-09-16T02:35:00+00:00,2026-09-23,11:20:00,7,T+7,economy,saver,0,,15736.31,12335.35,405.55,2590.55,404.86,,INR,observed,synthetic,"{""fare_text"":""\u20b915,736.31"",""source"":2,""route"":15,""scraped"":""2026-09-16T02:35:00+00:00"",""currency_seen"":""INR"",""availability"":null}",2026-09-16T02:35:00+00:00
1234,15,3,Akasa Air,QP318,2026-09-16T12:40:00+00:00,2026-09-23,14:05:00,7,T+7,economy,saver,0,2 seats left,86978.05,9506.33,610.43,2362.5,305.47,,INR,scrape_failed,synthetic,"{""fare_text"":""\u20b986,978.05"",""source"":3,""route"":15,""scraped"":""2026-09-16T12:40:00+00:00"",""currency_seen"":""INR"",""availability"":""2 seats left""}",2026-09-16T12:40:00+00:00
1235,15,4,IndiGo,6E101,2026-09-16T05:40:00+00:00,2026-09-23,11:20:00,7,T+7,economy,refundable,0,,9849.68,6995.02,867.97,1408.69,418.03,,INR,observed,synthetic,"{""fare_text"":""\u20b99,849.68"",""source"":4,""route"":15,""scraped"":""2026-09-16T05:40:00+00:00"",""currency_seen"":""INR"",""availability"":null}",2026-09-16T05:40:00+00:00
1236,15,5,Air India,AI101,2026-09-16T05:50:00+00:00,2026-09-23,17:30:00,7,T+7,economy,refundable,0,9 seats left,10635.51,8057.02,437.41,1667.3,,148.47,INR,observed,synthetic,"{""fare_text"":""\u20b910,635.51"",""source"":5,""route"":15,""scraped"":""2026-09-16T05:50:00+00:00"",""currency_seen"":""INR"",""availability"":""9 seats left""}",2026-09-16T05:50:00+00:00
1237,15,1,IndiGo,6E315,2026-09-08T08:50:00+00:00,2026-09-23,11:20:00,15,T+15,economy,flexi,0,Available,8053.44,6195.7,,1279.39,233.42,,INR,observed,synthetic,"{""fare_text"":""\u20b98,053.44"",""source"":1,""route"":15,""scraped"":""2026-09-08T08:50:00+00:00"",""currency_seen"":""INR"",""availability"":""Available""}",2026-09-08T08:50:00+00:00
1238,15,2,Air India,AI101,2026-09-08T10:35:00+00:00,2026-09-23,14:05:00,15,T+15,economy,refundable,0,3 seats left,9166.73,7126.13,,1234.71,250.73,,INR,observed,synthetic,"{""fare_text"":""\u20b99,166.73"",""source"":2,""route"":15,""scraped"":""2026-09-08T10:35:00+00:00"",""currency_seen"":""INR"",""availability"":""3 seats left""}",2026-09-08T10:35:00+00:00
1239,15,3,Akasa Air,QP318,2026-09-08T11:15:00+00:00,2026-09-23,20:45:00,15,T+15,economy,,0,5 seats left,11098.36,8467.32,781.39,1592.27,257.38,,INR,observed,synthetic,"{""fare_text"":""\u20b911,098.36"",""source"":3,""route"":15,""scraped"":""2026-09-08T11:15:00+00:00"",""currency_seen"":""INR"",""availability"":""5 seats left"",""price_raw"":""N/A""}",2026-09-08T11:15:00+00:00
1240,15,5,Air India,AI203,2026-09-08T14:35:00+00:00,2026-09-23,17:30:00,15,T+15,economy,flexi,0,2 seats left,14811.19,10507.31,815.95,,618.35,,INR,sold_out,synthetic,"{""fare_text"":""\u20b914,811.19"",""source"":5,""route"":15,""scraped"":""2026-09-08T14:35:00+00:00"",""currency_seen"":""INR"",""availability"":""2 seats left""}",2026-09-08T14:35:00+00:00
1241,15,6,IndiGo,6E203,2026-09-08T06:35:00+00:00,2026-09-23,14:05:00,15,T+15,economy,,0,Available,10512.07,8233.7,,1754.54,,147.43,INR ,observed,synthetic,"{""fare_text"":""\u20b910,512.07"",""source"":6,""route"":15,""scraped"":""2026-09-08T06:35:00+00:00"",""currency_seen"":""INR "",""availability"":""Available""}",2026-09-08T06:35:00+00:00
1242,15,1,IndiGo,6E101,2026-08-24T04:15:00+00:00,2026-09-23,11:20:00,30,T+30,economy,flexi,0,,8603.71,6504.14,,,322.95,,INR,observed,synthetic,"{""fare_text"":""\u20b98,603.71"",""source"":1,""route"":15,""scraped"":""2026-08-24T04:15:00+00:00"",""currency_seen"":""INR"",""availability"":null}",2026-08-24T04:15:00+00:00
1243,15,3,Akasa Air,QP318,2026-08-24T03:45:00+00:00,2026-09-23,14:05:00,30,T+30,economy,,0,,8048.4,5770.92,764.49,1171.93,341.06,,INR,observed,synthetic,"{""fare_text"":""\u20b98,048.40"",""source"":3,""route"":15,""scraped"":""2026-08-24T03:45:00+00:00"",""currency_seen"":""INR"",""availability"":null}",2026-08-24T03:45:00+00:00
1244,15,4,IndiGo,6E101,2026-08-24T02:35:00+00:00,2026-09-23,06:15:00,32,T+30,economy,flexi,0,5 seats left,10507.64,7852.58,752.96,1513.95,249.31,138.84,INR,observed,synthetic,"{""fare_text"":""\u20b910,507.64"",""source"":4,""route"":15,""scraped"":""2026-08-24T02:35:00+00:00"",""currency_seen"":""INR"",""availability"":""5 seats left""}",2026-08-24T02:35:00+00:00
1245,15,5,Air India,AI203,2026-08-24T14:40:00+00:00,2026-09-23,08:40:00,30,T+30,economy,saver,0,5 seats left,13957.99,10630.8,301.66,2370.66,,208.05,₹,observed,synthetic,"{""fare_text"":""\u20b913,957.99"",""source"":5,""route"":15,""scraped"":""2026-08-24T14:40:00+00:00"",""currency_seen"":""\u20b9"",""availability"":""5 seats left""}",2026-08-24T14:40:00+00:00
1246,15,6,IndiGo,6E315,2026-08-24T04:00:00+00:00,2026-09-23,17:30:00,30,T+30,economy,flexi,0,,9000.25,6678.95,662.9,1187.1,263.57,207.73,INR,observed,synthetic,"{""fare_text"":""\u20b99,000.25"",""source"":6,""route"":15,""scraped"":""2026-08-24T04:00:00+00:00"",""currency_seen"":""INR"",""availability"":null}",2026-08-24T04:00:00+00:00
1247,15,2,Air India,AI101,2026-08-09T05:50:00+00:00,2026-09-23,08:40:00,45,T+45,Economy,flexi,0,2 seats left,10847.68,8200.01,629.81,1622.15,395.71,,INR,observed,synthetic,"{""fare_text"":""\u20b910,847.68"",""source"":2,""route"":15,""scraped"":""2026-08-09T05:50:00+00:00"",""currency_seen"":""INR"",""availability"":""2 seats left""}",2026-08-09T05:50:00+00:00
1248,15,3,Akasa Air,QP110,2026-08-09T06:30:00+00:00,2026-09-23,06:15:00,45,T+45,economy,,0,3 seats left,12141.47,9696.63,516.04,1615.36,,,INR,observed,synthetic,"{""fare_text"":""\u20b912,141.47"",""source"":3,""route"":15,""scraped"":""2026-08-09T06:30:00+00:00"",""currency_seen"":""INR"",""availability"":""3 seats left""}",2026-08-09T06:30:00+00:00
1249,15,4,IndiGo,6E101,2026-08-09T08:35:00+00:00,2026-09-23,17:30:00,45,T+45,economy,flexi,0,2 seats left,9393.89,6994.4,370.91,1458.36,307.27,262.95,INR,observed,synthetic,"{""fare_text"":""\u20b99,393.89"",""source"":4,""route"":15,""scraped"":""2026-08-09T08:35:00+00:00"",""currency_seen"":""INR"",""availability"":""2 seats left""}",2026-08-09T08:35:00+00:00
1250,15,6,IndiGo,6E101,2026-08-09T12:30:00+00:00,2026-09-23,11:20:00,45,T+45,economy,saver,0,5 seats left,7830.27,5782.32,331.91,1210.6,226.91,278.53,INR,observed,synthetic,"{""fare_text"":""\u20b97,830.27"",""source"":6,""route"":15,""scraped"":""2026-08-09T12:30:00+00:00"",""currency_seen"":""INR"",""availability"":""5 seats left""}",2026-08-09T12:30:00+00:00
1251,15,1,IndiGo,6E101,2026-09-26T02:40:00+00:00,2026-09-27,17:30:00,1,T+1,economy,saver,0,5 seats left,10334.38,7811.43,586.04,,283.81,,INR,observed,synthetic,"{""fare_text"":""\u20b910,334.38"",""source"":1,""route"":15,""scraped"":""2026-09-26T02:40:00+00:00"",""currency_seen"":""INR"",""availability"":""5 seats left""}",2026-09-26T02:40:00+00:00
1252,15,2,Air India,AI101,2026-09-26T09:15:00+00:00,2026-09-27,08:40:00,1,T+1,economy,saver,0,Available,16849.25,13479.15,,,565.58,,INR,observed,synthetic,"{""fare_text"":""\u20b916,849.25"",""source"":2,""route"":15,""scraped"":""2026-09-26T09:15:00+00:00"",""currency_seen"":""INR"",""availability"":""Available""}",2026-09-26T09:15:00+00:00
1253,15,3,Akasa Air,QP318,2026-09-26T05:45:00+00:00,2026-09-27,17:30:00,1,T+1,economy,flexi,0,5 seats left,5109.64,10083.43,299.45,2233.39,468.49,,INR,observed,synthetic,"{""fare_text"":""\u20b95,109.64"",""source"":3,""route"":15,""scraped"":""2026-09-26T05:45:00+00:00"",""currency_seen"":""INR"",""availability"":""5 seats left""}",2026-09-26T05:45:00+00:00
1254,15,4,IndiGo,6E101,2026-09-26T04:40:00+00:00,2026-09-27,06:15:00,1,T+1,economy,,0,3 seats left,12493.78,9991.75,280.67,1688.66,303.62,,INR,observed,synthetic,"{""fare_text"":""\u20b912,493.78"",""source"":4,""route"":15,""scraped"":""2026-09-26T04:40:00+00:00"",""currency_seen"":""INR"",""availability"":""3 seats left""}",2026-09-26T04:40:00+00:00
1255,15,6,IndiGo,6E203,2026-09-26T11:15:00+00:00,2026-09-27,14:05:00,1,T+1,economy,,1,3 seats left,3566.95,9639.33,312.93,2340.75,,,INR,observed,synthetic,"{""fare_text"":""\u20b93,566.95"",""source"":6,""route"":15,""scraped"":""2026-09-26T11:15:00+00:00"",""currency_seen"":""INR"",""availability"":""3 seats left""}",2026-09-26T11:15:00+00:00
1256,15,1,IndiGo,6E203,2026-09-20T07:00:00+00:00,2026-09-27,17:30:00,7,T+7,economy,saver,0,3 seats left,13672.4,10736.0,860.01,1728.61,347.78,,INR,observed,synthetic,"{""fare_text"":""\u20b913,672.40"",""source"":1,""route"":15,""scraped"":""2026-09-20T07:00:00+00:00"",""currency_seen"":""INR"",""availability"":""3 seats left""}",2026-09-20T07:00:00+00:00
1257,15,2,Air India,AI101,2026-09-20T06:15:00+00:00,2026-09-27,08:40:00,7,T+7,economy,saver,0,,9178.48,6652.68,723.98,1490.35,311.47,,₹,observed,synthetic,"{""fare_text"":""\u20b99,178.48"",""source"":2,""route"":15,""scraped"":""2026-09-20T06:15:00+00:00"",""currency_seen"":""\u20b9"",""availability"":""""}",2026-09-20T06:15:00+00:00
1258,15,3,Akasa Air,QP110,2026-09-20T09:00:00+00:00,2026-09-27,11:20:00,7,T+7,economy,,0,Available,10814.89,8274.56,692.83,1370.57,,,INR,observed,synthetic,"{""fare_text"":""\u20b910,814.89"",""source"":3,""route"":15,""scraped"":""2026-09-20T09:00:00+00:00"",""currency_seen"":""INR"",""availability"":""Available""}",2026-09-20T09:00:00+00:00
1259,15,6,IndiGo,6E101,2026-09-20T04:40:00+00:00,2026-09-27,17:30:00,7,T+7,economy,,0,,12040.22,8724.97,830.17,,282.65,316.63,INR,observed,synthetic,"{""fare_text"":""\u20b912,040.22"",""source"":6,""route"":15,""scraped"":""2026-09-20T04:40:00+00:00"",""currency_seen"":""INR"",""availability"":""""}",2026-09-20T04:40:00+00:00
1260,15,1,IndiGo,6E101,2026-09-12T02:50:00+00:00,2026-09-27,17:30:00,15,T+15,economy,,0,2 seats left,10603.56,8113.02,265.61,2007.87,217.06,,INR,observed,synthetic,"{""fare_text"":""\u20b910,603.56"",""source"":1,""route"":15,""scraped"":""2026-09-12T02:50:00+00:00"",""currency_seen"":""INR"",""availability"":""2 seats left"",""price_raw"":""N/A""}",2026-09-12T02:50:00+00:00
1261,15,2,Air India,AI315,2026-09-12T04:35:00+00:00,2026-09-27,14:05:00,15,T+15,economy,,0,,9657.16,7063.93,572.21,1672.1,348.92,,INR,observed,synthetic,"{""fare_text"":""\u20b99,657.16"",""source"":2,""route"":15,""scraped"":""2026-09-12T04:35:00+00:00"",""currency_seen"":""INR"",""availability"":null}",2026-09-12T04:35:00+00:00
1262,15,4,IndiGo,6E203,2026-09-12T03:50:00+00:00,2026-09-27,08:40:00,15,T+15,economy,saver,1,,33763.24,7197.75,,1414.15,233.95,245.89,INR,observed,synthetic,"{""fare_text"":""\u20b933,763.24"",""source"":4,""route"":15,""scraped"":""2026-09-12T03:50:00+00:00"",""currency_seen"":""INR"",""availability"":null}",2026-09-12T03:50:00+00:00
1263,15,5,Air India,AI315,2026-09-12T05:40:00+00:00,2026-09-27,11:20:00,15,T+15,economy,refundable,0,9 seats left,11269.07,8088.2,735.29,1785.71,315.83,344.04,INR,observed,synthetic,"{""fare_text"":""\u20b911,269.07"",""source"":5,""route"":15,""scraped"":""2026-09-12T05:40:00+00:00"",""currency_seen"":""INR"",""availability"":""9 seats left""}",2026-09-12T05:40:00+00:00
1264,15,1,IndiGo,6E315,2026-08-28T05:15:00+00:00,2026-09-27,17:30:00,30,T+30,economy,,0,9 seats left,9600.4,7324.49,529.29,1401.52,345.1,,INR,observed,synthetic,"{""fare_text"":""\u20b99,600.40"",""source"":1,""route"":15,""scraped"":""2026-08-28T05:15:00+00:00"",""currency_seen"":""INR"",""availability"":""9 seats left""}",2026-08-28T05:15:00+00:00
1265,15,2,Air India,AI315,2026-08-28T14:30:00+00:00,2026-09-27,06:15:00,30,T+30,economy,refundable,0,,9007.43,7034.68,299.23,1407.09,266.43,,INR,observed,synthetic,"{""fare_text"":""\u20b99,007.43"",""source"":2,""route"":15,""scraped"":""2026-08-28T14:30:00+00:00"",""currency_seen"":""INR"",""availability"":null,""debug"":""unexpected_field""}",2026-08-28T14:30:00+00:00
1266,15,3,Akasa Air,QP202,2026-08-28T05:00:00+00:00,2026-09-27,20:45:00,30,T+30,economy,refundable,0,9 seats left,8674.37,6582.87,343.89,,223.7,,INR,observed,synthetic,"{""fare_text"":""\u20b98,674.37"",""source"":3,""route"":15,""scraped"":""2026-08-28T05:00:00+00:00"",""currency_seen"":""INR"",""availability"":""9 seats left""}",2026-08-28T05:00:00+00:00
1267,15,4,IndiGo,6E101,2026-08-28T03:40:00+00:00,2026-09-27,17:30:00,30,T+30,economy,refundable,0,9 seats left,7524.81,5255.3,786.18,1083.72,288.6,111.01,INR,sold_out,synthetic,"{""fare_text"":""\u20b97,524.81"",""source"":4,""route"":15,""scraped"":""2026-08-28T03:40:00+00:00"",""currency_seen"":""INR"",""availability"":""9 seats left"",""price_raw"":""N/A""}",2026-08-28T03:40:00+00:00
1268,15,5,Air India,AI203,2026-08-28T08:35:00+00:00,2026-09-27,17:30:00,30,T+30,economy,,0,2 seats left,9501.12,6892.98,722.5,1367.99,249.89,92.76,INR,observed,synthetic,"{""fare_text"":""\u20b99,501.12"",""source"":5,""route"":15,""scraped"":""2026-08-28T08:35:00+00:00"",""currency_seen"":""INR"",""availability"":""2 seats left""}",2026-08-28T08:35:00+00:00
1269,15,6,IndiGo,6E203,2026-08-28T04:50:00+00:00,2026-09-27,17:30:00,30,T+90,economy,,0,5 seats left,7026.44,4936.03,710.08,991.6,143.1,245.63,INR,observed,synthetic,"{""fare_text"":""\u20b97,026.44"",""source"":6,""route"":15,""scraped"":""2026-08-28T04:50:00+00:00"",""currency_seen"":""INR"",""availability"":""5 seats left""}",2026-08-28T04:50:00+00:00
1270,15,1,IndiGo,6E315,2026-08-13T04:15:00+00:00,2026-09-27,11:20:00,45,T+45,economy,refundable,0,3 seats left,8222.47,6473.2,,1076.73,175.43,,INR,observed,synthetic,"{""fare_text"":""\u20b98,222.47"",""source"":1,""route"":15,""scraped"":""2026-08-13T04:15:00+00:00"",""currency_seen"":""INR"",""availability"":""3 seats left""}",2026-08-13T04:15:00+00:00
1271,15,2,Air India,AI203,2026-08-13T06:35:00+00:00,2026-09-27,11:20:00,45,T+45,economy,flexi,0,,9316.07,7280.07,566.62,1198.65,270.73,,INR,observed,synthetic,"{""fare_text"":""\u20b99,316.07"",""source"":2,""route"":15,""scraped"":""2026-08-13T06:35:00+00:00"",""currency_seen"":""INR"",""availability"":null}",2026-08-13T06:35:00+00:00
1272,15,4,IndiGo ,6E101,2026-08-13T13:15:00+00:00,2026-09-27,14:05:00,45,T+45,economy,refundable,0,2 seats left,9465.7,6843.45,424.77,1319.68,,317.73,INR,observed,synthetic,"{""fare_text"":""\u20b99,465.70"",""source"":4,""route"":15,""scraped"":""2026-08-13T13:15:00+00:00"",""currency_seen"":""INR"",""availability"":""2 seats left""}",2026-08-13T13:15:00+00:00
1273,15,5,Air India,AI315,2026-08-13T12:35:00+00:00,2026-09-27,17:30:00,45,T+45,economy,,0,9 seats left,8429.72,6318.47,498.23,1044.55,293.97,,INR,parse_error,synthetic,"{""fare_text"":""\u20b98,429.72"",""source"":5,""route"":15,""scraped"":""2026-08-13T12:35:00+00:00"",""currency_seen"":""INR"",""availability"":""9 seats left""}",2026-08-13T12:35:00+00:00
1274,15,6,IndiGo,6E203,2026-08-13T11:15:00+00:00,2026-09-27,06:15:00,45,T+45,economy,,0,,11402.39,7876.32,592.5,1447.93,223.43,262.21,INR,observed,synthetic,"{""fare_text"":""\u20b911,402.39"",""source"":6,""route"":15,""scraped"":""2026-08-13T11:15:00+00:00"",""currency_seen"":""INR"",""availability"":""""}",2026-08-13T11:15:00+00:00
1275,15,1,IndiGo,6E203,2026-10-03T05:30:00+00:00,2026-10-04,14:05:00,1,T+1,economy,saver,0,,13203.75,10470.25,359.98,2047.63,325.89,,INR,observed,synthetic,"{""fare_text"":""\u20b913,203.75"",""source"":1,""route"":15,""scraped"":""2026-10-03T05:30:00+00:00"",""currency_seen"":""INR"",""availability"":null,""debug"":""unexpected_field""}",2026-10-03T05:30:00+00:00
1276,15,2,Air India,AI101,2026-10-03T06:45:00+00:00,2026-10-04,08:40:00,0,T+1,economy,refundable,0,,15908.36,11669.67,775.16,2839.81,623.72,,INR,observed,synthetic,"{""fare_text"":""\u20b915,908.36"",""source"":2,""route"":15,""scraped"":""2026-10-03T06:45:00+00:00"",""currency_seen"":""INR"",""availability"":null}",2026-10-03T06:45:00+00:00
1277,15,3,Akasa Air,QP202,2026-10-03T06:45:00+00:00,2026-10-04,08:40:00,1,T+1,economy,,0,5 seats left,9348.19,7153.39,640.45,1250.3,,,INR,observed,synthetic,"{""fare_text"":""\u20b99,348.19"",""source"":3,""route"":15,""scraped"":""2026-10-03T06:45:00+00:00"",""currency_seen"":""INR"",""availability"":""5 seats left""}",2026-10-03T06:45:00+00:00
1278,15,4,IndiGo,6E315,2026-10-03T11:00:00+00:00,2026-10-04,08:40:00,1,T+1,economy,,0,2 seats left,15612.5,11737.13,568.84,2880.1,334.97,91.46,INR,observed,synthetic,"{""fare_text"":""\u20b915,612.50"",""source"":4,""route"":15,""scraped"":""2026-10-03T11:00:00+00:00"",""currency_seen"":""INR"",""availability"":""2 seats left""}",2026-10-03T11:00:00+00:00
1279,15,5,Air India ,AI101,2026-10-03T12:50:00+00:00,2026-10-04,11:20:00,1,T+1,Economy,,0,2 seats left,10846.15,8166.87,616.84,1549.41,301.43,211.6,INR,observed,synthetic,"{""fare_text"":""\u20b910,846.15"",""source"":5,""route"":15,""scraped"":""2026-10-03T12:50:00+00:00"",""currency_seen"":""INR"",""availability"":""2 seats left""}",2026-10-03T12:50:00+00:00
1280,15,6,IndiGo,6E101,2026-10-03T03:30:00+00:00,2026-10-04,20:45:00,3,T+90,economy,saver,0,2 seats left,11940.16,8866.95,,1936.46,325.28,95.41,INR,sold_out,synthetic,"{""fare_text"":""\u20b911,940.16"",""source"":6,""route"":15,""scraped"":""2026-10-03T03:30:00+00:00"",""currency_seen"":""INR"",""availability"":""2 seats left""}",2026-10-03T03:30:00+00:00
1281,15,3,Akasa Air,QP318,2026-09-27T08:40:00+00:00,2026-10-04,06:15:00,7,T+7,economy,,0,,11315.01,8451.39,680.25,1942.87,240.5,,INR,observed,synthetic,"{""fare_text"":""\u20b911,315.01"",""source"":3,""route"":15,""scraped"":""2026-09-27T08:40:00+00:00"",""currency_seen"":""INR"",""availability"":""""}",2026-09-27T08:40:00+00:00
1282,15,4,IndiGo,6E203,2026-09-27T06:45:00+00:00,2026-10-04,20:45:00,7,T+7,economy,,1,,11049.72,8636.34,745.45,,504.24,176.0,INR,observed,synthetic,"{""fare_text"":""\u20b911,049.72"",""source"":4,""route"":15,""scraped"":""2026-09-27T06:45:00+00:00"",""currency_seen"":""INR"",""availability"":""""}",2026-09-27T06:45:00+00:00
1283,15,5,Air India,AI101,2026-09-27T03:30:00+00:00,2026-10-04,11:20:00,7,T+7,economy,flexi,0,5 seats left,12504.15,9460.57,742.79,1653.96,425.95,220.88,INR,observed,synthetic,"{""fare_text"":""\u20b912,504.15"",""source"":5,""route"":15,""scraped"":""2026-09-27T03:30:00+00:00"",""currency_seen"":""INR"",""availability"":""5 seats left"",""debug"":""unexpected_field""}",2026-09-27T03:30:00+00:00
1284,15,6,IndiGo,6E101,2026-09-27T06:15:00+00:00,2026-10-04,08:40:00,7,T+7,economy,,0,2 seats left,9419.27,7126.48,882.67,1201.12,407.23,301.77,INR,observed,synthetic,"{""fare_text"":""\u20b99,419.27"",""source"":6,""route"":15,""scraped"":""2026-09-27T06:15:00+00:00"",""currency_seen"":""INR"",""availability"":""2 seats left""}",2026-09-27T06:15:00+00:00
1285,15,2,Air India,AI101,2026-09-19T06:35:00+00:00,2026-10-04,08:40:00,15,T+15,economy,saver,0,Available,8874.29,6889.22,442.27,1209.09,333.71,,INR,observed,synthetic,"{""fare_text"":""\u20b98,874.29"",""source"":2,""route"":15,""scraped"":""2026-09-19T06:35:00+00:00"",""currency_seen"":""INR"",""availability"":""Available""}",2026-09-19T06:35:00+00:00
1286,15,3,Akasa Air,QP318,2026-09-19T14:50:00+00:00,2026-10-04,17:30:00,14,T+15,economy,,0,3 seats left,9660.93,7340.14,660.26,1247.46,413.07,,INR,observed,synthetic,"{""fare_text"":""\u20b99,660.93"",""source"":3,""route"":15,""scraped"":""2026-09-19T14:50:00+00:00"",""currency_seen"":""INR"",""availability"":""3 seats left""}",2026-09-19T14:50:00+00:00
1287,15,4,IndiGo,6E203,2026-09-19T04:30:00+00:00,2026-10-04,20:45:00,15,T+15,economy,,0,,7264.91,5507.05,713.88,934.2,173.74,,INR,observed,synthetic,"{""fare_text"":""\u20b97,264.91"",""source"":4,""route"":15,""scraped"":""2026-09-19T04:30:00+00:00"",""currency_seen"":""INR"",""availability"":""""}",2026-09-19T04:30:00+00:00
1288,15,5,Air India,AI203,2026-09-19T08:40:00+00:00,2026-10-04,17:30:00,15,T+15,economy,saver,0,9 seats left,12137.86,8708.24,550.42,2141.52,414.11,323.57,INR,observed,synthetic,"{""fare_text"":""\u20b912,137.86"",""source"":5,""route"":15,""scraped"":""2026-09-19T08:40:00+00:00"",""currency_seen"":""INR"",""availability"":""9 seats left"",""debug"":""unexpected_field""}",2026-09-19T08:40:00+00:00
1289,15,6,IndiGo,6E101,2026-09-19T10:35:00+00:00,2026-10-04,08:40:00,15,T+15,economy,saver,0,2 seats left,16330.02,12430.22,583.02,2663.29,546.0,107.49,INR,observed,synthetic,"{""fare_text"":""\u20b916,330.02"",""source"":6,""route"":15,""scraped"":""2026-09-19T10:35:00+00:00"",""currency_seen"":""INR"",""availability"":""2 seats left""}",2026-09-19T10:35:00+00:00
1290,15,1,IndiGo,6E203,2026-09-04T04:45:00+00:00,2026-10-04,14:05:00,30,T+30,economy,refundable,3,3 seats left,8319.73,6208.37,613.56,1179.67,318.13,,INR,scrape_failed,synthetic,"{""fare_text"":""\u20b98,319.73"",""source"":1,""route"":15,""scraped"":""2026-09-04T04:45:00+00:00"",""currency_seen"":""INR"",""availability"":""3 seats left""}",2026-09-04T04:45:00+00:00
1291,15,2,Air India,AI315,2026-09-04T08:35:00+00:00,2026-10-04,11:20:00,30,T+30,economy,flexi,0,2 seats left,11053.73,8957.18,282.89,1470.19,343.47,,INR,observed,synthetic,"{""fare_text"":""\u20b911,053.73"",""source"":2,""route"":15,""scraped"":""2026-09-04T08:35:00+00:00"",""currency_seen"":""INR"",""availability"":""2 seats left""}",2026-09-04T08:35:00+00:00
1292,15,3,Akasa Air,QP202,2026-09-04T05:15:00+00:00,2026-10-04,20:45:00,30,T+30,economy,refundable,0,Available,9283.79,7145.17,612.73,1302.21,223.68,,₹,observed,synthetic,"{""fare_text"":""\u20b99,283.79"",""source"":3,""route"":15,""scraped"":""2026-09-04T05:15:00+00:00"",""currency_seen"":""\u20b9"",""availability"":""Available""}",2026-09-04T05:15:00+00:00
1293,15,4,IndiGo,6E203,2026-09-04T04:00:00+00:00,2026-10-04,11:20:00,30,T+30,economy,,1,9 seats left,8476.85,5882.47,654.26,1354.31,250.16,335.65,INR,observed,synthetic,"{""fare_text"":""\u20b98,476.85"",""source"":4,""route"":15,""scraped"":""2026-09-04T04:00:00+00:00"",""currency_seen"":""INR"",""availability"":""9 seats left""}",2026-09-04T04:00:00+00:00
1294,15,3,Akasa Air,QP202,2026-08-20T10:50:00+00:00,2026-10-04,08:40:00,45,T+45,economy,flexi,0,9 seats left,8286.33,6631.11,274.88,1178.75,,,INR,observed,synthetic,"{""fare_text"":""\u20b98,286.33"",""source"":3,""route"":15,""scraped"":""2026-08-20T10:50:00+00:00"",""currency_seen"":""INR"",""availability"":""9 seats left""}",2026-08-20T10:50:00+00:00
1295,15,4,IndiGo,6E315,2026-08-20T06:35:00+00:00,2026-10-04,06:15:00,45,T+45,economy,refundable,0,5 seats left,8489.08,5915.68,748.82,1322.98,225.71,275.89,INR,observed,synthetic,"{""fare_text"":""\u20b98,489.08"",""source"":4,""route"":15,""scraped"":""2026-08-20T06:35:00+00:00"",""currency_seen"":""INR"",""availability"":""5 seats left""}",2026-08-20T06:35:00+00:00
1296,15,6,IndiGo,6E101,2026-08-20T11:15:00+00:00,2026-10-04,08:40:00,45,T+45,economy,refundable,3,2 seats left,8380.55,6134.31,,,296.94,332.82,INR,observed,synthetic,"{""fare_text"":""\u20b98,380.55"",""source"":6,""route"":15,""scraped"":""2026-08-20T11:15:00+00:00"",""currency_seen"":""INR"",""availability"":""2 seats left""}",2026-08-20T11:15:00+00:00
1297,1,4,IndiGo,6E101,2026-09-14T05:00:00+00:00,2026-09-20,08:40:00,6,other,economy,saver,0,3 seats left,7999.0,5200.0,500.0,1100.0,300.0,199.0,INR,observed,synthetic,"{""fare_text"":""₹7,999"",""cross_source_test"":true}",2026-09-14T05:00:00+00:00
1298,1,1,INDIGO,6E101,2026-09-14T05:02:00+00:00,2026-09-20,08:40:00,6,other,Economy,Saver,0,3 seats left,6210.0,5200.0,500.0,1100.0,300.0,,INR,observed,synthetic,"{""fare_text"":""₹6,210"",""cross_source_test"":true}",2026-09-14T05:02:00+00:00
